-- MySQL dump 10.13  Distrib 5.5.34, for debian-linux-gnu (x86_64)
--
-- Host: localhost    Database: lucycontento
-- ------------------------------------------------------
-- Server version	5.5.34-0ubuntu0.12.04.1

/*!40101 SET @OLD_CHARACTER_SET_CLIENT=@@CHARACTER_SET_CLIENT */;
/*!40101 SET @OLD_CHARACTER_SET_RESULTS=@@CHARACTER_SET_RESULTS */;
/*!40101 SET @OLD_COLLATION_CONNECTION=@@COLLATION_CONNECTION */;
/*!40101 SET NAMES utf8 */;
/*!40103 SET @OLD_TIME_ZONE=@@TIME_ZONE */;
/*!40103 SET TIME_ZONE='+00:00' */;
/*!40014 SET @OLD_UNIQUE_CHECKS=@@UNIQUE_CHECKS, UNIQUE_CHECKS=0 */;
/*!40014 SET @OLD_FOREIGN_KEY_CHECKS=@@FOREIGN_KEY_CHECKS, FOREIGN_KEY_CHECKS=0 */;
/*!40101 SET @OLD_SQL_MODE=@@SQL_MODE, SQL_MODE='NO_AUTO_VALUE_ON_ZERO' */;
/*!40111 SET @OLD_SQL_NOTES=@@SQL_NOTES, SQL_NOTES=0 */;

--
-- Table structure for table `auth_group`
--

DROP TABLE IF EXISTS `auth_group`;
/*!40101 SET @saved_cs_client     = @@character_set_client */;
/*!40101 SET character_set_client = utf8 */;
CREATE TABLE `auth_group` (
  `id` int(11) NOT NULL AUTO_INCREMENT,
  `name` varchar(80) NOT NULL,
  PRIMARY KEY (`id`),
  UNIQUE KEY `name` (`name`)
) ENGINE=InnoDB AUTO_INCREMENT=2 DEFAULT CHARSET=latin1;
/*!40101 SET character_set_client = @saved_cs_client */;

--
-- Dumping data for table `auth_group`
--

LOCK TABLES `auth_group` WRITE;
/*!40000 ALTER TABLE `auth_group` DISABLE KEYS */;
INSERT INTO `auth_group` VALUES (1,'Administradores');
/*!40000 ALTER TABLE `auth_group` ENABLE KEYS */;
UNLOCK TABLES;

--
-- Table structure for table `auth_group_permissions`
--

DROP TABLE IF EXISTS `auth_group_permissions`;
/*!40101 SET @saved_cs_client     = @@character_set_client */;
/*!40101 SET character_set_client = utf8 */;
CREATE TABLE `auth_group_permissions` (
  `id` int(11) NOT NULL AUTO_INCREMENT,
  `group_id` int(11) NOT NULL,
  `permission_id` int(11) NOT NULL,
  PRIMARY KEY (`id`),
  UNIQUE KEY `group_id` (`group_id`,`permission_id`),
  KEY `auth_group_permissions_5f412f9a` (`group_id`),
  KEY `auth_group_permissions_83d7f98b` (`permission_id`),
  CONSTRAINT `group_id_refs_id_f4b32aac` FOREIGN KEY (`group_id`) REFERENCES `auth_group` (`id`),
  CONSTRAINT `permission_id_refs_id_6ba0f519` FOREIGN KEY (`permission_id`) REFERENCES `auth_permission` (`id`)
) ENGINE=InnoDB AUTO_INCREMENT=44 DEFAULT CHARSET=latin1;
/*!40101 SET character_set_client = @saved_cs_client */;

--
-- Dumping data for table `auth_group_permissions`
--

LOCK TABLES `auth_group_permissions` WRITE;
/*!40000 ALTER TABLE `auth_group_permissions` DISABLE KEYS */;
INSERT INTO `auth_group_permissions` VALUES (37,1,22),(38,1,23),(39,1,25),(40,1,26),(41,1,28),(42,1,29),(43,1,31),(32,1,32),(33,1,34),(34,1,35),(35,1,37),(36,1,38);
/*!40000 ALTER TABLE `auth_group_permissions` ENABLE KEYS */;
UNLOCK TABLES;

--
-- Table structure for table `auth_permission`
--

DROP TABLE IF EXISTS `auth_permission`;
/*!40101 SET @saved_cs_client     = @@character_set_client */;
/*!40101 SET character_set_client = utf8 */;
CREATE TABLE `auth_permission` (
  `id` int(11) NOT NULL AUTO_INCREMENT,
  `name` varchar(50) NOT NULL,
  `content_type_id` int(11) NOT NULL,
  `codename` varchar(100) NOT NULL,
  PRIMARY KEY (`id`),
  UNIQUE KEY `content_type_id` (`content_type_id`,`codename`),
  KEY `auth_permission_37ef4eb4` (`content_type_id`),
  CONSTRAINT `content_type_id_refs_id_d043b34a` FOREIGN KEY (`content_type_id`) REFERENCES `django_content_type` (`id`)
) ENGINE=InnoDB AUTO_INCREMENT=43 DEFAULT CHARSET=latin1;
/*!40101 SET character_set_client = @saved_cs_client */;

--
-- Dumping data for table `auth_permission`
--

LOCK TABLES `auth_permission` WRITE;
/*!40000 ALTER TABLE `auth_permission` DISABLE KEYS */;
INSERT INTO `auth_permission` VALUES (1,'Can add log entry',1,'add_logentry'),(2,'Can change log entry',1,'change_logentry'),(3,'Can delete log entry',1,'delete_logentry'),(4,'Can add permission',2,'add_permission'),(5,'Can change permission',2,'change_permission'),(6,'Can delete permission',2,'delete_permission'),(7,'Can add group',3,'add_group'),(8,'Can change group',3,'change_group'),(9,'Can delete group',3,'delete_group'),(10,'Can add user',4,'add_user'),(11,'Can change user',4,'change_user'),(12,'Can delete user',4,'delete_user'),(13,'Can add content type',5,'add_contenttype'),(14,'Can change content type',5,'change_contenttype'),(15,'Can delete content type',5,'delete_contenttype'),(16,'Can add session',6,'add_session'),(17,'Can change session',6,'change_session'),(18,'Can delete session',6,'delete_session'),(19,'Can add ciudad',7,'add_ciudad'),(20,'Can change ciudad',7,'change_ciudad'),(21,'Can delete ciudad',7,'delete_ciudad'),(22,'Can add barrio',8,'add_barrio'),(23,'Can change barrio',8,'change_barrio'),(24,'Can delete barrio',8,'delete_barrio'),(25,'Can add coordinador',9,'add_coordinador'),(26,'Can change coordinador',9,'change_coordinador'),(27,'Can delete coordinador',9,'delete_coordinador'),(28,'Can add lider',10,'add_lider'),(29,'Can change lider',10,'change_lider'),(30,'Can delete lider',10,'delete_lider'),(31,'Can add votante',11,'add_votante'),(32,'Can change votante',11,'change_votante'),(33,'Can delete votante',11,'delete_votante'),(34,'Can add puesto',12,'add_puesto'),(35,'Can change puesto',12,'change_puesto'),(36,'Can delete puesto',12,'delete_puesto'),(37,'Can add cabeza_de_grupo',13,'add_cabeza_de_grupo'),(38,'Can change cabeza_de_grupo',13,'change_cabeza_de_grupo'),(39,'Can delete cabeza_de_grupo',13,'delete_cabeza_de_grupo'),(40,'Can add migration history',14,'add_migrationhistory'),(41,'Can change migration history',14,'change_migrationhistory'),(42,'Can delete migration history',14,'delete_migrationhistory');
/*!40000 ALTER TABLE `auth_permission` ENABLE KEYS */;
UNLOCK TABLES;

--
-- Table structure for table `auth_user`
--

DROP TABLE IF EXISTS `auth_user`;
/*!40101 SET @saved_cs_client     = @@character_set_client */;
/*!40101 SET character_set_client = utf8 */;
CREATE TABLE `auth_user` (
  `id` int(11) NOT NULL AUTO_INCREMENT,
  `password` varchar(128) NOT NULL,
  `last_login` datetime NOT NULL,
  `is_superuser` tinyint(1) NOT NULL,
  `username` varchar(30) NOT NULL,
  `first_name` varchar(30) NOT NULL,
  `last_name` varchar(30) NOT NULL,
  `email` varchar(75) NOT NULL,
  `is_staff` tinyint(1) NOT NULL,
  `is_active` tinyint(1) NOT NULL,
  `date_joined` datetime NOT NULL,
  PRIMARY KEY (`id`),
  UNIQUE KEY `username` (`username`)
) ENGINE=InnoDB AUTO_INCREMENT=6 DEFAULT CHARSET=latin1;
/*!40101 SET character_set_client = @saved_cs_client */;

--
-- Dumping data for table `auth_user`
--

LOCK TABLES `auth_user` WRITE;
/*!40000 ALTER TABLE `auth_user` DISABLE KEYS */;
INSERT INTO `auth_user` VALUES (1,'pbkdf2_sha256$12000$rE0WMUDOzH7d$8iHhVEj+1+k9kPBtETHOlbWlvGPQQzYSpF/F34+QUI4=','2014-01-18 16:45:26',1,'admin','','','josealvarez712@gmail.com',1,1,'2014-01-11 17:27:19'),(2,'pbkdf2_sha256$12000$1bPOEBQc3sAf$i1Rm1O8Pq+K0Xk/2ABap3YJ54GHTbvI+dWsUbl5Bf88=','2014-01-16 04:34:49',0,'andrestntx','Andrés','Pinzón','andresmaopinzon@gmail.com',1,1,'2014-01-12 20:57:19'),(3,'pbkdf2_sha256$12000$wM04mrSQWQbX$76xBiLrR4d8btRcIbyRZvT72LhNC3+zSlYnXW4KcsbM=','2014-01-18 16:05:46',0,'Maritza','Maritza','Ariza','hmaritzaas@hotmail.com',1,1,'2014-01-14 13:33:15'),(4,'pbkdf2_sha256$12000$zy99WEW23DKn$9m428+T3HfE5uS2gLOCiXUtpPTsM5/8hOvuDdNrlhQk=','2014-01-18 16:53:23',0,'Jenny','Jenny Maritza','','Jenny.bayona.h@gmail.com',1,1,'2014-01-14 22:20:03'),(5,'pbkdf2_sha256$12000$vGriozBvDJZz$HRKBFOY8Gh8uRCK7nOsrRLr59FifjIgwsTcnmLFJCuk=','2014-01-16 14:40:13',0,'Nagdale','Nagdale','Amaya','nagdale67@hotmail.com',1,1,'2014-01-15 13:54:55');
/*!40000 ALTER TABLE `auth_user` ENABLE KEYS */;
UNLOCK TABLES;

--
-- Table structure for table `auth_user_groups`
--

DROP TABLE IF EXISTS `auth_user_groups`;
/*!40101 SET @saved_cs_client     = @@character_set_client */;
/*!40101 SET character_set_client = utf8 */;
CREATE TABLE `auth_user_groups` (
  `id` int(11) NOT NULL AUTO_INCREMENT,
  `user_id` int(11) NOT NULL,
  `group_id` int(11) NOT NULL,
  PRIMARY KEY (`id`),
  UNIQUE KEY `user_id` (`user_id`,`group_id`),
  KEY `auth_user_groups_6340c63c` (`user_id`),
  KEY `auth_user_groups_5f412f9a` (`group_id`),
  CONSTRAINT `user_id_refs_id_40c41112` FOREIGN KEY (`user_id`) REFERENCES `auth_user` (`id`),
  CONSTRAINT `group_id_refs_id_274b862c` FOREIGN KEY (`group_id`) REFERENCES `auth_group` (`id`)
) ENGINE=InnoDB AUTO_INCREMENT=5 DEFAULT CHARSET=latin1;
/*!40101 SET character_set_client = @saved_cs_client */;

--
-- Dumping data for table `auth_user_groups`
--

LOCK TABLES `auth_user_groups` WRITE;
/*!40000 ALTER TABLE `auth_user_groups` DISABLE KEYS */;
INSERT INTO `auth_user_groups` VALUES (1,2,1),(2,3,1),(3,4,1),(4,5,1);
/*!40000 ALTER TABLE `auth_user_groups` ENABLE KEYS */;
UNLOCK TABLES;

--
-- Table structure for table `auth_user_user_permissions`
--

DROP TABLE IF EXISTS `auth_user_user_permissions`;
/*!40101 SET @saved_cs_client     = @@character_set_client */;
/*!40101 SET character_set_client = utf8 */;
CREATE TABLE `auth_user_user_permissions` (
  `id` int(11) NOT NULL AUTO_INCREMENT,
  `user_id` int(11) NOT NULL,
  `permission_id` int(11) NOT NULL,
  PRIMARY KEY (`id`),
  UNIQUE KEY `user_id` (`user_id`,`permission_id`),
  KEY `auth_user_user_permissions_6340c63c` (`user_id`),
  KEY `auth_user_user_permissions_83d7f98b` (`permission_id`),
  CONSTRAINT `user_id_refs_id_4dc23c39` FOREIGN KEY (`user_id`) REFERENCES `auth_user` (`id`),
  CONSTRAINT `permission_id_refs_id_35d9ac25` FOREIGN KEY (`permission_id`) REFERENCES `auth_permission` (`id`)
) ENGINE=InnoDB DEFAULT CHARSET=latin1;
/*!40101 SET character_set_client = @saved_cs_client */;

--
-- Dumping data for table `auth_user_user_permissions`
--

LOCK TABLES `auth_user_user_permissions` WRITE;
/*!40000 ALTER TABLE `auth_user_user_permissions` DISABLE KEYS */;
/*!40000 ALTER TABLE `auth_user_user_permissions` ENABLE KEYS */;
UNLOCK TABLES;

--
-- Table structure for table `django_admin_log`
--

DROP TABLE IF EXISTS `django_admin_log`;
/*!40101 SET @saved_cs_client     = @@character_set_client */;
/*!40101 SET character_set_client = utf8 */;
CREATE TABLE `django_admin_log` (
  `id` int(11) NOT NULL AUTO_INCREMENT,
  `action_time` datetime NOT NULL,
  `user_id` int(11) NOT NULL,
  `content_type_id` int(11) DEFAULT NULL,
  `object_id` longtext,
  `object_repr` varchar(200) NOT NULL,
  `action_flag` smallint(5) unsigned NOT NULL,
  `change_message` longtext NOT NULL,
  PRIMARY KEY (`id`),
  KEY `django_admin_log_6340c63c` (`user_id`),
  KEY `django_admin_log_37ef4eb4` (`content_type_id`),
  CONSTRAINT `content_type_id_refs_id_93d2d1f8` FOREIGN KEY (`content_type_id`) REFERENCES `django_content_type` (`id`),
  CONSTRAINT `user_id_refs_id_c0d12874` FOREIGN KEY (`user_id`) REFERENCES `auth_user` (`id`)
) ENGINE=InnoDB AUTO_INCREMENT=1822 DEFAULT CHARSET=latin1;
/*!40101 SET character_set_client = @saved_cs_client */;

--
-- Dumping data for table `django_admin_log`
--

LOCK TABLES `django_admin_log` WRITE;
/*!40000 ALTER TABLE `django_admin_log` DISABLE KEYS */;
INSERT INTO `django_admin_log` VALUES (1,'2014-01-12 20:51:12',1,9,'1','Perenceno',1,''),(2,'2014-01-12 20:51:43',1,9,'1','Perenceno',2,'Añadido/a \"Brayan Arias\" lider. Añadido/a \"Jose Alvarez\" lider.'),(3,'2014-01-12 20:53:56',1,11,'1','Jose Alvarez',1,''),(4,'2014-01-12 20:56:28',1,3,'1','Administradores',1,''),(5,'2014-01-12 20:57:19',1,4,'2','andrestntx',1,''),(6,'2014-01-12 20:57:42',1,4,'2','andrestntx',2,'Modificado/a first_name, last_name, email, is_staff y groups.'),(7,'2014-01-12 21:03:40',1,11,'1','Jose Alvarez',2,'Modificado/a barrio.'),(8,'2014-01-12 21:04:15',1,11,'1','Jose Alvarez',2,'Modificado/a barrio.'),(9,'2014-01-12 22:11:09',2,9,'1','Coordinador Ejemplo ',1,''),(10,'2014-01-12 22:12:32',2,10,'2','Lider2 Ejemplo',1,''),(11,'2014-01-12 22:29:29',1,3,'1','Administradores',2,'Modificado/a permissions.'),(12,'2014-01-12 22:31:07',1,3,'1','Administradores',2,'Modificado/a permissions.'),(13,'2014-01-12 22:35:55',2,11,'1','Andrés Mauricio Pinzón',1,''),(14,'2014-01-13 03:24:56',2,11,'2','Elkin Contento',1,''),(15,'2014-01-14 03:31:39',2,11,'3','Mario Pinzon',1,''),(16,'2014-01-14 03:33:03',2,11,'4','Leidy',1,''),(17,'2014-01-14 13:31:47',1,11,'4','Leidy',3,''),(18,'2014-01-14 13:31:47',1,11,'3','Mario Pinzon',3,''),(19,'2014-01-14 13:31:47',1,11,'2','Elkin Contento',3,''),(20,'2014-01-14 13:31:47',1,11,'1','Andrés Mauricio Pinzón',3,''),(21,'2014-01-14 13:32:11',1,10,'2','Lider2 Ejemplo',3,''),(22,'2014-01-14 13:32:11',1,10,'1','Lider 1 Ejemplo',3,''),(23,'2014-01-14 13:33:15',1,4,'3','Maritza',1,''),(24,'2014-01-14 13:34:58',1,4,'3','Maritza',2,'Modificado/a first_name, last_name, email, is_staff y groups.'),(25,'2014-01-14 13:36:39',1,9,'1','Coordinador Ejemplo ',3,''),(26,'2014-01-14 13:56:26',3,9,'2','Ivan Martinez',1,''),(27,'2014-01-14 13:57:00',3,9,'3','Dora Galvis',1,''),(28,'2014-01-14 16:33:57',1,3,'1','Administradores',2,'Modificado/a permissions.'),(29,'2014-01-14 16:50:32',3,9,'1','Fabian Sanz',1,''),(30,'2014-01-14 17:17:18',1,3,'1','Administradores',2,'Modificado/a permissions.'),(31,'2014-01-14 17:18:51',3,13,'1','Lideres Solos',1,''),(32,'2014-01-14 17:20:32',1,13,'1','Lideres Solos',3,''),(33,'2014-01-14 17:31:36',1,12,'234','Indefinido',1,''),(34,'2014-01-14 17:34:38',1,13,'2','Lideres Solos',1,''),(35,'2014-01-14 17:44:19',1,10,'1','EDUARDO HERNANDEZ CALDERON',1,''),(36,'2014-01-14 17:49:47',1,13,'3','ANA MILENA VIVAS',1,''),(37,'2014-01-14 17:50:33',1,10,'2','SAYLI JESSENIA GUTIERREZ MUÑOZ',1,''),(38,'2014-01-14 17:53:03',1,11,'1','Andres Mauricio Pinzon',1,''),(39,'2014-01-14 17:53:37',1,11,'1','Andres Mauricio Pinzon',2,'Modificado/a verificado.'),(40,'2014-01-14 19:25:52',3,10,'3','LUPERLY CABRERA OCHOA ',1,''),(41,'2014-01-14 19:26:34',3,10,'4','EVA INDIRA LEON JARA ',1,''),(42,'2014-01-14 19:29:35',3,10,'5','YOLANDA YANEL ZAMORA ',1,''),(43,'2014-01-14 19:30:20',3,10,'6','MARIA HELENA REY MICAN ',1,''),(44,'2014-01-14 19:30:55',3,10,'7','JUAN MIGUEL PRIETO GUTIERREZ ',1,''),(45,'2014-01-14 19:34:06',3,10,'8','SUGEY MARTINEZ CASTAÑO',1,''),(46,'2014-01-14 19:34:44',3,10,'9','ARSENIO RODRIGUEZ SOSA',1,''),(47,'2014-01-14 19:35:18',3,10,'10','MARTHA PATRICIA ARANGUREN',1,''),(48,'2014-01-14 19:35:56',3,10,'11','EDILBERTO SANCHEZ YUSTIv',1,''),(49,'2014-01-14 19:36:57',3,10,'12','DANIEL MADRID REYES',1,''),(50,'2014-01-14 19:37:45',3,10,'13','ARIEL VASQUEZ CONTRERAS',1,''),(51,'2014-01-14 19:38:14',3,10,'14','ELIZABETH SANCHEZ CARVAJAL',1,''),(52,'2014-01-14 19:38:49',3,10,'15','MARIA EDITH AGUDELO',1,''),(53,'2014-01-14 19:39:18',3,10,'16','NUBIA LEON ',1,''),(54,'2014-01-14 19:41:34',3,10,'17','ANDREA MARITZA FORRERO CASTELLANOS ',1,''),(55,'2014-01-14 19:42:02',3,10,'18','OSVALDO ANTOIO MENDEZ',1,''),(56,'2014-01-14 19:43:10',3,10,'19','YOSIANY FERRER ROMERO',1,''),(57,'2014-01-14 19:43:40',3,10,'20','JHON ALIDER BANEGAS',1,''),(58,'2014-01-14 19:44:08',3,10,'21','LUZ MARINA URREGO ',1,''),(59,'2014-01-14 19:45:12',3,10,'22','SULEY ANDREA SALAZAR',1,''),(60,'2014-01-14 19:54:22',3,10,'23','AIDE URREGO ',1,''),(61,'2014-01-14 19:54:47',3,10,'24','YURANY ANDREA RICAUTE PAEZ',1,''),(62,'2014-01-14 19:58:13',3,10,'25','MARTHA CECILIA BAQUERO CORTES',1,''),(63,'2014-01-14 19:58:46',3,10,'26','CARLOS ANDRES BELTRAN',1,''),(64,'2014-01-14 20:00:23',3,10,'27','MONICA LILIANA CORTES BAQUERO',1,''),(65,'2014-01-14 20:00:50',3,10,'28','LINDA MAGALY ARANGURE',1,''),(66,'2014-01-14 20:01:14',3,10,'29','JANSH BAIRON ANGARITA',1,''),(67,'2014-01-14 20:07:39',3,13,'4','ORLANDO ACERO DUARTE',1,''),(68,'2014-01-14 20:09:02',3,10,'30','YAMILE TORRES BETANCOURTH',1,''),(69,'2014-01-14 20:10:05',3,10,'31','JESSICA KARIME MUÑOZ',1,''),(70,'2014-01-14 20:10:31',3,10,'32','ORFA BLANDON G.',1,''),(71,'2014-01-14 20:10:51',3,10,'33','ERENILDA  BETANCOUR',1,''),(72,'2014-01-14 20:11:48',3,10,'34','JOSE DEL CARMEN RAMIREZ',1,''),(73,'2014-01-14 20:12:11',3,10,'35','ALFONSO ROMERO',1,''),(74,'2014-01-14 20:12:39',3,10,'36','DEYSI JULIETH TORRES',1,''),(75,'2014-01-14 20:13:03',3,10,'37','NANCY PAOLA ACERO',1,''),(76,'2014-01-14 20:15:04',3,13,'5','NIDIA CASTRO',1,''),(77,'2014-01-14 20:16:05',3,10,'38','EDISON GUEVARA',1,''),(78,'2014-01-14 20:16:30',3,10,'39','MIRIAM BERMUDEZ',1,''),(79,'2014-01-14 20:16:52',3,10,'40','SINDY QUINTERO',1,''),(80,'2014-01-14 20:17:21',3,10,'41','YOLANDA FERNANDEZ',1,''),(81,'2014-01-14 20:17:44',3,10,'42','KAROL JIMENEZ',1,''),(82,'2014-01-14 20:18:17',3,10,'43','BLANCA NEIRA',1,''),(83,'2014-01-14 20:18:53',3,10,'44','CLARA PEÑA',1,''),(84,'2014-01-14 20:20:18',3,10,'45','MARIA DEL CARMEN MENDEZ',1,''),(85,'2014-01-14 20:23:40',3,13,'6','ALFONSO NOVOA',1,''),(86,'2014-01-14 20:24:24',3,10,'46','NELCY LINDA CARDENAS DUSSAN',1,''),(87,'2014-01-14 20:25:03',3,10,'47','MARIA DEL TRANSITO BOHORQUEZ CALDERON',1,''),(88,'2014-01-14 20:25:26',3,10,'48','GLADYS AMANDA REY BARRERA',1,''),(89,'2014-01-14 20:25:42',3,10,'49','MARIELA BELTRAN CERINZA',1,''),(90,'2014-01-14 20:26:03',3,10,'50','BLANCA IRENE DUSSAN DE CARDENAS',1,''),(91,'2014-01-14 20:26:27',3,10,'51','JUAN CARLOS CASTELLANOS',1,''),(92,'2014-01-14 20:27:08',3,10,'52','ALEX RUA',1,''),(93,'2014-01-14 20:30:47',3,13,'7','ALCIRA RAMIREZ',1,''),(94,'2014-01-14 20:31:29',3,13,'7','ALCIRA RAMIREZ',2,'No ha cambiado ningún campo.'),(95,'2014-01-14 20:32:27',3,13,'8','YULY PAOLA MOLINA',1,''),(96,'2014-01-14 20:33:12',3,10,'53','ANGELA BARRETO',1,''),(97,'2014-01-14 20:33:33',3,10,'54','YAMILE CHAMBO',1,''),(98,'2014-01-14 20:33:57',3,10,'55','WILINTON RUIZ LOPEZ',1,''),(99,'2014-01-14 20:34:25',3,10,'56','RAMIRO ALFONSO BAQUERO',1,''),(100,'2014-01-14 20:35:04',3,10,'57','ROCIO OJEDA',1,''),(101,'2014-01-14 20:35:38',3,10,'58','MARYURI LILIANA MENDOZA MUÑOS',1,''),(102,'2014-01-14 20:36:13',3,10,'59','SANDRA PATRICIA TRONCOSO',1,''),(103,'2014-01-14 20:36:34',3,10,'60','DORA NELLY HERNANDEZ',1,''),(104,'2014-01-14 20:37:03',3,10,'61','NARDA RUIZ',1,''),(105,'2014-01-14 20:37:34',3,10,'62','LUZ MILLA HERNANDEZ',1,''),(106,'2014-01-14 20:37:54',3,10,'63','LUZ DARY ALVAREZ',1,''),(107,'2014-01-14 20:38:31',3,10,'64','NORMA CONSTANZA PARRADO LOPEZ',1,''),(108,'2014-01-14 20:39:48',3,10,'65','NORIA HERNANDEZ',1,''),(109,'2014-01-14 20:40:15',3,10,'66','LINEY GUEVARA OSMOS',1,''),(110,'2014-01-14 20:40:40',3,10,'67','MARIA MAGOLA SOSA',1,''),(111,'2014-01-14 20:41:23',3,10,'68','ESTHER JIMENEZ',1,''),(112,'2014-01-14 20:42:02',3,10,'69','ELISABETH SANCHEZ',1,''),(113,'2014-01-14 20:44:15',3,10,'70','SAURO ANDRES GUZMAN RAMIREZ',1,''),(114,'2014-01-14 20:44:39',3,10,'71','HASBLEIDY GARCIA OSPINA',1,''),(115,'2014-01-14 20:45:02',3,10,'72','LUZ EIDY CANDELO JARAMILLO',1,''),(116,'2014-01-14 20:47:19',3,10,'73','GERMAN DAVID GUZMAN GOMEZ',1,''),(117,'2014-01-14 20:48:05',3,10,'74','MARIA OTILIA  LARA VILLALOBOS',1,''),(118,'2014-01-14 20:48:33',3,10,'75','GLORIA GOMEZ',1,''),(119,'2014-01-14 20:49:08',3,10,'76','MARTHA OSPINA TORO',1,''),(120,'2014-01-14 20:49:37',3,10,'77','JOHANA ANDREA DUCUARA',1,''),(121,'2014-01-14 20:51:01',3,13,'9','JHON FERNANDO VELA DIAZ',1,''),(122,'2014-01-14 20:51:35',3,10,'78','LEIDY PAOLA PEREZ ',1,''),(123,'2014-01-14 20:51:52',3,10,'79','JORGE ENRIQUE MONTOYA',1,''),(124,'2014-01-14 20:53:33',3,10,'80','CARLOS ARTURO HERNANDEZ ',1,''),(125,'2014-01-14 20:55:28',3,13,'10','LUZ GLADYS CORREA',1,''),(126,'2014-01-14 20:56:56',3,10,'81','MARLENE TOVAR GUTIERREZ',1,''),(127,'2014-01-14 20:57:26',3,10,'82','SANDRA MILENA MARTINEZ MORENO',1,''),(128,'2014-01-14 20:58:25',3,10,'83','ELOISA  ZAMORA EULEGELO',1,''),(129,'2014-01-14 21:03:32',3,13,'11','ROSALBA PARRADO',1,''),(130,'2014-01-14 21:04:12',3,10,'84','FLOR GUZMAN',1,''),(131,'2014-01-14 21:04:47',3,10,'85','LEYDY  CHINGATE ',1,''),(132,'2014-01-14 21:05:20',3,10,'86','NOHEMY JAIMES',1,''),(133,'2014-01-14 21:05:58',3,10,'87','BLANCA  CABRERA ',1,''),(134,'2014-01-14 21:06:47',3,10,'88','PAOLA  AROCA ',1,''),(135,'2014-01-14 21:07:42',3,10,'89','JAZMIN PRIETO ',1,''),(136,'2014-01-14 21:09:02',3,10,'90','NORALDA SUAREZ  VEZGA ',1,''),(137,'2014-01-14 21:10:52',3,10,'91','NORA PARRADO ',1,''),(138,'2014-01-14 21:11:19',3,10,'92','ESTER SEGURA ',1,''),(139,'2014-01-14 21:11:58',3,10,'93','MARINA SEGURA ',1,''),(140,'2014-01-14 21:12:20',3,10,'94','NIDIA ALVARADO CAPELLA',1,''),(141,'2014-01-14 21:12:41',3,10,'95','MARINA LEON ',1,''),(142,'2014-01-14 21:13:06',3,10,'96','MONICA PRIETO ',1,''),(143,'2014-01-14 21:13:35',3,10,'97','MARIA INEZ LEON ',1,''),(144,'2014-01-14 21:13:59',3,10,'98','NELY ROCHA ',1,''),(145,'2014-01-14 21:14:24',3,10,'99','MARCELA CERNA HERNANDEZ',1,''),(146,'2014-01-14 21:15:35',3,10,'100','JESSICA VANESA LINAREZ',1,''),(147,'2014-01-14 21:20:57',3,13,'12','NINFA BRIGUI ROJAS VILLAR',1,''),(148,'2014-01-14 21:21:34',3,10,'101','NINFA BRIGUI ROJAS VILLAR',1,''),(149,'2014-01-14 21:29:17',3,10,'102','LIZ ERICA CELY LEON',1,''),(150,'2014-01-14 21:29:46',3,10,'103','YUREIDY LADINO',1,''),(151,'2014-01-14 21:30:12',3,10,'104','LUZ DARY RODRIGUEZ',1,''),(152,'2014-01-14 21:30:38',3,10,'105','CLAUDIA PATRICIA SANCHEZ',1,''),(153,'2014-01-14 21:31:07',3,10,'106','BRIGGIT JULIETH CASTRO',1,''),(154,'2014-01-14 21:31:34',3,10,'107','MARTHA TAUTIVA ',1,''),(155,'2014-01-14 21:32:01',3,10,'108','SANDRA PATRICIA GARCIA',1,''),(156,'2014-01-14 21:32:23',3,10,'109','MARIA BELEN GARCIA',1,''),(157,'2014-01-14 21:32:49',3,10,'110','MARIA LAURA NIETO PATARROYO',1,''),(158,'2014-01-14 21:33:43',3,10,'111','BETURIA PARRA ',1,''),(159,'2014-01-14 21:34:08',3,10,'112','SANDRA MILANO ',1,''),(160,'2014-01-14 21:34:32',3,10,'113','SULEIDA SANCHEZ JIMENEZ ',1,''),(161,'2014-01-14 21:34:53',3,10,'114','NUBIA TERESA ROJAS VILLAR',1,''),(162,'2014-01-14 21:38:12',3,13,'13','MARISOL RUBIANO CASAS',1,''),(163,'2014-01-14 21:39:27',3,10,'115','EUCARIS SOLER ',1,''),(164,'2014-01-14 21:41:17',3,13,'14','URBANO MARTIN',1,''),(165,'2014-01-14 21:41:40',3,10,'115','EUCARIS SOLER ',2,'Modificado/a cabeza_de_grupo.'),(166,'2014-01-14 21:42:21',3,10,'116','BERTHA CASAS',1,''),(167,'2014-01-14 21:42:44',3,10,'117','KATERINE GOMEZ',1,''),(168,'2014-01-14 21:43:05',3,10,'118','JAQUELINE RUBIANO',1,''),(169,'2014-01-14 21:43:33',3,10,'119','ARELIX CASTILLO',1,''),(170,'2014-01-14 21:44:02',3,10,'120','OLIVA TURRIAGO',1,''),(171,'2014-01-14 21:44:35',3,10,'121','JENNY MORENO',1,''),(172,'2014-01-14 21:47:43',3,10,'122','CLAUDIA VELASQUEZ',1,''),(173,'2014-01-14 21:48:10',3,10,'123','BERTHA HERNANDEZ',1,''),(174,'2014-01-14 21:48:43',3,10,'124','LUZ  IDALIA  HOLGUIN',1,''),(175,'2014-01-14 21:49:08',3,10,'125','LUZ ESTELLA FAJARDO ',1,''),(176,'2014-01-14 21:49:31',3,10,'126','NERY GONZALEZ ',1,''),(177,'2014-01-14 21:49:59',3,10,'127','MARIA DE JESUS CONZALEZ ',1,''),(178,'2014-01-14 21:50:21',3,10,'128','SANDRA PEÑA ',1,''),(179,'2014-01-14 21:50:45',3,10,'129','MARIA ELSA PUENTES',1,''),(180,'2014-01-14 21:53:07',3,13,'15','ESTRELLA HERNANDEZ',1,''),(181,'2014-01-14 21:55:42',3,10,'130','YOLANDA GARCIA ORTIZ ',1,''),(182,'2014-01-14 21:56:00',3,10,'131','YADY SAMAIDA AVELLA ',1,''),(183,'2014-01-14 21:56:47',3,10,'132','BIBIANA JASBLEIDY AVELLA',1,''),(184,'2014-01-14 21:57:08',3,10,'133','YEIMI TATIANA GARCIA',1,''),(185,'2014-01-14 21:57:41',3,10,'134','ANGI JULIETH ROZO GARCIA',1,''),(186,'2014-01-14 21:58:09',3,10,'135','MARIA RINCON SABOGAL ',1,''),(187,'2014-01-14 21:58:28',3,10,'136','CARMEN EDITH AVELLA ',1,''),(188,'2014-01-14 22:05:18',3,13,'16','sandra velasquez',1,''),(189,'2014-01-14 22:14:39',3,10,'137','ABELARDO JARA',1,''),(190,'2014-01-14 22:18:54',3,10,'138','MARIA ISABEL RODRIGUEZ',1,''),(191,'2014-01-14 22:19:54',3,13,'17','ADRIANA GOMEZ',1,''),(192,'2014-01-14 22:20:04',1,4,'4','Jenny',1,''),(193,'2014-01-14 22:20:33',3,10,'139','MARIA DEYSI CEUSBA',1,''),(194,'2014-01-14 22:20:57',3,10,'140','LUZ MARY BELTRAN ROJAS',1,''),(195,'2014-01-14 22:21:18',1,4,'4','Jenny',2,'Modificado/a first_name, email, is_staff y groups.'),(196,'2014-01-14 22:21:19',3,10,'141','LUCIA JARA',1,''),(197,'2014-01-14 22:21:22',3,10,'142','SANDRA XIMENA MORALES',1,''),(198,'2014-01-14 22:21:48',3,10,'143','GLADYS GOMEZ RAMIREZ',1,''),(199,'2014-01-14 22:22:11',3,10,'144','BETSABE DUEÑAS',1,''),(200,'2014-01-14 22:22:45',3,10,'145','LEAZON JIMENEZ',1,''),(201,'2014-01-14 22:23:19',3,10,'146','DIANA GAMEZ',1,''),(202,'2014-01-14 22:24:22',3,10,'147','JAQUELINE CORTES CHINGATE',1,''),(203,'2014-01-14 22:24:47',3,10,'148','NELBY NAVARRO  ARROYO',1,''),(204,'2014-01-14 22:25:11',3,10,'149','LUZ MARIA MINA',1,''),(205,'2014-01-14 22:26:38',3,10,'150','LAURA MARIA VILLAMIL',1,''),(206,'2014-01-14 22:26:54',3,10,'151','ROSALBA SOLANO',1,''),(207,'2014-01-14 22:27:55',3,10,'152','MARIA DEL PILAR VILLALOBOS',1,''),(208,'2014-01-14 22:28:21',3,10,'153','DEISY ESTHER VALENCIA',1,''),(209,'2014-01-14 22:28:29',3,10,'154','STEVEN MONTENEGRO',1,''),(210,'2014-01-14 22:28:48',3,10,'155','SOCORRO PEÑA ',1,''),(211,'2014-01-14 22:29:12',3,10,'156','BLANCA URREA  HERRERA',1,''),(212,'2014-01-14 22:30:39',3,10,'157','LUZ ESTELLA TUMAY PASTRANA',1,''),(213,'2014-01-14 22:32:51',3,13,'18','ALEXANDER CORDOBA',1,''),(214,'2014-01-14 22:33:19',3,10,'158','ELVIA CLAUDIA JANO CASTILLO',1,''),(215,'2014-01-14 22:33:46',3,10,'159','DANIELA ALVAREZ RODRIGUEZ',1,''),(216,'2014-01-14 22:34:08',3,10,'160','MIRIAM CIFUENTES',1,''),(217,'2014-01-14 22:34:31',3,10,'161','YERLY CATHERINE BELTRAN ROJAS',1,''),(218,'2014-01-14 22:34:53',3,10,'162','MARIA NAYIBER RODRIGUEZ',1,''),(219,'2014-01-14 22:35:24',3,10,'163','SANDRA MILENA MENDEZ RODRIGUEZ',1,''),(220,'2014-01-14 22:37:55',3,13,'19','JOSE DEL CARMEN CARO',1,''),(221,'2014-01-14 22:39:18',3,13,'20','MARIA FERNANDA ORTIZ',1,''),(222,'2014-01-14 22:39:45',3,13,'21','LUZ CRISTINA BAQUERO CASTELLANOS',1,''),(223,'2014-01-14 22:41:45',3,10,'164','LUZ CRISTINA BAQUERO CASTELLANOS',1,''),(224,'2014-01-14 22:42:23',3,10,'165','MARTHA LUCIA GIL GONZALEZ',1,''),(225,'2014-01-14 22:42:26',3,10,'166','ERIKA BARRERA',1,''),(226,'2014-01-14 22:42:47',3,10,'167','LIBIA ISABEL ORTIZ GUZMAN',1,''),(227,'2014-01-14 22:43:05',3,10,'168','CLARA CASTELLANOS',1,''),(228,'2014-01-14 22:43:28',3,10,'169','HECTOR BAQUERO',1,''),(229,'2014-01-14 22:43:49',3,10,'170','CLARA CANO',1,''),(230,'2014-01-14 22:45:43',3,10,'171','MERLY TRUJILLO',1,''),(231,'2014-01-14 22:48:25',3,10,'172','FABIOLA BARRERA',1,''),(232,'2014-01-14 22:48:33',3,13,'22','NARCISO ORTIZ LOMBANA',1,''),(233,'2014-01-14 22:49:08',3,10,'173','ASTRID ORTEGA',1,''),(234,'2014-01-14 22:49:59',3,10,'174','JOSE LUIS URBANO',1,''),(235,'2014-01-14 22:50:39',3,10,'175','AMANDA VELASQUEZ',1,''),(236,'2014-01-14 22:51:28',3,10,'176','LUZ MIRIAM MUÑOZ JARAS',1,''),(237,'2014-01-14 22:51:34',3,10,'177','CLAUDIA PATRICIA GARCIA',1,''),(238,'2014-01-14 22:51:59',3,10,'178','JOSE OSWALDO HERNANDEZ TRIANA',1,''),(239,'2014-01-14 22:52:21',3,10,'179','LUIS ANTONIO CARO',1,''),(240,'2014-01-14 22:52:24',3,10,'180','MARIA MERCEDES RODRIGUEZ',1,''),(241,'2014-01-14 22:52:47',3,10,'181','FLOR ELINDA HERRERA MARTINEZ',1,''),(242,'2014-01-14 22:53:25',3,10,'182','AIDA NELLY URBANO',1,''),(243,'2014-01-14 22:54:22',3,10,'183','FREDY CRUZ',1,''),(244,'2014-01-14 22:54:24',3,13,'23','GERMAN TOVAR',1,''),(245,'2014-01-14 22:55:23',3,10,'184','BLANCA MIRIAM ALFONSO',1,''),(246,'2014-01-14 22:55:52',3,10,'185','ADELA DOMINGUEZ',1,''),(247,'2014-01-14 22:56:13',3,10,'186','JOSE ISMAEL SACHE',1,''),(248,'2014-01-14 22:56:33',3,10,'187','MAGDALENA TORRES',1,''),(249,'2014-01-14 22:56:36',3,10,'188','MARTHA ROSALES',1,''),(250,'2014-01-14 22:58:02',3,10,'189','ALEXANDRA MARIÑO',1,''),(251,'2014-01-14 22:59:38',3,10,'190','SANDRA RODRIGUEZ',1,''),(252,'2014-01-14 23:02:27',3,10,'191','SANDRA BETANCOUR',1,''),(253,'2014-01-14 23:02:49',3,10,'192','MARGARITA PAVA',1,''),(254,'2014-01-14 23:03:12',3,10,'193','NANCY BETANCOUR',1,''),(255,'2014-01-14 23:03:31',3,10,'194','GUSTAVO SALAZAR',1,''),(256,'2014-01-14 23:03:50',3,10,'195','SONIA YANIRA CUERVO',1,''),(257,'2014-01-14 23:04:32',3,10,'196','ESTELA BERMUDEZ',1,''),(258,'2014-01-14 23:04:56',3,10,'197','YINA BERMUDEZ',1,''),(259,'2014-01-14 23:05:10',3,10,'198','NILZA MARIA LEON ',1,''),(260,'2014-01-14 23:05:22',3,10,'198','NILZA MARIA LEON ',2,'Modificado/a cabeza_de_grupo.'),(261,'2014-01-14 23:05:44',3,10,'199','MARIA INES RODRIGUEZ',1,''),(262,'2014-01-14 23:06:03',3,10,'200','JOSE FERLEY ESPINOSA',1,''),(263,'2014-01-14 23:06:28',3,10,'201','JESUS BALLESTEROS',1,''),(264,'2014-01-14 23:07:05',3,10,'202','LILIANA CIRO PARDO',1,''),(265,'2014-01-14 23:07:41',3,10,'203','DIOMIDILO SANTOS',1,''),(266,'2014-01-14 23:08:13',3,10,'204','JHOANA CARRILLO',1,''),(267,'2014-01-14 23:08:36',3,10,'205','LUIS MAHECHA URREGO',1,''),(268,'2014-01-14 23:09:05',3,10,'206','NUBIA CAPERA',1,''),(269,'2014-01-14 23:09:20',3,10,'207','YURI RIAÑO',1,''),(270,'2014-01-14 23:09:52',3,10,'208','YOLANDA CULMA',1,''),(271,'2014-01-14 23:10:19',3,10,'209','MARIELA NAVARRO',1,''),(272,'2014-01-14 23:10:53',3,10,'210','ADOLFA AROCA RICO',1,''),(273,'2014-01-14 23:11:16',3,10,'211','ANALEONOR AMAYA',1,''),(274,'2014-01-14 23:11:48',3,10,'211','ANA LEONOR AMAYA',2,'Modificado/a nombre.'),(275,'2014-01-14 23:12:14',3,10,'212','ANDREA DEL PILAR',1,''),(276,'2014-01-14 23:12:39',3,10,'213','JHON JAIME GUTIERREZ',1,''),(277,'2014-01-14 23:13:01',3,10,'214','GOMEZ ROBAYO LUIS ALBERTO',1,''),(278,'2014-01-14 23:13:28',3,10,'215','YAZMIN RODRIGUEZ',1,''),(279,'2014-01-14 23:14:02',3,10,'216','LUZ MIREYA NIÑO',1,''),(280,'2014-01-14 23:14:42',3,10,'217','ELIZABETH FISCARRIAGA',1,''),(281,'2014-01-14 23:15:11',3,10,'218','MARISOL AGUIRRE',1,''),(282,'2014-01-14 23:16:19',3,10,'219','NUBIA MORENO',1,''),(283,'2014-01-14 23:16:43',3,10,'220','PAULINA CARO',1,''),(284,'2014-01-14 23:18:02',3,10,'221','JASBLEIDI HERNANDEZ',1,''),(285,'2014-01-14 23:18:40',3,10,'222','JHON ALEXANDER LEDESMA',1,''),(286,'2014-01-14 23:19:04',3,10,'223','YORMARY HERNANDEZ',1,''),(287,'2014-01-14 23:35:40',3,13,'17','ADRIANA GOMEZ',2,'Modificado/a cedula.'),(288,'2014-01-14 23:37:02',3,13,'20','MARIA FERNANDA ORTIZ',2,'Modificado/a cedula.'),(289,'2014-01-14 23:37:46',3,13,'22','NARCISO ORTIZ LOMBANA',2,'Modificado/a cedula.'),(290,'2014-01-14 23:38:08',3,13,'23','GERMAN TOVAR',2,'Modificado/a cedula.'),(291,'2014-01-14 23:38:56',3,13,'18','ALEXANDER CORDOBA',2,'Modificado/a cedula.'),(292,'2014-01-14 23:39:18',3,13,'20','MARIA FERNANDA ORTIZ',2,'Modificado/a cedula.'),(293,'2014-01-14 23:40:16',3,13,'23','GERMAN TOVAR',2,'Modificado/a cedula.'),(294,'2014-01-14 23:40:46',3,13,'22','NARCISO ORTIZ LOMBANA',2,'Modificado/a cedula.'),(295,'2014-01-14 23:51:23',3,10,'224','ELDA JIMENEZ',1,''),(296,'2014-01-14 23:51:54',3,10,'225','MARIELINA BOLIVAR',1,''),(297,'2014-01-14 23:52:27',3,10,'226','ELIZABETH RUBIANO',1,''),(298,'2014-01-14 23:52:55',3,10,'227','MIGUEL SAENZ',1,''),(299,'2014-01-14 23:53:23',3,10,'228','YURY ESMERALDA ORTIZ',1,''),(300,'2014-01-14 23:54:04',3,10,'229','ALBA INES PINTO',1,''),(301,'2014-01-15 00:40:12',3,9,'2','FELIPE MARTINEZ',1,''),(302,'2014-01-15 00:44:57',3,9,'2','FELIPE MARTINEZ',2,'No ha cambiado ningún campo.'),(303,'2014-01-15 00:53:08',4,13,'24','HENRY GARCIA ',1,''),(304,'2014-01-15 00:55:08',3,13,'25','LUZ MARINA URREGO RODRIGUEZ',1,''),(305,'2014-01-15 00:56:14',4,10,'230','VINDA HERRERA',1,''),(306,'2014-01-15 00:57:29',4,10,'231','MARLEN MORA',1,''),(307,'2014-01-15 00:57:34',3,10,'232','ARACELIS DIAZ GONZALEZ',1,''),(308,'2014-01-15 00:58:08',4,10,'233','MARTHA JIMENEZ',1,''),(309,'2014-01-15 00:58:53',4,10,'234','MARTHA VALERA',1,''),(310,'2014-01-15 00:59:26',3,10,'235','CELMIRA  DIAZ GONZALEZ',1,''),(311,'2014-01-15 01:01:06',4,10,'236','JENNY MARQUEZ',1,''),(312,'2014-01-15 01:02:48',3,10,'237','OSCAR FERNEI RODRIGUEZ',1,''),(313,'2014-01-15 01:17:36',3,13,'26','BLANCA NIEVES  GONZALEZ HERRERA',1,''),(314,'2014-01-15 01:18:24',3,13,'26','BLANCA NIEVES  GONZALEZ HERRERA',2,'No ha cambiado ningún campo.'),(315,'2014-01-15 01:19:51',3,10,'238','INES LOAIZA ',1,''),(316,'2014-01-15 01:24:41',3,10,'239','SANDRA PATRICIA MENDEZ',1,''),(317,'2014-01-15 01:26:20',3,10,'240','LUZ MARINA CULMA',1,''),(318,'2014-01-15 01:27:58',4,10,'241','RUTH A. FRANCO',1,''),(319,'2014-01-15 01:28:12',3,10,'242','ANA MERCHAN ',1,''),(320,'2014-01-15 01:29:43',3,10,'243','DERLY HERNANDEZ ',1,''),(321,'2014-01-15 01:29:48',4,10,'244','ISLENA REY',1,''),(322,'2014-01-15 01:30:43',3,10,'245','DIANA ACOSTA ',1,''),(323,'2014-01-15 01:30:56',4,10,'246','BLANCA VILLALOBOS',1,''),(324,'2014-01-15 01:32:00',3,10,'247','HERMENCIA SOLANO',1,''),(325,'2014-01-15 01:33:26',3,10,'248','LUZ MARY HERRERA ',1,''),(326,'2014-01-15 01:34:38',4,10,'249','ROSA BELTRAN C.',1,''),(327,'2014-01-15 01:35:42',3,10,'250','SARA IRENE LOIZA',1,''),(328,'2014-01-15 01:37:09',3,10,'250','SARA IRENE  CARDONA LOIZA',2,'Modificado/a nombre.'),(329,'2014-01-15 01:37:44',4,10,'251','BENILDA BARRIOS',1,''),(330,'2014-01-15 01:37:50',3,10,'250','SARA IRENE  CARDONA LOAIZA',2,'Modificado/a nombre.'),(331,'2014-01-15 01:38:23',4,10,'252','NUBIA FLORES',1,''),(332,'2014-01-15 01:39:02',3,10,'253','JAQUELIN OLIVEROS ',1,''),(333,'2014-01-15 01:40:05',3,10,'254','LUCERO DIAZ LOZADA',1,''),(334,'2014-01-15 01:41:09',3,10,'255','ALBEIRO MARTINEZ ',1,''),(335,'2014-01-15 01:41:54',4,10,'256','SANDRA CALDERON',1,''),(336,'2014-01-15 01:43:14',3,10,'257','PATRICIA RODRIGUEZ',1,''),(337,'2014-01-15 01:53:40',4,10,'258','ROSALBA GARCIA',1,''),(338,'2014-01-15 01:54:31',4,10,'259','YOLANDA PARRA',1,''),(339,'2014-01-15 01:55:44',4,10,'260','BETTY ROMERO',1,''),(340,'2014-01-15 01:57:28',4,10,'261','WILLIAM PUENTES',1,''),(341,'2014-01-15 01:58:41',4,10,'262','LIGIA GIRALDO',1,''),(342,'2014-01-15 01:59:33',4,10,'263','YINA PALACIOS',1,''),(343,'2014-01-15 02:00:04',4,10,'264','LUZ HELENA REINA',1,''),(344,'2014-01-15 02:00:40',4,10,'265','GUILLERMO GARCIA',1,''),(345,'2014-01-15 02:01:27',4,10,'266','SORAIDA GARCIA ARIZA',1,''),(346,'2014-01-15 02:10:52',4,13,'27','SORAIDA GARCIA ARIZA',1,''),(347,'2014-01-15 02:10:59',4,10,'266','ANGELICA DIAZ CHINCHILLA',2,'Modificado/a cedula, nombre, celular y cabeza_de_grupo.'),(348,'2014-01-15 02:12:48',4,10,'266','ANGELICA DIAZ CHINCHILLA',2,'No ha cambiado ningún campo.'),(349,'2014-01-15 02:15:01',4,10,'267','VIVIANA TALLO',1,''),(350,'2014-01-15 02:15:41',4,10,'268','NURY MORENO',1,''),(351,'2014-01-15 02:17:32',4,10,'268','NURY MORENO',2,'Modificado/a cedula.'),(352,'2014-01-15 02:27:28',4,10,'269','ERIKA RODRIGUEZ ',1,''),(353,'2014-01-15 02:28:12',4,10,'270','GABRIELA ACOSTA',1,''),(354,'2014-01-15 02:29:27',4,10,'271','MERLY AGUDELO',1,''),(355,'2014-01-15 02:30:58',4,10,'272','YULY PAOLA SUTA',1,''),(356,'2014-01-15 02:32:29',4,10,'273','GLADIS CARDENAS',1,''),(357,'2014-01-15 02:33:11',4,10,'274','LUZ MAGALY ANGEL',1,''),(358,'2014-01-15 02:34:08',4,10,'275','ALBA ROCIO ANGEL',1,''),(359,'2014-01-15 02:36:16',4,10,'276','MONICA PEÑA LEMUS',1,''),(360,'2014-01-15 02:38:33',4,10,'277','ALBA EDITH JARAMILLO',1,''),(361,'2014-01-15 02:40:51',4,10,'278','ISLENA CERVERA ',1,''),(362,'2014-01-15 02:42:22',4,10,'279','ANITA RODRIGUEZ',1,''),(363,'2014-01-15 02:43:59',4,10,'280','MARINA ALEJO DE GUAVITA',1,''),(364,'2014-01-15 02:44:45',4,10,'281','SONIA DOLORES MONROY',1,''),(365,'2014-01-15 13:54:55',1,4,'5','Nagdale',1,''),(366,'2014-01-15 13:55:53',1,4,'5','Nagdale',2,'Modificado/a first_name, last_name, email, is_staff y groups.'),(367,'2014-01-15 13:57:43',1,10,'101','NINFA BRIGUI ROJAS VILLAR',3,''),(368,'2014-01-15 14:19:47',3,10,'4','EVA INDIRA LEON JARA ',2,'Modificado/a direccion.'),(369,'2014-01-15 14:20:20',3,10,'5','YOLANDA YANEL ZAMORA ',2,'Modificado/a direccion.'),(370,'2014-01-15 14:20:42',3,10,'6','MARIA HELENA REY MICAN ',2,'Modificado/a direccion.'),(371,'2014-01-15 14:21:04',3,10,'7','JUAN MIGUEL PRIETO GUTIERREZ ',2,'Modificado/a direccion.'),(372,'2014-01-15 14:21:23',3,10,'8','SUGEY MARTINEZ CASTAÑO',2,'Modificado/a direccion.'),(373,'2014-01-15 14:21:41',3,10,'9','ARSENIO RODRIGUEZ SOSA',2,'Modificado/a direccion.'),(374,'2014-01-15 14:21:59',3,10,'10','MARTHA PATRICIA ARANGUREN',2,'Modificado/a direccion.'),(375,'2014-01-15 14:22:25',3,10,'11','EDILBERTO SANCHEZ YUSTIv',2,'Modificado/a direccion.'),(376,'2014-01-15 14:22:46',3,10,'12','DANIEL MADRID REYES',2,'Modificado/a direccion.'),(377,'2014-01-15 14:23:01',3,10,'13','ARIEL VASQUEZ CONTRERAS',2,'Modificado/a direccion.'),(378,'2014-01-15 14:23:40',3,10,'14','ELIZABETH SANCHEZ CARVAJAL',2,'Modificado/a direccion.'),(379,'2014-01-15 14:24:09',3,10,'14','ELIZABETH SANCHEZ CARVAJAL',2,'No ha cambiado ningún campo.'),(380,'2014-01-15 14:24:24',3,10,'15','MARIA EDITH AGUDELO',2,'Modificado/a direccion.'),(381,'2014-01-15 14:24:40',3,10,'16','NUBIA LEON ',2,'Modificado/a direccion.'),(382,'2014-01-15 14:25:34',3,10,'17','ANDREA MARITZA FORRERO CASTELLANOS ',2,'Modificado/a direccion.'),(383,'2014-01-15 14:25:55',4,10,'282','LIGIA CECILIA MATUS',1,''),(384,'2014-01-15 14:26:35',3,10,'18','OSVALDO ANTONIO MENDEZ',2,'Modificado/a nombre y direccion.'),(385,'2014-01-15 14:26:45',1,11,'2','dario ortega hernandez',1,''),(386,'2014-01-15 14:27:31',3,10,'19','YOSIANY FERRER ROMERO',2,'Modificado/a direccion.'),(387,'2014-01-15 14:29:53',1,11,'2','dario ortega hernandez',2,'Modificado/a celular y fijo.'),(388,'2014-01-15 14:30:02',1,11,'2','dario ortega hernandez',2,'Modificado/a verificado.'),(389,'2014-01-15 14:30:31',4,10,'283','VIVIANA GUTIERREZ',1,''),(390,'2014-01-15 14:30:56',3,10,'20','JHON ALIDER BANEGAS',2,'Modificado/a direccion.'),(391,'2014-01-15 14:31:26',3,10,'21','LUZ MARINA URREGO ',2,'Modificado/a direccion.'),(392,'2014-01-15 14:31:49',3,10,'22','SULEY ANDREA SALAZAR',2,'Modificado/a direccion.'),(393,'2014-01-15 14:32:07',4,10,'266','ANGELICA DIAZ CHINCHILLA',2,'Modificado/a direccion.'),(394,'2014-01-15 14:33:02',4,10,'267','VIVIANA TALLO',2,'Modificado/a direccion.'),(395,'2014-01-15 14:33:41',4,10,'268','NURY MORENO',2,'Modificado/a direccion.'),(396,'2014-01-15 14:33:56',3,10,'139','MARIA DEYSI CEUSBA',2,'Modificado/a direccion.'),(397,'2014-01-15 14:34:14',3,10,'140','LUZ MARY BELTRAN ROJAS',2,'Modificado/a direccion.'),(398,'2014-01-15 14:35:01',4,10,'269','ERIKA RODRIGUEZ ',2,'Modificado/a direccion.'),(399,'2014-01-15 14:35:03',3,10,'142','SANDRA XIMENA MORALES',2,'Modificado/a direccion.'),(400,'2014-01-15 14:35:25',3,10,'143','GLADYS GOMEZ RAMIREZ',2,'Modificado/a direccion.'),(401,'2014-01-15 14:35:57',3,10,'144','BETSABE DUEÑAS',2,'Modificado/a direccion.'),(402,'2014-01-15 14:36:12',3,10,'146','DIANA GAMEZ',2,'Modificado/a direccion.'),(403,'2014-01-15 14:36:42',3,10,'147','JAQUELINE CORTES CHINGATE',2,'Modificado/a direccion.'),(404,'2014-01-15 14:36:55',4,10,'270','GABRIELA ACOSTA',2,'Modificado/a direccion.'),(405,'2014-01-15 14:37:00',3,10,'148','NELBY NAVARRO  ARROYO',2,'Modificado/a direccion.'),(406,'2014-01-15 14:37:11',3,10,'148','NELBY NAVARRO  ARROYO',2,'No ha cambiado ningún campo.'),(407,'2014-01-15 14:37:54',4,10,'271','MERLY AGUDELO',2,'Modificado/a direccion.'),(408,'2014-01-15 14:38:26',3,10,'149','LUZ MARIA MINA',2,'Modificado/a direccion.'),(409,'2014-01-15 14:38:54',3,10,'150','LAURA MARIA VILLAMIL',2,'Modificado/a direccion.'),(410,'2014-01-15 14:39:13',3,10,'152','MARIA DEL PILAR VILLALOBOS',2,'Modificado/a direccion.'),(411,'2014-01-15 14:39:30',3,10,'153','DEISY ESTHER VALENCIA',2,'Modificado/a direccion.'),(412,'2014-01-15 14:39:51',3,10,'155','SOCORRO PEÑA ',2,'Modificado/a direccion.'),(413,'2014-01-15 14:40:24',3,10,'156','BLANCA URREA  HERRERA',2,'Modificado/a direccion.'),(414,'2014-01-15 14:40:57',3,10,'157','LUZ ESTELLA TUMAY PASTRANA',2,'Modificado/a direccion.'),(415,'2014-01-15 14:41:38',3,10,'158','ELVIA CLAUDIA JANO CASTILLO',2,'Modificado/a direccion.'),(416,'2014-01-15 14:41:59',3,10,'159','DANIELA ALVAREZ RODRIGUEZ',2,'Modificado/a direccion.'),(417,'2014-01-15 14:42:47',3,10,'160','MIRIAM CIFUENTES',2,'Modificado/a direccion.'),(418,'2014-01-15 14:43:28',3,10,'161','YERLY CATHERINE BELTRAN ROJAS',2,'Modificado/a direccion.'),(419,'2014-01-15 14:43:53',3,10,'162','MARIA NAYIBER RODRIGUEZ',2,'Modificado/a direccion.'),(420,'2014-01-15 14:44:14',3,10,'163','SANDRA MILENA MENDEZ RODRIGUEZ',2,'Modificado/a direccion.'),(421,'2014-01-15 14:44:54',3,10,'164','LUZ CRISTINA BAQUERO CASTELLANOS',2,'Modificado/a direccion.'),(422,'2014-01-15 14:45:35',3,10,'165','MARTHA LUCIA GIL GONZALEZ',2,'Modificado/a direccion.'),(423,'2014-01-15 14:45:56',3,10,'167','LIBIA ISABEL ORTIZ GUZMAN',2,'Modificado/a direccion.'),(424,'2014-01-15 14:46:16',3,10,'168','CLARA CASTELLANOS',2,'Modificado/a direccion.'),(425,'2014-01-15 14:46:40',3,10,'169','HECTOR BAQUERO',2,'Modificado/a direccion.'),(426,'2014-01-15 14:46:56',3,10,'170','CLARA CANO',2,'Modificado/a direccion.'),(427,'2014-01-15 14:47:39',3,10,'2','SAYLI JESSENIA GUTIERREZ MUÑOZ',2,'Modificado/a direccion.'),(428,'2014-01-15 14:48:01',3,10,'23','AIDE URREGO ',2,'Modificado/a direccion.'),(429,'2014-01-15 14:48:33',4,10,'272','YULY PAOLA SUTA',2,'Modificado/a direccion.'),(430,'2014-01-15 14:49:46',3,10,'24','YURANY ANDREA RICAUTE PAEZ',2,'Modificado/a direccion.'),(431,'2014-01-15 14:51:04',3,10,'24','YURANY ANDREA RICAUTE PAEZ',2,'No ha cambiado ningún campo.'),(432,'2014-01-15 14:53:05',3,10,'25','MARTHA CECILIA BAQUERO CORTES',2,'Modificado/a direccion.'),(433,'2014-01-15 14:53:23',3,10,'26','CARLOS ANDRES BELTRAN',2,'Modificado/a direccion.'),(434,'2014-01-15 14:53:42',3,10,'27','MONICA LILIANA CORTES BAQUERO',2,'Modificado/a direccion.'),(435,'2014-01-15 14:54:24',3,10,'28','LINDA MAGALY ARANGURE',2,'Modificado/a direccion.'),(436,'2014-01-15 14:54:52',3,10,'29','JANSH BAIRON ANGARITA',2,'Modificado/a direccion.'),(437,'2014-01-15 14:55:18',3,10,'30','YAMILE TORRES BETANCOURTH',2,'Modificado/a direccion.'),(438,'2014-01-15 14:55:30',4,10,'273','GLADIS CARDENAS',2,'Modificado/a direccion.'),(439,'2014-01-15 14:55:34',3,10,'31','JESSICA KARIME MUÑOZ',2,'Modificado/a direccion.'),(440,'2014-01-15 14:55:54',3,10,'32','ORFA BLANDON G.',2,'Modificado/a direccion.'),(441,'2014-01-15 14:56:14',3,10,'33','ERENILDA  BETANCOUR',2,'Modificado/a direccion.'),(442,'2014-01-15 14:56:43',3,10,'34','JOSE DEL CARMEN RAMIREZ',2,'Modificado/a direccion.'),(443,'2014-01-15 14:56:49',5,13,'28','YESSID CATACOLI BAICUE',1,''),(444,'2014-01-15 14:56:50',4,10,'274','LUZ MAGALY ANGEL',2,'Modificado/a direccion.'),(445,'2014-01-15 14:57:34',3,10,'36','DEYSI JULIETH TORRES',2,'Modificado/a direccion.'),(446,'2014-01-15 14:57:46',4,10,'275','ALBA ROCIO ANGEL',2,'Modificado/a direccion.'),(447,'2014-01-15 14:58:01',4,10,'275','ALBA ROCIO ANGEL',2,'No ha cambiado ningún campo.'),(448,'2014-01-15 14:58:11',3,10,'37','NANCY PAOLA ACERO',2,'Modificado/a direccion.'),(449,'2014-01-15 14:59:19',3,10,'176','LUZ MIRIAM MUÑOZ JARAS',2,'Modificado/a direccion.'),(450,'2014-01-15 14:59:21',4,10,'277','ALBA EDITH JARAMILLO',2,'Modificado/a direccion.'),(451,'2014-01-15 14:59:49',5,10,'284','LUIS SUAREZ P',1,''),(452,'2014-01-15 15:00:20',4,10,'276','MONICA PEÑA LEMUS',2,'Modificado/a direccion.'),(453,'2014-01-15 15:00:28',3,10,'178','JOSE OSWALDO HERNANDEZ TRIANA',2,'Modificado/a direccion.'),(454,'2014-01-15 15:00:49',3,10,'180','MARIA MERCEDES RODRIGUEZ',2,'Modificado/a direccion.'),(455,'2014-01-15 15:01:07',4,10,'278','ISLENA CERVERA ',2,'Modificado/a direccion.'),(456,'2014-01-15 15:01:15',3,10,'181','FLOR ELINDA HERRERA MARTINEZ',2,'Modificado/a direccion.'),(457,'2014-01-15 15:01:31',3,10,'184','BLANCA MIRIAM ALFONSO',2,'Modificado/a direccion.'),(458,'2014-01-15 15:01:42',3,10,'185','ADELA DOMINGUEZ',2,'Modificado/a direccion.'),(459,'2014-01-15 15:01:43',3,10,'185','ADELA DOMINGUEZ',2,'No ha cambiado ningún campo.'),(460,'2014-01-15 15:01:46',4,10,'279','ANITA RODRIGUEZ',2,'Modificado/a direccion.'),(461,'2014-01-15 15:01:55',3,10,'186','JOSE ISMAEL SACHE',2,'Modificado/a direccion.'),(462,'2014-01-15 15:01:57',5,10,'285','JENNY C BETANCOURTH ',1,''),(463,'2014-01-15 15:02:19',3,10,'188','MARTHA ROSALES',2,'Modificado/a direccion.'),(464,'2014-01-15 15:02:48',3,10,'191','SANDRA BETANCOUR',2,'Modificado/a direccion.'),(465,'2014-01-15 15:03:06',3,10,'192','MARGARITA PAVA',2,'Modificado/a direccion.'),(466,'2014-01-15 15:03:19',5,10,'286','LUISA FERNANDA CHAVEZ',1,''),(467,'2014-01-15 15:03:31',3,10,'193','NANCY BETANCOUR',2,'Modificado/a direccion.'),(468,'2014-01-15 15:03:35',4,10,'280','MARINA ALEJO DE GUAVITA',2,'Modificado/a direccion.'),(469,'2014-01-15 15:03:54',3,10,'194','GUSTAVO SALAZAR',2,'Modificado/a direccion.'),(470,'2014-01-15 15:04:10',3,10,'195','SONIA YANIRA CUERVO',2,'Modificado/a direccion.'),(471,'2014-01-15 15:04:40',3,10,'196','ESTELA BERMUDEZ',2,'Modificado/a direccion.'),(472,'2014-01-15 15:04:53',4,10,'281','SONIA DOLORES MONROY',2,'Modificado/a direccion.'),(473,'2014-01-15 15:05:03',3,10,'197','YINA BERMUDEZ',2,'Modificado/a direccion.'),(474,'2014-01-15 15:05:18',3,10,'198','NILZA MARIA LEON ',2,'Modificado/a direccion.'),(475,'2014-01-15 15:05:27',3,10,'198','NILZA MARIA LEON ',2,'Modificado/a direccion.'),(476,'2014-01-15 15:05:36',5,10,'287','MARIA ISABEL GARZON ',1,''),(477,'2014-01-15 15:05:55',4,10,'282','LIGIA CECILIA MATUS',2,'Modificado/a direccion.'),(478,'2014-01-15 15:06:21',3,10,'199','MARIA INES RODRIGUEZ',2,'Modificado/a direccion.'),(479,'2014-01-15 15:06:38',3,10,'201','JESUS BALLESTEROS',2,'Modificado/a direccion.'),(480,'2014-01-15 15:06:56',3,10,'200','JOSE FERLEY ESPINOSA',2,'Modificado/a direccion.'),(481,'2014-01-15 15:06:58',5,10,'288','ESTHER VALENCIA E',1,''),(482,'2014-01-15 15:07:15',3,10,'202','LILIANA CIRO PARDO',2,'Modificado/a direccion.'),(483,'2014-01-15 15:07:41',3,10,'203','DIOMIDILO SANTOS',2,'Modificado/a direccion.'),(484,'2014-01-15 15:07:57',3,10,'204','JHOANA CARRILLO',2,'Modificado/a direccion.'),(485,'2014-01-15 15:08:10',4,10,'230','VINDA HERRERA',2,'Modificado/a direccion.'),(486,'2014-01-15 15:08:34',3,10,'205','LUIS MAHECHA URREGO',2,'Modificado/a direccion.'),(487,'2014-01-15 15:08:55',5,10,'289','NAYIBER VALENCIA ',1,''),(488,'2014-01-15 15:08:56',3,10,'206','NUBIA CAPERA',2,'Modificado/a direccion.'),(489,'2014-01-15 15:09:00',4,10,'231','MARLEN MORA',2,'Modificado/a direccion.'),(490,'2014-01-15 15:09:13',3,10,'207','YURI RIAÑO',2,'Modificado/a direccion.'),(491,'2014-01-15 15:09:28',3,10,'208','YOLANDA CULMA',2,'Modificado/a direccion.'),(492,'2014-01-15 15:09:44',3,10,'209','MARIELA NAVARRO',2,'Modificado/a direccion.'),(493,'2014-01-15 15:10:02',4,10,'233','MARTHA JIMENEZ',2,'Modificado/a direccion.'),(494,'2014-01-15 15:10:08',3,10,'210','ADOLFA AROCA RICO',2,'Modificado/a direccion.'),(495,'2014-01-15 15:10:44',3,10,'211','ANA LEONOR AMAYA',2,'Modificado/a direccion.'),(496,'2014-01-15 15:11:04',4,10,'234','MARTHA VALERA',2,'Modificado/a direccion.'),(497,'2014-01-15 15:11:06',5,10,'290','WILLIAM FUENTES ',1,''),(498,'2014-01-15 15:11:15',3,10,'212','ANDREA DEL PILAR',2,'Modificado/a direccion.'),(499,'2014-01-15 15:11:35',3,10,'213','JHON JAIME GUTIERREZ',2,'Modificado/a direccion.'),(500,'2014-01-15 15:12:21',3,10,'214','LUIS ALBERTO GOMEZ ROBAYO',2,'Modificado/a nombre y direccion.'),(501,'2014-01-15 15:12:36',3,10,'215','YAZMIN RODRIGUEZ',2,'Modificado/a direccion.'),(502,'2014-01-15 15:12:39',4,10,'236','JENNY MARQUEZ',2,'Modificado/a direccion.'),(503,'2014-01-15 15:12:57',3,10,'216','LUZ MIREYA NIÑO',2,'Modificado/a direccion.'),(504,'2014-01-15 15:13:21',4,10,'241','RUTH A. FRANCO',2,'Modificado/a direccion.'),(505,'2014-01-15 15:13:59',3,10,'218','MARISOL AGUIRRE',2,'Modificado/a direccion.'),(506,'2014-01-15 15:14:15',3,10,'217','ELIZABETH FISCARRIAGA',2,'Modificado/a direccion.'),(507,'2014-01-15 15:14:27',4,10,'244','ISLENA REY',2,'Modificado/a direccion.'),(508,'2014-01-15 15:14:32',3,10,'219','NUBIA MORENO',2,'Modificado/a direccion.'),(509,'2014-01-15 15:14:49',3,10,'220','PAULINA CARO',2,'Modificado/a direccion.'),(510,'2014-01-15 15:15:12',3,10,'221','JASBLEIDI HERNANDEZ',2,'Modificado/a direccion.'),(511,'2014-01-15 15:15:27',3,10,'222','JHON ALEXANDER LEDESMA',2,'Modificado/a direccion.'),(512,'2014-01-15 15:15:28',4,10,'246','BLANCA VILLALOBOS',2,'Modificado/a direccion.'),(513,'2014-01-15 15:16:13',3,10,'223','YORMARY HERNANDEZ',2,'Modificado/a direccion.'),(514,'2014-01-15 15:16:25',3,10,'223','YORMARY HERNANDEZ',2,'No ha cambiado ningún campo.'),(515,'2014-01-15 15:16:54',3,10,'38','EDISON GUEVARA',2,'Modificado/a direccion.'),(516,'2014-01-15 15:17:13',4,10,'249','ROSA BELTRAN C.',2,'Modificado/a direccion.'),(517,'2014-01-15 15:17:52',5,10,'291','WILLIAM PIRAQUIVE ',1,''),(518,'2014-01-15 15:19:12',5,10,'292','JORGE ARDILA S',1,''),(519,'2014-01-15 15:20:49',5,10,'293','JAVIER MORENO RINCON',1,''),(520,'2014-01-15 15:23:00',5,10,'294','CARLOTA VANEGAZ',1,''),(521,'2014-01-15 15:24:52',5,10,'295','ANA GRACIELA VANEGAZ ',1,''),(522,'2014-01-15 15:26:21',5,10,'296','CESAR RUBIO',1,''),(523,'2014-01-15 15:27:43',5,10,'297','LEONARDO MUÑOZ ',1,''),(524,'2014-01-15 15:29:25',1,11,'3','Brayan Arias',1,''),(525,'2014-01-15 15:29:26',3,10,'38','EDISON GUEVARA',2,'No ha cambiado ningún campo.'),(526,'2014-01-15 15:29:30',5,10,'298','YARIT FERNANDO HERNANDEZ',1,''),(527,'2014-01-15 15:29:50',3,10,'39','MIRIAM BERMUDEZ',2,'Modificado/a direccion.'),(528,'2014-01-15 15:30:16',3,10,'40','SINDY QUINTERO',2,'Modificado/a direccion.'),(529,'2014-01-15 15:30:28',1,11,'3','Brayan Arias',2,'Modificado/a verificado.'),(530,'2014-01-15 15:30:37',3,10,'41','YOLANDA FERNANDEZ',2,'Modificado/a direccion.'),(531,'2014-01-15 15:30:56',3,10,'42','KAROL JIMENEZ',2,'Modificado/a direccion.'),(532,'2014-01-15 15:31:57',3,10,'43','BLANCA NEIRA',2,'Modificado/a direccion.'),(533,'2014-01-15 15:32:44',3,10,'44','CLARA PEÑA',2,'Modificado/a direccion.'),(534,'2014-01-15 15:33:03',3,10,'45','MARIA DEL CARMEN MENDEZ',2,'Modificado/a direccion.'),(535,'2014-01-15 15:33:20',3,10,'46','NELCY LINDA CARDENAS DUSSAN',2,'Modificado/a direccion.'),(536,'2014-01-15 15:33:33',3,10,'47','MARIA DEL TRANSITO BOHORQUEZ CALDERON',2,'Modificado/a direccion.'),(537,'2014-01-15 15:33:50',3,10,'48','GLADYS AMANDA REY BARRERA',2,'Modificado/a direccion.'),(538,'2014-01-15 15:34:12',3,10,'49','MARIELA BELTRAN CERINZA',2,'Modificado/a direccion.'),(539,'2014-01-15 15:34:32',3,10,'50','BLANCA IRENE DUSSAN DE CARDENAS',2,'Modificado/a direccion.'),(540,'2014-01-15 15:34:47',3,10,'51','JUAN CARLOS CASTELLANOS',2,'Modificado/a direccion.'),(541,'2014-01-15 15:35:17',3,10,'52','ALEX RUA',2,'Modificado/a direccion.'),(542,'2014-01-15 15:37:40',3,10,'299','JOAQUIN MENA',1,''),(543,'2014-01-15 15:39:03',3,10,'53','ANGELA BARRETO',2,'Modificado/a direccion.'),(544,'2014-01-15 15:39:20',3,10,'54','YAMILE CHAMBO',2,'Modificado/a direccion.'),(545,'2014-01-15 15:39:41',3,10,'55','WILINTON RUIZ LOPEZ',2,'Modificado/a direccion.'),(546,'2014-01-15 15:40:02',3,10,'56','RAMIRO ALFONSO BAQUERO',2,'Modificado/a direccion.'),(547,'2014-01-15 15:40:19',3,10,'57','ROCIO OJEDA',2,'Modificado/a direccion.'),(548,'2014-01-15 15:40:44',3,10,'58','MARYURI LILIANA MENDOZA MUÑOS',2,'Modificado/a direccion.'),(549,'2014-01-15 15:41:17',3,10,'59','SANDRA PATRICIA TRONCOSO',2,'Modificado/a direccion.'),(550,'2014-01-15 15:41:29',3,10,'60','DORA NELLY HERNANDEZ',2,'Modificado/a direccion.'),(551,'2014-01-15 15:41:48',3,10,'61','NARDA RUIZ',2,'Modificado/a direccion.'),(552,'2014-01-15 15:44:01',3,10,'300','ESTELLA GALLO ',1,''),(553,'2014-01-15 15:44:51',3,10,'62','LUZ MILLA HERNANDEZ',2,'Modificado/a direccion.'),(554,'2014-01-15 15:45:13',3,10,'63','LUZ DARY ALVAREZ',2,'Modificado/a direccion.'),(555,'2014-01-15 15:46:03',3,10,'63','LUZ DARY ALVAREZ',2,'No ha cambiado ningún campo.'),(556,'2014-01-15 15:46:28',3,10,'64','NORMA CONSTANZA PARRADO LOPEZ',2,'Modificado/a direccion.'),(557,'2014-01-15 15:47:01',3,10,'65','NORIA HERNANDEZ',2,'Modificado/a direccion.'),(558,'2014-01-15 15:48:01',3,10,'66','LINEY GUEVARA OSMOS',2,'Modificado/a direccion.'),(559,'2014-01-15 15:48:46',3,10,'67','MARIA MAGOLA SOSA',2,'Modificado/a direccion.'),(560,'2014-01-15 15:49:07',3,10,'68','ESTHER JIMENEZ',2,'Modificado/a direccion.'),(561,'2014-01-15 15:50:34',3,10,'57',' MARTHA ROCIO OJEDA',2,'Modificado/a nombre y direccion.'),(562,'2014-01-15 15:51:03',3,10,'69','ELIZABETH SANCHEZ',2,'Modificado/a nombre y direccion.'),(563,'2014-01-15 15:51:33',3,10,'70','SAURO ANDRES GUZMAN RAMIREZ',2,'Modificado/a direccion.'),(564,'2014-01-15 15:51:55',3,10,'71','HASBLEIDY GARCIA OSPINA',2,'Modificado/a direccion.'),(565,'2014-01-15 15:52:34',3,10,'72','LUZ EIDY CANDELO JARAMILLO',2,'Modificado/a direccion.'),(566,'2014-01-15 15:53:08',3,10,'74','MARIA OTILIA  LARA VILLALOBOS',2,'Modificado/a direccion.'),(567,'2014-01-15 15:53:14',3,10,'74','MARIA OTILIA  LARA VILLALOBOS',2,'No ha cambiado ningún campo.'),(568,'2014-01-15 15:53:32',3,10,'75','GLORIA GOMEZ',2,'Modificado/a direccion.'),(569,'2014-01-15 15:53:50',3,10,'76','MARTHA OSPINA TORO',2,'Modificado/a direccion.'),(570,'2014-01-15 15:54:08',3,10,'77','JOHANA ANDREA DUCUARA',2,'Modificado/a direccion.'),(571,'2014-01-15 15:54:26',3,10,'78','LEIDY PAOLA PEREZ ',2,'Modificado/a direccion.'),(572,'2014-01-15 15:54:41',3,10,'79','JORGE ENRIQUE MONTOYA',2,'Modificado/a direccion.'),(573,'2014-01-15 15:55:17',3,10,'80','CARLOS ARTURO HERNANDEZ ',2,'Modificado/a direccion.'),(574,'2014-01-15 15:55:31',3,10,'81','MARLENE TOVAR GUTIERREZ',2,'Modificado/a direccion.'),(575,'2014-01-15 15:55:50',3,10,'82','SANDRA MILENA MARTINEZ MORENO',2,'Modificado/a direccion.'),(576,'2014-01-15 15:56:08',3,10,'83','ELOISA  ZAMORA EULEGELO',2,'Modificado/a direccion.'),(577,'2014-01-15 15:56:22',3,10,'84','FLOR GUZMAN',2,'Modificado/a direccion.'),(578,'2014-01-15 15:56:33',4,10,'267','VIVIANA TELLO',2,'Modificado/a nombre.'),(579,'2014-01-15 15:56:46',3,10,'85','LEYDY  CHINGATE ',2,'Modificado/a direccion.'),(580,'2014-01-15 15:57:05',3,10,'86','NOHEMY JAIMES',2,'Modificado/a direccion.'),(581,'2014-01-15 15:57:28',3,10,'87','BLANCA  CABRERA ',2,'Modificado/a direccion.'),(582,'2014-01-15 15:58:07',3,10,'88','PAOLA  AROCA ',2,'Modificado/a direccion.'),(583,'2014-01-15 15:58:52',3,10,'89','JAZMIN PRIETO ',2,'Modificado/a direccion.'),(584,'2014-01-15 15:59:05',3,10,'90','NORALDA SUAREZ  VEZGA ',2,'Modificado/a direccion.'),(585,'2014-01-15 15:59:21',3,10,'91','NORA PARRADO ',2,'Modificado/a direccion.'),(586,'2014-01-15 15:59:41',3,10,'92','ESTER SEGURA ',2,'Modificado/a direccion.'),(587,'2014-01-15 16:00:05',3,10,'93','MARINA SEGURA ',2,'Modificado/a direccion.'),(588,'2014-01-15 16:00:26',3,10,'94','NIDIA ALVARADO CAPELLA',2,'Modificado/a direccion.'),(589,'2014-01-15 16:00:42',5,10,'301','NELSON TOLEDO CARDENAS',1,''),(590,'2014-01-15 16:00:45',3,10,'95','MARINA LEON ',2,'Modificado/a direccion.'),(591,'2014-01-15 16:00:58',3,10,'96','MONICA PRIETO ',2,'Modificado/a direccion.'),(592,'2014-01-15 16:01:43',3,10,'97','MARIA INEZ LEON ',2,'Modificado/a direccion.'),(593,'2014-01-15 16:01:50',5,10,'302','LUZ MARINA BELTRAN',1,''),(594,'2014-01-15 16:02:02',3,10,'98','NELY ROCHA ',2,'Modificado/a direccion.'),(595,'2014-01-15 16:02:46',3,10,'99','MARCELA CERNA HERNANDEZ',2,'Modificado/a direccion.'),(596,'2014-01-15 16:03:21',3,10,'100','JESSICA VANESA LINAREZ',2,'Modificado/a direccion.'),(597,'2014-01-15 16:03:45',5,10,'303','MANUEL RICARDO BARRERA',1,''),(598,'2014-01-15 16:03:49',3,10,'102','LIZ ERICA CELY LEON',2,'Modificado/a direccion.'),(599,'2014-01-15 16:04:01',3,10,'103','YUREIDY LADINO',2,'Modificado/a direccion.'),(600,'2014-01-15 16:04:29',3,10,'104','LUZ DARY RODRIGUEZ',2,'Modificado/a direccion.'),(601,'2014-01-15 16:04:53',3,10,'105','CLAUDIA PATRICIA SANCHEZ',2,'Modificado/a direccion.'),(602,'2014-01-15 16:04:53',5,10,'304','JOSE ANTONIO MIRANDA RIOS',1,''),(603,'2014-01-15 16:05:16',3,10,'105','CLAUDIA PATRICIA SANCHEZ',2,'No ha cambiado ningún campo.'),(604,'2014-01-15 16:05:37',3,10,'106','BRIGGIT JULIETH CASTRO',2,'Modificado/a direccion.'),(605,'2014-01-15 16:05:53',3,10,'107','MARTHA TAUTIVA ',2,'Modificado/a direccion.'),(606,'2014-01-15 16:06:21',3,10,'108','SANDRA PATRICIA GARCIA',2,'Modificado/a direccion.'),(607,'2014-01-15 16:06:35',3,10,'109','MARIA BELEN GARCIA',2,'Modificado/a direccion.'),(608,'2014-01-15 16:06:54',3,10,'110','MARIA LAURA NIETO PATARROYO',2,'Modificado/a direccion.'),(609,'2014-01-15 16:07:11',3,10,'111','BETURIA PARRA ',2,'Modificado/a direccion.'),(610,'2014-01-15 16:07:28',3,10,'112','SANDRA MILANO ',2,'Modificado/a direccion.'),(611,'2014-01-15 16:08:02',3,10,'113','SULEIDA SANCHEZ JIMENEZ ',2,'Modificado/a direccion.'),(612,'2014-01-15 16:08:34',3,10,'114','NUBIA TERESA ROJAS VILLAR',2,'Modificado/a direccion.'),(613,'2014-01-15 16:09:09',3,10,'116','BERTHA CASAS',2,'Modificado/a direccion.'),(614,'2014-01-15 16:09:29',3,10,'117','KATERINE GOMEZ',2,'Modificado/a direccion.'),(615,'2014-01-15 16:09:43',4,10,'252','NUBIA FLORES',2,'Modificado/a direccion.'),(616,'2014-01-15 16:09:50',3,10,'118','JAQUELINE RUBIANO',2,'Modificado/a direccion.'),(617,'2014-01-15 16:10:20',3,10,'119','ARELIX CASTILLO',2,'Modificado/a direccion.'),(618,'2014-01-15 16:11:08',3,10,'120','OLIVA TURRIAGO',2,'Modificado/a direccion.'),(619,'2014-01-15 16:13:51',3,10,'121','JENNY MORENO',2,'Modificado/a celular y direccion.'),(620,'2014-01-15 16:14:32',3,10,'115','EUCARIS SOLER ',2,'Modificado/a direccion.'),(621,'2014-01-15 16:14:52',3,10,'122','CLAUDIA VELASQUEZ',2,'Modificado/a direccion.'),(622,'2014-01-15 16:15:04',3,10,'123','BERTHA HERNANDEZ',2,'Modificado/a direccion.'),(623,'2014-01-15 16:16:59',3,10,'124','LUZ  IDALIA  HOLGUIN',2,'Modificado/a direccion.'),(624,'2014-01-15 16:17:21',3,10,'125','LUZ ESTELLA FAJARDO ',2,'Modificado/a direccion.'),(625,'2014-01-15 16:17:43',3,10,'126','NERY GONZALEZ ',2,'Modificado/a direccion.'),(626,'2014-01-15 16:18:03',3,10,'127','MARIA DE JESUS CONZALEZ ',2,'Modificado/a direccion.'),(627,'2014-01-15 16:19:52',3,10,'128','SANDRA PEÑA ',2,'Modificado/a direccion.'),(628,'2014-01-15 16:21:08',3,10,'129','MARIA ELSA PUENTES',2,'Modificado/a direccion.'),(629,'2014-01-15 16:21:24',3,10,'130','YOLANDA GARCIA ORTIZ ',2,'Modificado/a direccion.'),(630,'2014-01-15 16:21:42',3,10,'132','BIBIANA JASBLEIDY AVELLA',2,'Modificado/a direccion.'),(631,'2014-01-15 16:21:59',3,10,'133','YEIMI TATIANA GARCIA',2,'Modificado/a direccion.'),(632,'2014-01-15 16:22:15',3,10,'134','ANGI JULIETH ROZO GARCIA',2,'Modificado/a direccion.'),(633,'2014-01-15 16:23:02',3,10,'135','MARIA RINCON SABOGAL ',2,'Modificado/a direccion.'),(634,'2014-01-15 16:23:21',3,10,'136','CARMEN EDITH AVELLA ',2,'Modificado/a direccion.'),(635,'2014-01-15 16:23:35',5,9,'3','WILLIAM RUBIO',1,''),(636,'2014-01-15 16:25:54',5,13,'29','DIANA MARIZA BERNAL LOPEZ',1,''),(637,'2014-01-15 16:27:50',5,10,'305','LUZ MARIA PAEZ GAITAN',1,''),(638,'2014-01-15 16:28:53',5,10,'306','LUZ MARY CRUZ HERNANDEZ',1,''),(639,'2014-01-15 16:29:46',5,10,'307','ANLLY ZULEIMA VERA PAEZ',1,''),(640,'2014-01-15 16:30:42',5,10,'308','JAKELINE MORENO GUEVARA',1,''),(641,'2014-01-15 16:30:43',3,10,'309','EDELMIRA GUERRA ',1,''),(642,'2014-01-15 16:30:59',3,10,'309','EDELMIRA GUERRA ',2,'Modificado/a cabeza_de_grupo.'),(643,'2014-01-15 16:31:32',5,10,'310','JAZMIN RODRIGUEZ GARZON',1,''),(644,'2014-01-15 16:32:06',3,10,'311','MARICEL GUERRA ',1,''),(645,'2014-01-15 16:32:43',3,10,'312','ANGIE DIAZ ',1,''),(646,'2014-01-15 16:33:11',4,10,'313','LILIA MARTINEZ PAEZ',1,''),(647,'2014-01-15 16:33:23',5,10,'314','SANDRA MILENA DIAZ',1,''),(648,'2014-01-15 16:33:54',3,10,'315','MAICOL DIAZ ',1,''),(649,'2014-01-15 16:34:08',5,10,'316','LUZ MIREYA SOTO RIVERO',1,''),(650,'2014-01-15 16:34:44',3,10,'317','HECTOR HORACIO ZARATE  ',1,''),(651,'2014-01-15 16:34:52',4,10,'256','SANDRA CALDERON',2,'Modificado/a direccion.'),(652,'2014-01-15 16:35:12',5,10,'318','MARILIN RODRIGUEZ',1,''),(653,'2014-01-15 16:35:36',3,10,'319','ALEXANDER MATIAS ',1,''),(654,'2014-01-15 16:36:18',3,10,'320','CHELMAR ZARATE LEON ',1,''),(655,'2014-01-15 16:36:35',5,10,'321','MARIA DISI MATEUS ',1,''),(656,'2014-01-15 16:37:26',5,10,'322','VIVIANA ALEXANDRA LOPEZ',1,''),(657,'2014-01-15 16:38:04',4,10,'258','ROSALBA GARCIA',2,'No ha cambiado ningún campo.'),(658,'2014-01-15 16:40:19',3,10,'57',' MARTHA ROCIO OJEDA',2,'Modificado/a direccion.'),(659,'2014-01-15 16:40:52',3,10,'224','ELDA JIMENEZ',2,'Modificado/a direccion.'),(660,'2014-01-15 16:41:33',3,10,'226','ELIZABETH RUBIANO',2,'Modificado/a direccion.'),(661,'2014-01-15 16:42:10',3,10,'227','MIGUEL SAENZ',2,'Modificado/a direccion.'),(662,'2014-01-15 16:42:42',3,10,'228','YURY ESMERALDA ORTIZ',2,'Modificado/a direccion.'),(663,'2014-01-15 16:47:09',3,9,'4','IVAN MARTINEZ',1,''),(664,'2014-01-15 16:56:18',3,9,'4','JULIO BLANCO',2,'Modificado/a nombre, celular y observacion.'),(665,'2014-01-15 16:59:51',5,9,'5','NO EXISTE',1,''),(666,'2014-01-15 17:01:28',3,13,'30','CARLOS ARTURO PEREZ',1,''),(667,'2014-01-15 17:01:43',5,13,'31','ELIZABETH RINCON',1,''),(668,'2014-01-15 17:02:03',3,9,'1','FABIAN SANZ',2,'Modificado/a nombre.'),(669,'2014-01-15 17:03:05',5,10,'323','SANDRA SUAREZ',1,''),(670,'2014-01-15 17:03:46',3,9,'4','JULIO BLANCO',2,'Modificado/a cedula y direccion.'),(671,'2014-01-15 17:04:14',5,10,'324','MAYRA PERDOMO',1,''),(672,'2014-01-15 17:04:50',5,10,'325','HUMBERTO AGUIRRE',1,''),(673,'2014-01-15 17:05:38',3,9,'4','JULIO BLANCO',2,'No ha cambiado ningún campo.'),(674,'2014-01-15 17:05:46',5,10,'326','ANDREA ALFONSO',1,''),(675,'2014-01-15 17:06:33',5,10,'327','YAIRA RINCON',1,''),(676,'2014-01-15 17:06:41',3,10,'328','ALBERTO REY ',1,''),(677,'2014-01-15 17:07:25',5,10,'329','ALBA ROSARIO SARMIENTO',1,''),(678,'2014-01-15 17:08:39',3,10,'330','ADELINA PEREZ',1,''),(679,'2014-01-15 17:09:49',5,10,'331','VIVIANA CUELLA',1,''),(680,'2014-01-15 17:09:55',3,10,'332','MIRIAM AMPARO  BLANCO',1,''),(681,'2014-01-15 17:10:25',3,10,'333','LILIA BAQUERO',1,''),(682,'2014-01-15 17:11:43',3,10,'334','ROSA FORERO PAEZ',1,''),(683,'2014-01-15 17:12:23',3,10,'335',' OMAR FORERO',1,''),(684,'2014-01-15 17:13:06',3,10,'336','LUIS ALFONSO BLANCO',1,''),(685,'2014-01-15 17:13:49',3,10,'337','LUZ MARINA BLANCO',1,''),(686,'2014-01-15 17:42:44',5,10,'331','VIVIANA CUELLA',2,'No ha cambiado ningún campo.'),(687,'2014-01-15 17:45:59',5,10,'338','MAYRA FERNANDA BELTRAN',1,''),(688,'2014-01-15 17:47:19',5,10,'339','DINORA GARAVITO',1,''),(689,'2014-01-15 17:53:05',5,10,'340','LIDA ESPERANZA BASALLO',1,''),(690,'2014-01-15 17:54:03',5,10,'341','NOE RINCON',1,''),(691,'2014-01-15 17:55:24',5,10,'342','CLAUDIA YEPES',1,''),(692,'2014-01-15 17:57:04',5,10,'343','BLANCA TRIVIÑO',1,''),(693,'2014-01-15 17:58:05',5,10,'344','AMPARO CUYARES',1,''),(694,'2014-01-15 17:59:25',5,10,'345','MARTHA CHIA',1,''),(695,'2014-01-15 18:00:53',5,10,'346','MIGUEL ANGEL GUTIERREZ',1,''),(696,'2014-01-15 18:01:46',5,10,'347','DARIO DIAZ',1,''),(697,'2014-01-15 18:03:40',5,10,'348','LAURA HERRERA',1,''),(698,'2014-01-15 18:16:12',5,10,'349','RENAN VANEGAS',1,''),(699,'2014-01-15 19:44:08',3,10,'350','ANTONIA PRIETO',1,''),(700,'2014-01-15 19:45:08',3,10,'351','SANDRA MILENA',1,''),(701,'2014-01-15 19:45:53',3,10,'352','CLEMENCIA BOHORQUEZ',1,''),(702,'2014-01-15 19:47:08',3,13,'32','JORGE E BLANCO PEREZ',1,''),(703,'2014-01-15 19:48:25',3,13,'33','SONIA JOHANNA ORTIZ CRUZ',1,''),(704,'2014-01-15 19:50:27',3,10,'353','ALBA CENED LOPEZ CARDENAS',1,''),(705,'2014-01-15 19:51:06',3,10,'354','AURA MILENA SUTACHAN ALGECIRA',1,''),(706,'2014-01-15 19:51:37',3,10,'355','ADELAIDA TORRES CABALLERO',1,''),(707,'2014-01-15 19:52:08',3,10,'356','DANIELA LOPEZ CARDENAS',1,''),(708,'2014-01-15 19:52:31',3,10,'357','YINA PAOLA MURCIA',1,''),(709,'2014-01-15 20:04:09',3,9,'6','JOSE LUIS RAMIREZ',1,''),(710,'2014-01-15 20:05:05',5,10,'349','RENAN VANEGAS',2,'Modificado/a direccion.'),(711,'2014-01-15 20:08:25',3,13,'34','NELSON VERGARA',1,''),(712,'2014-01-15 20:09:39',3,10,'358','JULIA ESTELLA RIVEROS',1,''),(713,'2014-01-15 20:10:19',3,10,'359','BLANCA LILIA BERNAL',1,''),(714,'2014-01-15 20:12:14',3,10,'360','ZORAIDA LADINO',1,''),(715,'2014-01-15 20:13:07',5,13,'35','ROSAURA RAMOS',1,''),(716,'2014-01-15 20:13:13',3,10,'361','MARLON ALBERTO ORTIZ',1,''),(717,'2014-01-15 20:14:39',5,10,'362','MAGDALENA PINTO',1,''),(718,'2014-01-15 20:15:54',5,10,'363','YOLANDA OCHOA',1,''),(719,'2014-01-15 20:17:29',3,10,'364','MARLENY NOVOA',1,''),(720,'2014-01-15 20:17:37',5,10,'365','RECCY RAMOS',1,''),(721,'2014-01-15 20:19:50',3,10,'366','JOSE HELY NOVOA VIGOYA',1,''),(722,'2014-01-15 20:20:01',5,10,'367','CLAUDIA MILENA PEÑA',1,''),(723,'2014-01-15 20:21:16',5,10,'368','LILIANA PINZON',1,''),(724,'2014-01-15 20:22:11',5,10,'369','MARCELA CORREAL',1,''),(725,'2014-01-15 20:22:30',3,9,'7','OMAR HERNANDEZ',1,''),(726,'2014-01-15 20:23:39',3,13,'34','NELSON VERGARA',2,'Modificado/a coordinador.'),(727,'2014-01-15 20:29:55',5,13,'36','MARTHA CECILIA GALINDO',1,''),(728,'2014-01-15 20:31:41',5,10,'370','ISAAC CARDOZO PARRA',1,''),(729,'2014-01-15 20:33:21',5,10,'371','ORLANDO PEÑA PEÑA',1,''),(730,'2014-01-15 20:34:26',5,10,'372','BEATRIZ SERNA VILLANUEVA',1,''),(731,'2014-01-15 20:37:01',5,10,'373','LUZ HERMINDA ESPITIA DAZA',1,''),(732,'2014-01-15 20:38:15',5,13,'37','FLOR ALBA PARRADO B',1,''),(733,'2014-01-15 20:39:21',5,13,'38','GLORIA HERNANDEZ',1,''),(734,'2014-01-15 20:40:14',3,13,'39','DIANA MERCEDES ORTIZ',1,''),(735,'2014-01-15 20:41:20',3,10,'374','ERICA JOHANNA VALENCIA',1,''),(736,'2014-01-15 20:41:45',5,10,'375','JESSENIA CAROLINA NIEVES BUITRAGO',1,''),(737,'2014-01-15 20:42:17',3,10,'376','EMERITA GARCIA',1,''),(738,'2014-01-15 20:43:13',3,10,'377','MARIA CECILIA MARTINEZ',1,''),(739,'2014-01-15 20:43:21',5,10,'378','CAROLINA CHACON ',1,''),(740,'2014-01-15 20:44:13',3,10,'379','MARIA AZUCENA DUQUE',1,''),(741,'2014-01-15 20:44:23',5,10,'380','JOHANA CAROLINA HERNANDEZ NUMPOQUE',1,''),(742,'2014-01-15 20:44:25',5,10,'381','ANA YADIRA TAPIAS',1,''),(743,'2014-01-15 20:45:10',5,10,'382','TATIANA GUTIERREZ MACHADO',1,''),(744,'2014-01-15 20:47:19',5,10,'383','SANDRA MILENA FORRERO',1,''),(745,'2014-01-15 20:48:02',5,10,'384','VILMA CHACON ',1,''),(746,'2014-01-15 20:48:18',5,10,'385','NELLY MARINELLA HUERFANO PARRADO',1,''),(747,'2014-01-15 20:49:40',5,10,'386','LYSENIDA PEÑA VIDAL',1,''),(748,'2014-01-15 20:49:42',3,13,'40','OMAIRA PARDO GONZALEZ',1,''),(749,'2014-01-15 20:51:28',5,10,'387','EUNICE TRASLAVIÑA',1,''),(750,'2014-01-15 20:51:42',5,10,'388','YINA CARABALI PALACIOS',1,''),(751,'2014-01-15 20:52:21',5,10,'389','LUZ DIVIA TRANSLAVIÑA',1,''),(752,'2014-01-15 20:52:26',3,10,'390','BLANCA JUNITH CHAVARRIA',1,''),(753,'2014-01-15 20:53:03',5,10,'391','DIANA MILENA CARABALY PALACIOS',1,''),(754,'2014-01-15 20:53:20',3,10,'392','YERLY KARINA BOHORQUEZ',1,''),(755,'2014-01-15 20:54:09',5,10,'393','MARIBEL GUARIN CHAVEZ',1,''),(756,'2014-01-15 20:55:48',3,10,'394','SANDRA MILENA RIOS',1,''),(757,'2014-01-15 20:56:03',5,10,'395','JINA PAOLA TOVAR AGUILAR',1,''),(758,'2014-01-15 20:57:27',3,10,'396','GUIOMAR SOLANYI SERRANO',1,''),(759,'2014-01-15 20:57:34',5,10,'397','JAKELIN MORENO LOPEZ',1,''),(760,'2014-01-15 20:57:42',5,10,'398','MARIA EUGENIA BARRERA LOPEZ',1,''),(761,'2014-01-15 20:58:36',5,10,'399','DEYANIRA LEON LOPEZ ',1,''),(762,'2014-01-15 20:59:32',5,10,'400','JORGE ELIECER BERGARA',1,''),(763,'2014-01-15 20:59:40',3,10,'401','FABIO PARRADO',1,''),(764,'2014-01-15 20:59:46',5,10,'402','MARIELA HURTADA GARZON',1,''),(765,'2014-01-15 21:00:32',5,10,'403','ZAIDA RIVAS',1,''),(766,'2014-01-15 21:00:35',3,10,'404','JHORMAN DAVID ALFONSO NUÑEZ',1,''),(767,'2014-01-15 21:00:54',5,10,'405','CARMEN BUITRAGO',1,''),(768,'2014-01-15 21:01:17',5,10,'406','WILLIAM ALEXANDER NIEVES',1,''),(769,'2014-01-15 21:01:29',3,10,'407','CLAUDIA SERRANO',1,''),(770,'2014-01-15 21:02:14',5,10,'408','LEONOR BAQUERO GUTIERREZ',1,''),(771,'2014-01-15 21:02:33',3,10,'409','MIGUEL ANDRES RODRIGUEZ',1,''),(772,'2014-01-15 21:03:03',5,10,'410','SANDRA MILENA TAPIAS',1,''),(773,'2014-01-15 21:04:05',5,10,'411','YAMILE GUTIERREZ',1,''),(774,'2014-01-15 21:05:22',5,10,'412','GLADYS CACERES',1,''),(775,'2014-01-15 21:07:47',5,13,'41','CESAR RINCON',1,''),(776,'2014-01-15 21:09:06',5,10,'413','HERNANDO RODRIGUEZ',1,''),(777,'2014-01-15 21:09:16',5,13,'42','JOSE RAUL BUSTAMENTE RODRIGUEZ',1,''),(778,'2014-01-15 21:09:17',3,13,'43','LEONOR VELASQUEZ DE SARAY',1,''),(779,'2014-01-15 21:09:51',5,10,'414','LUZ ESTELA VEGA',1,''),(780,'2014-01-15 21:11:12',5,10,'415','NUBIA MARTINEZ',1,''),(781,'2014-01-15 21:12:12',5,10,'416','ANA CECILIA REYES',1,''),(782,'2014-01-15 21:12:50',3,10,'417','MARIA DE LOS ANGEL LADINO FUENTES',1,''),(783,'2014-01-15 21:12:57',5,10,'418','LESDI ACUÑA ',1,''),(784,'2014-01-15 21:13:26',5,10,'419','AURORA RAMIREZ ',1,''),(785,'2014-01-15 21:13:33',5,10,'420','ALEXANDER ROJAS',1,''),(786,'2014-01-15 21:14:36',5,10,'421','CAMILO FABIAN MURCIA',1,''),(787,'2014-01-15 21:14:44',5,10,'422','WALTER LOPEZ',1,''),(788,'2014-01-15 21:15:25',5,10,'423','MARIA DUEÑAS',1,''),(789,'2014-01-15 21:15:29',3,10,'424','ACENED CATAÑO',1,''),(790,'2014-01-15 21:17:15',5,10,'425','NANCY MARTINEZ ',1,''),(791,'2014-01-15 21:17:55',3,10,'426','LUZ MERY CAMACHO OROZACO',1,''),(792,'2014-01-15 21:18:35',5,10,'427','KATERINE RAMOS',1,''),(793,'2014-01-15 21:20:00',5,10,'428','LILIANA GARCIA',1,''),(794,'2014-01-15 21:21:16',5,10,'429','EMILCE RIVERA',1,''),(795,'2014-01-15 21:22:12',5,10,'430','MIRIAM BUSTAMENTE',1,''),(796,'2014-01-15 21:23:01',5,10,'431','NELSON CASTRO',1,''),(797,'2014-01-15 21:23:54',5,10,'432','MIRIAM MORALES SOTO',1,''),(798,'2014-01-15 21:24:14',3,10,'433','ARGENI JOHANA RUBIO',1,''),(799,'2014-01-15 21:24:47',5,10,'434','JULIO CARDENAS ',1,''),(800,'2014-01-15 21:29:33',3,13,'44','FERNANDO NEIRA',1,''),(801,'2014-01-15 21:31:15',3,10,'435','JHON FREDY HERNANDEZ',1,''),(802,'2014-01-15 21:32:18',3,10,'436','JINETH LUCIA NEIRA ORTIZ',1,''),(803,'2014-01-15 21:33:38',3,10,'437','JEISON ANDRES NEIRA ORTIZ',1,''),(804,'2014-01-15 21:34:33',3,10,'438','FABIO PERDOMO ALMEIDA',1,''),(805,'2014-01-15 21:39:11',5,13,'45','LUIS FERNANDO VILLAMIL',1,''),(806,'2014-01-15 21:40:47',5,10,'439','ANGELA MOSQUERA LUBRIQ',1,''),(807,'2014-01-15 21:42:13',5,10,'440','MATILDE EMELINA VARGAS',1,''),(808,'2014-01-15 21:42:59',3,10,'441','JOSSIANI MARIA FERRER',1,''),(809,'2014-01-15 21:46:42',5,10,'442','MARISOL RUBIANO CASAS',1,''),(810,'2014-01-15 21:55:13',3,10,'443','JUAN DE DIOS TORRES',1,''),(811,'2014-01-15 21:56:14',3,10,'444','OSCAR CASTRO ROMERO',1,''),(812,'2014-01-15 21:57:47',5,10,'445','NORMA CECILIA FERNANDEZ ',1,''),(813,'2014-01-15 21:58:40',3,10,'446','JORGE E. BOLAÑOS',1,''),(814,'2014-01-15 21:59:46',3,10,'447','ORLANDO SANCHEZ',1,''),(815,'2014-01-15 22:00:09',5,10,'448','GLADYZ ARDILA GALVIZ',1,''),(816,'2014-01-15 22:01:14',3,10,'449','CARLOS NOGUERA MARTINEZ',1,''),(817,'2014-01-15 22:08:11',5,10,'424','ACENED CATAÑO',2,'Modificado/a direccion.'),(818,'2014-01-15 22:08:43',5,10,'426','LUZ MERY CAMACHO OROZACO',2,'Modificado/a direccion.'),(819,'2014-01-15 22:10:03',5,10,'433','ARGENI JOHANA RUBIO',2,'Modificado/a direccion.'),(820,'2014-01-15 22:12:17',3,13,'46','HUGO NEIRA',1,''),(821,'2014-01-15 22:13:25',3,10,'450','BLANCA RUIZ',1,''),(822,'2014-01-15 22:14:11',3,10,'451','86065642',1,''),(823,'2014-01-15 22:14:48',3,10,'451','LERRY HOLDIMER',2,'Modificado/a cedula y nombre.'),(824,'2014-01-15 22:15:34',3,10,'452','LUBER PARRADO',1,''),(825,'2014-01-15 22:16:20',3,10,'453','CRISTINA CALDERON',1,''),(826,'2014-01-15 22:17:18',3,10,'454','JORGE GONZALEZ',1,''),(827,'2014-01-15 22:18:27',3,10,'455','JORGE ORLANDO ORJUELA',1,''),(828,'2014-01-15 22:19:08',3,10,'456','PATRICIA HERRERA FUENTES',1,''),(829,'2014-01-15 22:20:12',3,10,'457','DIEGO HERNANDEZ ARDILA',1,''),(830,'2014-01-15 22:21:12',3,13,'47','BERTHA PATRICIA BELTRAN LAMPREA',1,''),(831,'2014-01-15 22:22:03',3,10,'458','ELIANA BELTRAN LAMPREA ',1,''),(832,'2014-01-15 22:23:00',3,10,'459','WILSON BARRETO',1,''),(833,'2014-01-15 22:24:10',3,10,'460','LUZ DARY MARIN ',1,''),(834,'2014-01-15 22:25:05',3,10,'461','FLORENTINA CHAVERRA',1,''),(835,'2014-01-15 22:25:55',3,10,'462','TEOFILO LAMPREA ',1,''),(836,'2014-01-15 22:28:01',3,10,'463','YULY ANDREA ARCILA',1,''),(837,'2014-01-15 22:28:42',3,10,'464','WILLIAM BARRETO ',1,''),(838,'2014-01-15 22:29:59',3,10,'465','JULIA BARRETO AYALA',1,''),(839,'2014-01-15 22:39:12',3,10,'466','OLGA LUCIA ALVARADO',1,''),(840,'2014-01-15 22:46:48',3,13,'48','ROSALBA PARDO GONZALEZ',1,''),(841,'2014-01-15 22:57:24',3,10,'467','ANDRES FELIPE AMAYA',1,''),(842,'2014-01-15 22:58:12',3,10,'468','ORLANDO BARRETO BARRETO',1,''),(843,'2014-01-15 23:00:18',5,13,'49','MARIA VICTORIA DUARTE QUINTERO',1,''),(844,'2014-01-15 23:01:23',5,10,'469','MARTHA CECILIA MORALES',1,''),(845,'2014-01-15 23:01:36',3,10,'470','CLARA ISABEL MARTINEZ',1,''),(846,'2014-01-15 23:02:31',3,10,'471','EDGAR BELTRAN',1,''),(847,'2014-01-15 23:03:11',5,10,'472','JOSE ERNESTO BELTRAN',1,''),(848,'2014-01-15 23:03:29',5,10,'473','ESPERANZA MORALES',1,''),(849,'2014-01-15 23:04:03',3,10,'474','NORA MARITZA HOLGUIN',1,''),(850,'2014-01-15 23:04:27',5,10,'475','HILDER FERNANDO',1,''),(851,'2014-01-15 23:04:34',5,10,'476','MARIA EUDALIA DUQUE',1,''),(852,'2014-01-15 23:05:19',3,10,'477','ANDRES FELIPE CALDERON',1,''),(853,'2014-01-15 23:06:18',5,10,'478','MIRIAM BUSTAMANTE',1,''),(854,'2014-01-15 23:06:47',3,13,'50','DEYANIRA RINCON',1,''),(855,'2014-01-15 23:07:44',3,10,'479','MAIDE LADINO',1,''),(856,'2014-01-15 23:08:30',5,10,'480','JOSE ANGEL MIRO SANCHEZ',1,''),(857,'2014-01-15 23:09:25',5,10,'481','DANIELA CARDENAS GARZON',1,''),(858,'2014-01-15 23:09:50',3,10,'482','EDILMA BUITRAGO',1,''),(859,'2014-01-15 23:10:16',5,10,'483','BLANCA ESMERALDA DIAZ',1,''),(860,'2014-01-15 23:10:38',3,10,'484','LUIS ARMANDO PINTO',1,''),(861,'2014-01-15 23:11:09',5,10,'485','NELFI SANCHEZ DIAZ',1,''),(862,'2014-01-15 23:11:59',3,10,'486','CLINTON CARRILLO',1,''),(863,'2014-01-15 23:12:32',5,10,'487','GLORIA SHIRLEY CRUZ',1,''),(864,'2014-01-15 23:12:36',3,10,'488','MAURICIO GOMEZ',1,''),(865,'2014-01-15 23:13:22',5,10,'489','YEISON GARZON MERCHAN',1,''),(866,'2014-01-15 23:13:33',3,10,'490','GUILLERMO MENDOZA',1,''),(867,'2014-01-15 23:13:43',5,10,'491','NELSON CASTRO',1,''),(868,'2014-01-15 23:14:40',5,10,'492','MIREYA CELIS',1,''),(869,'2014-01-15 23:15:43',5,10,'493','CRISTIAN BAUTISTA',1,''),(870,'2014-01-15 23:16:36',5,10,'494','NELCY MENDOZA',1,''),(871,'2014-01-15 23:17:47',5,13,'51','JOSE OQUENDO ',1,''),(872,'2014-01-15 23:19:44',3,10,'495','MARLENY CARDENAS',1,''),(873,'2014-01-15 23:20:00',5,10,'496','JAVIER REINEL RINCON BALLESTEROS ',1,''),(874,'2014-01-15 23:20:59',5,13,'52','ADRIANA CUBIDEZ',1,''),(875,'2014-01-15 23:22:01',3,10,'497','JUAN CAMILO ALMANZA',1,''),(876,'2014-01-15 23:22:19',5,10,'498','ROSSY NORELLA GONZALEZ REITA',1,''),(877,'2014-01-15 23:22:50',3,10,'499','EYDA YURLEI PINILLA GOMEZ',1,''),(878,'2014-01-15 23:23:16',5,10,'500','MERY CONSTANZA ROJAS',1,''),(879,'2014-01-15 23:24:18',5,10,'501','LUIS ENRIQUE NOGUERA',1,''),(880,'2014-01-15 23:24:20',5,10,'502','AURORA ARIZA GODOY ',1,''),(881,'2014-01-15 23:24:27',3,10,'503','ELSA RODRIGUEZ',1,''),(882,'2014-01-15 23:25:15',5,10,'504','JHON OLAYA ',1,''),(883,'2014-01-15 23:25:33',3,10,'505','SORAIDA PARRADO',1,''),(884,'2014-01-15 23:25:35',5,10,'506','ELIAS MORENO',1,''),(885,'2014-01-15 23:26:03',5,10,'507','NORBELLY CUBIDES',1,''),(886,'2014-01-15 23:26:16',5,10,'508','MARTHA ORJUELA CAMPOS ',1,''),(887,'2014-01-15 23:27:15',5,10,'509','FLOR RAMOS ',1,''),(888,'2014-01-15 23:27:46',5,10,'510','CARMENZA ROZO',1,''),(889,'2014-01-15 23:28:08',5,10,'511','MARTHA SORAYA VARGAS CASTRILLON ',1,''),(890,'2014-01-15 23:28:52',5,10,'512','NANCY EDILMA RUEDA',1,''),(891,'2014-01-15 23:29:08',5,10,'513','FLORICEL CHAVEZ MORENO ',1,''),(892,'2014-01-15 23:29:25',5,10,'514','YESSIKA ANDREA HERRERA',1,''),(893,'2014-01-15 23:29:49',5,10,'515','YAKELINE CHAVEZ ',1,''),(894,'2014-01-15 23:30:09',5,10,'516','EDISON ALEXANDER CUBIDES',1,''),(895,'2014-01-15 23:30:33',3,13,'53','ADRIANA GUARNIZO',1,''),(896,'2014-01-15 23:30:36',5,10,'517','JAIVER ALBERTO RINCON ',1,''),(897,'2014-01-15 23:30:53',5,10,'518','KATERINE GUASCO',1,''),(898,'2014-01-15 23:31:20',5,10,'519','MARIA ISABEL PARRADO MOLANO ',1,''),(899,'2014-01-15 23:32:10',5,10,'520','HERMENCIA ORDUZ BERNAL ',1,''),(900,'2014-01-15 23:32:19',3,10,'521','AMANDA JIMENEZ TORRES',1,''),(901,'2014-01-15 23:32:58',5,10,'522','YANETH PRIETO',1,''),(902,'2014-01-15 23:34:34',3,10,'523','JORGE PARRADO',1,''),(903,'2014-01-15 23:35:22',3,10,'524','MAIDER GUIZA',1,''),(904,'2014-01-15 23:36:11',3,10,'525','MARIA HELENA TORO',1,''),(905,'2014-01-15 23:37:09',5,13,'54','FERNANDO MOLINA',1,''),(906,'2014-01-15 23:39:13',5,13,'55','AYDE MORALES',1,''),(907,'2014-01-15 23:39:30',5,13,'54','FERNANDO MOLINA',2,'Modificado/a celular y direccion.'),(908,'2014-01-15 23:39:58',3,13,'56','SANDRA PATRICIA CASTAÑEDA                                              ',1,''),(909,'2014-01-15 23:40:36',3,10,'526','TATIANA MARYURI VALLEJO',1,''),(910,'2014-01-15 23:41:01',5,10,'527','MARTHA PATRICIA CUBILLOS',1,''),(911,'2014-01-15 23:41:52',5,10,'528','ANGELICA PATRICIA GARCIA',1,''),(912,'2014-01-15 23:44:28',3,10,'529','OLINDE NARANJO',1,''),(913,'2014-01-15 23:45:04',3,10,'530','FLORALBA CASTAÑEDA RODRIGUEZ',1,''),(914,'2014-01-15 23:46:46',3,10,'531','ZULMA GOMEZ MEZA',1,''),(915,'2014-01-15 23:47:34',3,10,'532','BRAYAN ALEXANDER MARULANDA',1,''),(916,'2014-01-16 00:25:20',5,13,'57','LUZ ADRIANA CUBIDES ',1,''),(917,'2014-01-16 00:29:55',5,13,'58','LUIS ENRIQUE NOGUERA',1,''),(918,'2014-01-16 01:46:58',5,10,'533','BLANCA NIDIA MOSQUERA',1,''),(919,'2014-01-16 01:49:11',5,10,'534','ELSY JIMENEZ',1,''),(920,'2014-01-16 01:50:31',5,10,'535','WILLIAM GONZALEZ POVEA',1,''),(921,'2014-01-16 13:38:25',3,9,'8','YESID BUELVAS',1,''),(922,'2014-01-16 13:43:04',5,9,'8','YESID BUELVAS',2,'Modificado/a cedula, celular y direccion.'),(923,'2014-01-16 13:44:19',5,13,'59','FATINISA MARIN LINARES',1,''),(924,'2014-01-16 13:45:34',5,10,'536','LUCERO GARCIA NIEVA',1,''),(925,'2014-01-16 13:47:36',5,10,'537','MARIA LEONOR LEON',1,''),(926,'2014-01-16 13:48:19',5,10,'538','SANDRA MILENA RUIZ',1,''),(927,'2014-01-16 13:49:04',5,10,'539','KEIDY PEREA',1,''),(928,'2014-01-16 13:50:03',5,10,'540','JONATHAN MARTIN SALAZAR',1,''),(929,'2014-01-16 13:50:45',5,10,'540','JONATHAN MARTIN SALAZAR',2,'Modificado/a cedula.'),(930,'2014-01-16 13:52:02',5,10,'541','MAGDA KATHERINE CASTILLO GAITAN',1,''),(931,'2014-01-16 13:53:49',5,13,'60','FELIX DELGADO ',1,''),(932,'2014-01-16 13:54:41',5,10,'542','CRISTIAN MARIO LADINEZ',1,''),(933,'2014-01-16 13:55:29',5,10,'543','LUZ FANCEDY BENITEZ',1,''),(934,'2014-01-16 13:56:24',5,10,'544','ARCESIO BARREIRO TRUJILLO',1,''),(935,'2014-01-16 14:00:43',5,10,'545','FELIX JOAQUIN RUEDA',1,''),(936,'2014-01-16 14:02:14',5,10,'546','NORMA COSTANZA ALVAREZ',1,''),(937,'2014-01-16 14:03:07',5,10,'547','YANETH GONZALEZ GUZMAN',1,''),(938,'2014-01-16 14:03:53',5,10,'548','MARTHA ISABEL TORRES',1,''),(939,'2014-01-16 14:04:35',5,10,'549','GEIDY LUCIA CAMELO',1,''),(940,'2014-01-16 14:06:11',5,13,'61','ARMANDO GONZALEZ HERRERA',1,''),(941,'2014-01-16 14:07:16',5,10,'550','LILIANA JARAMILLO',1,''),(942,'2014-01-16 14:08:14',5,10,'551','DORA LILIA BALANTA COLLAZOS',1,''),(943,'2014-01-16 14:09:17',5,10,'552','AURORA YANETH CORREALES',1,''),(944,'2014-01-16 14:10:27',5,10,'553','DEISY YANETH AHUMADA',1,''),(945,'2014-01-16 14:11:29',5,10,'554','JUAN CARLOS CORREALES',1,''),(946,'2014-01-16 14:12:18',5,10,'555','CARMEN DELIA RINCON',1,''),(947,'2014-01-16 14:13:04',5,10,'556','MARIA JOSEFINA ROSO',1,''),(948,'2014-01-16 14:13:51',5,10,'557','BLANCA GONZALEZ HERRERA',1,''),(949,'2014-01-16 14:17:04',3,13,'62','VIANEY ALARCON',1,''),(950,'2014-01-16 14:18:27',5,13,'63','ANDRE CATALINA OSPINA',1,''),(951,'2014-01-16 14:20:11',5,10,'558','LUDY TATIANA RUIZ SANCHEZ',1,''),(952,'2014-01-16 14:20:46',5,10,'559','MARTHA LUCIA RUIZ',1,''),(953,'2014-01-16 14:23:53',5,10,'560','MARIA MAGNOLIA GONZALES',1,''),(954,'2014-01-16 14:24:32',3,13,'64','MARICELI MORALES',1,''),(955,'2014-01-16 14:25:22',5,10,'561','JASMIN TERESA MOSQUERA',1,''),(956,'2014-01-16 14:26:15',5,10,'562','MARIA ISABEL LOPEZ',1,''),(957,'2014-01-16 14:27:40',5,13,'65','EDISON RUIZ ALARCON ',1,''),(958,'2014-01-16 14:28:42',5,10,'563','ANDREA LOPEZ GONZALES',1,''),(959,'2014-01-16 14:29:30',5,10,'564','DIEGO ALEJANDRO MACHADOR',1,''),(960,'2014-01-16 14:31:00',3,13,'62','VIANEY ALARCON',2,'Modificado/a cedula.'),(961,'2014-01-16 14:32:32',5,10,'565','CAROLINA RODRIGUEZ',1,''),(962,'2014-01-16 14:33:12',5,10,'566','JAVIER RUIZ ALARCON',1,''),(963,'2014-01-16 14:40:35',5,13,'66','LIDERES SOLOS 1',1,''),(964,'2014-01-16 14:42:01',5,10,'567','STELLA DIAZ',1,''),(965,'2014-01-16 14:42:45',3,13,'67','ELIZABETH ACEVEDO',1,''),(966,'2014-01-16 14:45:57',3,13,'68','LUIS FERNANDO BERMUDEZ',1,''),(967,'2014-01-16 14:47:35',3,10,'568','GLORIA CARVAJAL VALENCIA',1,''),(968,'2014-01-16 14:48:13',5,10,'569','AMELIA MONTENEGRO',1,''),(969,'2014-01-16 14:48:23',3,10,'570','KELLY JOHANNA DIAZ',1,''),(970,'2014-01-16 14:49:12',3,10,'571','CATALINA CASTILLO OLAYA',1,''),(971,'2014-01-16 14:50:08',3,10,'572','CLAUDIA VIRGUEZ NAVARRO',1,''),(972,'2014-01-16 14:51:25',5,10,'573','DARIO GIBERTO CARRILLO',1,''),(973,'2014-01-16 14:52:10',3,10,'574','YURLEIDY PALACIOS CUESTA',1,''),(974,'2014-01-16 14:52:22',5,10,'575','ESPERANZA  VARGAS',1,''),(975,'2014-01-16 14:53:37',3,10,'576','LUZ DARY ESPINOSA',1,''),(976,'2014-01-16 14:53:41',5,10,'577','UVALDINA MORENO VERA',1,''),(977,'2014-01-16 14:53:51',5,10,'72','LUZ MILA VANEGAS',2,'Modificado/a cedula, nombre, celular y direccion.'),(978,'2014-01-16 14:54:48',5,10,'578','SANDRA YOLIMA BARBOSA',1,''),(979,'2014-01-16 14:55:19',3,10,'579','BIVIER ZAPATA',1,''),(980,'2014-01-16 14:55:44',5,10,'580','KAREN LORENA ESCOBAR PARRADO ',1,''),(981,'2014-01-16 14:56:46',3,10,'581','DIANA MILENA VARGAS',1,''),(982,'2014-01-16 14:56:47',5,10,'582','DIEGO JULIAN LEON ACEVEDO ',1,''),(983,'2014-01-16 14:57:44',5,10,'582','DIEGO JULIAN LEON ACEVEDO ',2,'No ha cambiado ningún campo.'),(984,'2014-01-16 15:00:36',5,10,'583','ERIKA ROCIO BOLAÑOS',1,''),(985,'2014-01-16 15:02:37',3,10,'584','MARIA IRENE BUSTOS VELASQUEZ',1,''),(986,'2014-01-16 15:04:18',3,10,'585','ANGELA ADRIANA GONZALEZ',1,''),(987,'2014-01-16 15:05:44',3,10,'586','ROSMIRA DAZA',1,''),(988,'2014-01-16 15:08:08',5,9,'3','WILLIAM RUBIO',2,'Modificado/a cedula y direccion.'),(989,'2014-01-16 15:21:57',5,9,'9','DORA HELENA LOPEZ',1,''),(990,'2014-01-16 15:25:14',1,11,'4','Maria Fernanda Otalora',1,''),(991,'2014-01-16 15:36:43',3,13,'69','MARTHA LILIA BERMUDEZ ',1,''),(992,'2014-01-16 15:40:23',3,10,'587','JAVIER ALEJANDRO BERMUDEZ',1,''),(993,'2014-01-16 15:41:35',3,10,'588','NINI JOHANNA RODRIGUEZ',1,''),(994,'2014-01-16 15:42:27',3,10,'589','NANCY RUIZ CARDENAS',1,''),(995,'2014-01-16 15:43:45',3,10,'590','ANGELLY GALEANO',1,''),(996,'2014-01-16 15:45:57',5,13,'66','LIDERES SOLOS 7',2,'Modificado/a nombre.'),(997,'2014-01-16 15:46:33',3,10,'591','JOHANNA MOSQUERA',1,''),(998,'2014-01-16 15:46:43',5,10,'592','LIDERES SOLOS 2',1,''),(999,'2014-01-16 15:49:00',5,13,'70','LIDERES SOLOS 2',1,''),(1000,'2014-01-16 15:50:52',5,10,'593','JHON GARCIA ROJAS',1,''),(1001,'2014-01-16 15:51:21',5,10,'594','CECILIA AGUDELO',1,''),(1002,'2014-01-16 15:52:05',5,10,'595','WILLIAM ALEXANDER HERRERA',1,''),(1003,'2014-01-16 15:52:57',5,10,'596','SANDRA MIREY RAMIREZ GARZON',1,''),(1004,'2014-01-16 15:53:56',5,10,'597','BREIDY GUTIERREZ',1,''),(1005,'2014-01-16 15:56:46',5,10,'598','JESUS QUEVEDO',1,''),(1006,'2014-01-16 15:58:10',5,10,'599','JUAN CAMILO HORTUA',1,''),(1007,'2014-01-16 15:59:18',5,10,'600','JHONY GOMEZ',1,''),(1008,'2014-01-16 16:00:07',5,10,'601','ELISEO ARENAS',1,''),(1009,'2014-01-16 16:01:03',5,10,'602','FABIAN DELGADO',1,''),(1010,'2014-01-16 16:03:22',5,10,'603','MIRIAM MARTINEZ PEÑALOZA',1,''),(1011,'2014-01-16 16:04:13',5,10,'604','SILVIO GOMEZ',1,''),(1012,'2014-01-16 16:06:10',5,10,'605','ASTRID ELENA OCHOA',1,''),(1013,'2014-01-16 16:06:24',5,10,'606','DORIS MARTINEZ',1,''),(1014,'2014-01-16 16:07:39',5,10,'607','BLANCA GLADYS PEREA',1,''),(1015,'2014-01-16 16:07:55',3,13,'71','EDELMIRA SALINAS',1,''),(1016,'2014-01-16 16:07:57',5,10,'608','YESSICA URREGO RODRIGUEZ',1,''),(1017,'2014-01-16 16:08:33',5,10,'609','DAVID CALENTURA',1,''),(1018,'2014-01-16 16:09:36',5,10,'610','JANETH OCHOA',1,''),(1019,'2014-01-16 16:10:10',3,10,'611','MAARISOL QUINTERO SALAZAR',1,''),(1020,'2014-01-16 16:10:28',5,10,'612','KILLIAM GUTIERREZ',1,''),(1021,'2014-01-16 16:11:04',5,10,'613','DIEGO ANTONIO CRUZ',1,''),(1022,'2014-01-16 16:11:14',3,10,'614','RUBI HELENA QUEVEDO',1,''),(1023,'2014-01-16 16:11:52',5,10,'615','LUIS HELMAN QUINTERO',1,''),(1024,'2014-01-16 16:12:36',5,10,'616','EULINA CRUZ GIL',1,''),(1025,'2014-01-16 16:12:51',3,10,'617','ANDREA SUAREZ',1,''),(1026,'2014-01-16 16:13:17',5,10,'618','MIGUEL MATIZ BOSA',1,''),(1027,'2014-01-16 16:13:55',5,10,'619','LUZ MARINA GIL',1,''),(1028,'2014-01-16 16:14:04',3,10,'620','LUZ MARINA LOPEZ',1,''),(1029,'2014-01-16 16:14:57',5,10,'621','OLIVERIO AGUDELO',1,''),(1030,'2014-01-16 16:15:31',5,10,'622','ANGIE PERDOMO',1,''),(1031,'2014-01-16 16:16:43',5,10,'623','LILIANA OCHOA AGUDELO',1,''),(1032,'2014-01-16 16:17:19',3,10,'624','INGRID SORLEY SANCHEZ ',1,''),(1033,'2014-01-16 16:17:22',5,10,'625','OLGA BERNAL',1,''),(1034,'2014-01-16 16:17:51',5,9,'10','IVAN MARTINEZ',1,''),(1035,'2014-01-16 16:17:55',5,10,'626','JHONY SMITH GARNICA',1,''),(1036,'2014-01-16 16:18:46',5,10,'627','FANY QUEVEDO ',1,''),(1037,'2014-01-16 16:19:57',5,10,'628','MARYBEL MATIZ',1,''),(1038,'2014-01-16 16:20:57',5,10,'629','LUZ HELENA RIVERA ',1,''),(1039,'2014-01-16 16:22:24',3,10,'630','GRACIELA GALLO ARIAS',1,''),(1040,'2014-01-16 16:26:51',1,11,'4','Maria Fernanda Otalora',3,''),(1041,'2014-01-16 16:26:51',1,11,'3','Brayan Arias',3,''),(1042,'2014-01-16 16:26:51',1,11,'2','dario ortega hernandez',3,''),(1043,'2014-01-16 16:26:51',1,11,'1','Andres Mauricio Pinzon',3,''),(1044,'2014-01-16 16:27:30',5,13,'72','EDILBERTO GONZALES HERRERA',1,''),(1045,'2014-01-16 16:28:36',3,10,'617','GABRIELA ANDREA SUAREZ',2,'Modificado/a nombre.'),(1046,'2014-01-16 16:29:32',5,10,'631','CESAR AUGUSTO PIÑEROS',1,''),(1047,'2014-01-16 16:38:33',5,13,'73','MARIO SUAREZ',1,''),(1048,'2014-01-16 16:39:50',5,10,'632','MARIA RUTH CESPEDES',1,''),(1049,'2014-01-16 16:41:03',5,10,'633','TERESA MARIN',1,''),(1050,'2014-01-16 16:41:59',5,10,'634','ROSALBA LOZANO ACOSTA',1,''),(1051,'2014-01-16 16:43:13',5,10,'635','NORBERTO SALDAÑA LOZANO',1,''),(1052,'2014-01-16 16:44:03',5,10,'634','ROSALBA LOZANO ACOSTA',2,'Modificado/a direccion.'),(1053,'2014-01-16 16:45:12',5,10,'636','ANA JUAQUIN ROCILLO PARRA',1,''),(1054,'2014-01-16 16:47:32',1,10,'631','CESAR AUGUSTO PIÑEROS',3,''),(1055,'2014-01-16 16:47:55',1,13,'72','EDILBERTO GONZALES HERRERA',3,''),(1056,'2014-01-16 16:50:39',5,10,'637','EDILBERTO GONZALES HERRERA',1,''),(1057,'2014-01-16 16:51:08',5,10,'638','MIREYA ROCIO PATIÑO',1,''),(1058,'2014-01-16 16:57:13',5,13,'74','MARIA EUGENIA NARANJO POSADA',1,''),(1059,'2014-01-16 16:57:26',5,13,'74','MARIA EUGENIA NARANJO POSADA',2,'No ha cambiado ningún campo.'),(1060,'2014-01-16 16:58:09',1,10,'340','LIDA ESPERANZA BASALLO',3,''),(1061,'2014-01-16 16:58:50',1,10,'343','BLANCA TRIVIÑO',3,''),(1062,'2014-01-16 16:59:04',5,10,'639','CAMILO ANDRES BIJUAVITA',1,''),(1063,'2014-01-16 16:59:17',5,10,'640','ELISABETH ROJAS ',1,''),(1064,'2014-01-16 16:59:31',1,10,'346','MIGUEL ANGEL GUTIERREZ',3,''),(1065,'2014-01-16 16:59:51',1,10,'347','DARIO DIAZ',3,''),(1066,'2014-01-16 16:59:58',5,10,'641','ALIZ FUENTES VELAZQUES',1,''),(1067,'2014-01-16 17:00:09',1,10,'349','RENAN VANEGAS',3,''),(1068,'2014-01-16 17:00:46',5,10,'642','LUZ ESTELA VASQUEZ',1,''),(1069,'2014-01-16 17:01:34',5,10,'643','YOLIMA PATIÑO',1,''),(1070,'2014-01-16 17:01:53',1,10,'644','BEANY EDNIS SUAREZ',1,''),(1071,'2014-01-16 17:02:19',5,10,'645','SONIA MORALES',1,''),(1072,'2014-01-16 17:03:18',5,10,'646','WILFER ALEXANDER HERNANDEZ',1,''),(1073,'2014-01-16 17:06:32',5,10,'647','ALVARO BAQUERO ',1,''),(1074,'2014-01-16 17:07:22',5,10,'648','EDUARDO ROJAS',1,''),(1075,'2014-01-16 17:08:31',5,10,'649','MATILDE VARGAS',1,''),(1076,'2014-01-16 17:11:32',5,10,'650','MAIRA PERDOMO',1,''),(1077,'2014-01-16 17:12:54',5,10,'651','FABIOLA VALENCIA ',1,''),(1078,'2014-01-16 17:13:59',5,10,'652','PAOLA MONTERO',1,''),(1079,'2014-01-16 17:15:05',5,10,'653','FIDEL MANRIQUE',1,''),(1080,'2014-01-16 17:15:23',5,10,'654','ANDREA CRUZ ALVIS',1,''),(1081,'2014-01-16 17:16:06',5,10,'655','BLANCA PAOLA HERNANDEZ',1,''),(1082,'2014-01-16 17:17:34',5,10,'656','FABER BONILLA',1,''),(1083,'2014-01-16 17:17:55',5,10,'657','LUZ MARINA ALEJO',1,''),(1084,'2014-01-16 17:18:26',5,10,'658','PAOLA SUAREZ',1,''),(1085,'2014-01-16 17:19:01',5,10,'659','ALEJANDRA ZULETA',1,''),(1086,'2014-01-16 17:19:47',5,10,'660','ALEXANDER RODRIGUEZ',1,''),(1087,'2014-01-16 17:20:43',5,10,'661','LUZ HELENA LONDOÑO',1,''),(1088,'2014-01-16 17:20:45',5,10,'662','ARMANDO GUAVITA',1,''),(1089,'2014-01-16 17:21:37',5,10,'663','BERTA REYES',1,''),(1090,'2014-01-16 17:21:44',5,10,'664','CAROL GUERRERO',1,''),(1091,'2014-01-16 17:22:49',5,10,'665','LUZ EMILCE CARRILLO',1,''),(1092,'2014-01-16 17:23:25',5,10,'666','NOHORA BELTRAN ',1,''),(1093,'2014-01-16 17:24:51',3,10,'667','LIZETH VILLAREAL MURCIA',1,''),(1094,'2014-01-16 17:25:29',5,10,'668','ANITA RODRIGUEZ',1,''),(1095,'2014-01-16 17:27:33',5,10,'669','MARIA ANGELA MIRANDA',1,''),(1096,'2014-01-16 17:27:35',3,10,'670','ORIANA MARCELA VANEGAS',1,''),(1097,'2014-01-16 17:28:28',5,10,'671','SONIA MONROY',1,''),(1098,'2014-01-16 19:12:13',5,13,'75','LUZ MIREYA CARREÑO',1,''),(1099,'2014-01-16 19:14:56',5,10,'672','BLANCA LILIA CASTAÑEDA',1,''),(1100,'2014-01-16 19:19:06',5,10,'673','ROSALBA CHIPATECUA',1,''),(1101,'2014-01-16 19:19:51',5,10,'674','HILDA HERNANDEZ ZARATE',1,''),(1102,'2014-01-16 19:20:56',5,10,'675','MARTHA GUTIERREZ',1,''),(1103,'2014-01-16 19:22:11',5,10,'676','DURLEY DIAZ',1,''),(1104,'2014-01-16 19:22:38',3,10,'677','ANDRES SUÑIGA',1,''),(1105,'2014-01-16 19:23:47',5,10,'678','ANA SISTA GUERRERO',1,''),(1106,'2014-01-16 19:24:25',3,10,'679','LALY MARCELA BASTO',1,''),(1107,'2014-01-16 19:24:59',5,10,'680','RUBY GARCIA ',1,''),(1108,'2014-01-16 19:25:56',3,10,'681','DUBAN ANCIZAR URREGO ',1,''),(1109,'2014-01-16 19:26:03',5,10,'682','CARMENELISA JARA',1,''),(1110,'2014-01-16 19:27:46',5,10,'683','OLIVER CATAÑO',1,''),(1111,'2014-01-16 19:28:44',5,10,'684','JOHANA ROJAS',1,''),(1112,'2014-01-16 19:29:24',5,10,'685','LAURA ROSA TORRES',1,''),(1113,'2014-01-16 19:31:10',5,10,'686','LILIANA CAROLONA',1,''),(1114,'2014-01-16 19:32:27',5,10,'687','JULY GUTIERREZ',1,''),(1115,'2014-01-16 19:33:05',3,10,'688','SANDY PARDO',1,''),(1116,'2014-01-16 19:33:13',5,13,'76','CARLOS EDUARDO TOLOSA ',1,''),(1117,'2014-01-16 19:33:47',5,10,'689','CECILIA HERNANDEZ',1,''),(1118,'2014-01-16 19:34:51',5,10,'690','OMAR DIAZ PEREZ',1,''),(1119,'2014-01-16 19:35:35',5,10,'691','NUBIA SANCHEZ',1,''),(1120,'2014-01-16 19:35:49',3,10,'692','MILLER ALEXANDER ',1,''),(1121,'2014-01-16 19:36:10',5,10,'693','JORGE ARMANDO QUINTERO',1,''),(1122,'2014-01-16 19:36:13',5,10,'694','ALBERTO GUTIERREZ',1,''),(1123,'2014-01-16 19:37:02',5,10,'695','PATRICIA ESPITIA',1,''),(1124,'2014-01-16 19:37:52',5,10,'696','ROSA DELIA BRIÑEZ',1,''),(1125,'2014-01-16 19:37:57',5,10,'697','BLANCA CECILIA BOBADILLA',1,''),(1126,'2014-01-16 19:38:13',3,10,'698','ADELINA MURCIA',1,''),(1127,'2014-01-16 19:39:20',5,10,'699','MAIVELLINE GAMBOA',1,''),(1128,'2014-01-16 19:39:39',3,10,'700','MAIRA ALEXANDRA LOPEZ',1,''),(1129,'2014-01-16 19:40:36',5,10,'701','BLANCA LILIA FUENTES RINCON',1,''),(1130,'2014-01-16 19:40:42',5,10,'702','PEDRO ANDREY TARAZONA',1,''),(1131,'2014-01-16 19:42:11',5,10,'703','MAIRA ALEJANDRA VARGAS LARA',1,''),(1132,'2014-01-16 19:42:14',5,10,'704','FABIAN DASSIRE',1,''),(1133,'2014-01-16 19:43:30',5,10,'705','AMALIA ABELLA',1,''),(1134,'2014-01-16 19:44:47',5,10,'706','FLOR LARA DE VARGAS',1,''),(1135,'2014-01-16 19:48:33',5,13,'77','LUIS TORRES BENITO',1,''),(1136,'2014-01-16 19:51:36',5,10,'707','NUBIA ASTRID RIVERA',1,''),(1137,'2014-01-16 19:54:14',5,10,'708','ANA SHIRLEY TORRES',1,''),(1138,'2014-01-16 19:55:59',5,10,'709','DORIS VARGAS',1,''),(1139,'2014-01-16 19:58:32',5,10,'710','LUZ AMPARO MELO',1,''),(1140,'2014-01-16 20:00:01',5,10,'711','GLADIS RIVERA',1,''),(1141,'2014-01-16 20:04:29',3,13,'78','ANA RODRIGUEZ',1,''),(1142,'2014-01-16 20:04:34',5,13,'79','FARIDY BUITRAGO NOGUERA',1,''),(1143,'2014-01-16 20:04:50',5,13,'80','LUZ DARY LUQUE RAMIREZ',1,''),(1144,'2014-01-16 20:05:57',5,10,'712','SULEIDY BUITRAGO NOGUERA',1,''),(1145,'2014-01-16 20:06:06',5,10,'713','NEREIDA CASTRO',1,''),(1146,'2014-01-16 20:06:48',5,10,'714','HAIDY CAMPOS',1,''),(1147,'2014-01-16 20:06:58',5,10,'715','GLENDA PULIDO',1,''),(1148,'2014-01-16 20:07:37',5,10,'716','MIRIAN DIAZ',1,''),(1149,'2014-01-16 20:07:50',5,10,'717','ROSA NELY GUTIERREZ',1,''),(1150,'2014-01-16 20:09:00',5,10,'718','ELVIRA RAMIREZ',1,''),(1151,'2014-01-16 20:12:20',5,10,'719','MONICA LILIANA CASTILLO',1,''),(1152,'2014-01-16 20:12:27',3,10,'720','CLAUDIA CRUZ',1,''),(1153,'2014-01-16 20:12:36',5,10,'721','ALEJANDRA GUTIEREZ',1,''),(1154,'2014-01-16 20:13:46',3,10,'722','JORGE ELIECER GUTIERREZ',1,''),(1155,'2014-01-16 20:13:50',5,10,'723','MELIDA MORENO',1,''),(1156,'2014-01-16 20:14:29',5,10,'724','ADRIANA REYES',1,''),(1157,'2014-01-16 20:15:13',5,10,'725','FERFEY CAMELO',1,''),(1158,'2014-01-16 20:16:12',5,10,'726','TRANSITO PORE',1,''),(1159,'2014-01-16 20:16:16',3,10,'727','PEDRO CRUZ',1,''),(1160,'2014-01-16 20:16:58',5,10,'728','LEIDY TATIANA VARGAS',1,''),(1161,'2014-01-16 20:17:04',5,10,'729','RAUL CASTAÑEDA',1,''),(1162,'2014-01-16 20:17:40',5,10,'730','ELSA OLAYA',1,''),(1163,'2014-01-16 20:18:31',3,10,'731','SILBERIO RODRIGUEZ',1,''),(1164,'2014-01-16 20:18:44',5,10,'732','NANCY HERNANDEZ',1,''),(1165,'2014-01-16 20:19:21',5,10,'733','CARLOS GUTIERREZ',1,''),(1166,'2014-01-16 20:20:02',5,10,'734','JAIRO MURILLO',1,''),(1167,'2014-01-16 20:20:05',1,13,'25','LUZ MARINA URREGO RODRIGUEZ',3,''),(1168,'2014-01-16 20:20:56',5,10,'735','LUZ ORFIDIA TORRES',1,''),(1169,'2014-01-16 20:22:06',5,10,'736','MARIA LOPEZ ROJAS',1,''),(1170,'2014-01-16 20:23:17',5,10,'737','RODRIGO CRUZ VALERO',1,''),(1171,'2014-01-16 20:25:19',5,10,'738','YINY JHOANA ROJAS',1,''),(1172,'2014-01-16 20:26:25',5,10,'739','YUFRY LORENA RODRIGUEZ',1,''),(1173,'2014-01-16 20:26:36',5,13,'81','JOSE ALVARO URRREA',1,''),(1174,'2014-01-16 20:27:40',5,10,'740','LICETH VIVIANA MENDEZ POSADA',1,''),(1175,'2014-01-16 20:27:59',5,10,'741','OMEGA TORRES RODRIGUEZ',1,''),(1176,'2014-01-16 20:30:07',5,10,'742','YENNI ALEJANDRA PRIETO',1,''),(1177,'2014-01-16 20:31:28',5,13,'82','AYDA FUERTES',1,''),(1178,'2014-01-16 20:32:12',5,10,'743','SILVIA VERNAZA',1,''),(1179,'2014-01-16 20:32:45',5,10,'744','LUZ MARI CORTES',1,''),(1180,'2014-01-16 20:33:13',5,10,'745','BIBIANA  PAOLA CASTAÑEDA RINCON',1,''),(1181,'2014-01-16 20:34:33',5,10,'746','ELVIA MARTINEZ',1,''),(1182,'2014-01-16 20:35:40',5,10,'747','NANCY HELENA VELAZQUES CUEVAS',1,''),(1183,'2014-01-16 20:37:21',5,10,'748','LUZ ANGELA CORRAL',1,''),(1184,'2014-01-16 20:37:31',3,10,'749','FABIOLA RODRIGUEZ',1,''),(1185,'2014-01-16 20:38:19',5,10,'750','ROSA ELVIRA GAMBOA',1,''),(1186,'2014-01-16 20:39:32',5,10,'751','CAROLINA DIAZ TRUJILLO',1,''),(1187,'2014-01-16 20:41:03',3,10,'752','CAROLINA PIEDRAHITA',1,''),(1188,'2014-01-16 20:43:07',3,10,'753','LUZ MARINA RODRIGUEZ',1,''),(1189,'2014-01-16 20:45:10',3,10,'754','ANDRES GOMEZ RAMIREZ',1,''),(1190,'2014-01-16 20:46:38',5,13,'83','ILDA ZAPAGAUTA',1,''),(1191,'2014-01-16 20:47:41',5,10,'755','GLADYS RAMIREZ',1,''),(1192,'2014-01-16 20:47:42',3,10,'756','HECTORIO TRIANA',1,''),(1193,'2014-01-16 20:48:10',5,13,'84','DEYSI PARRA',1,''),(1194,'2014-01-16 20:48:34',5,10,'757','LEYDI NAYIBE BERMUDEZ',1,''),(1195,'2014-01-16 20:49:19',5,10,'758','SOL OSPINA OSPINA',1,''),(1196,'2014-01-16 20:49:54',5,10,'759','LUZ NIDIA ZIPAGUAUTA',1,''),(1197,'2014-01-16 20:50:22',3,10,'760','CARMENZO PEÑA',1,''),(1198,'2014-01-16 20:50:22',5,10,'761','LUZ MARINA SANTANA AMORTEGUI',1,''),(1199,'2014-01-16 20:51:29',5,10,'762','MAYERLY MATOMA BENAVIDEZ',1,''),(1200,'2014-01-16 20:51:56',3,10,'763','ANA MENDEZ',1,''),(1201,'2014-01-16 20:52:44',5,13,'85','SANDRA VANEGAS CARREÑO',1,''),(1202,'2014-01-16 20:53:59',5,10,'764','MARITZA DEL PILAR VANEGAS',1,''),(1203,'2014-01-16 20:55:30',5,10,'765','SANDRA LILIANA RAMOS RODRIGUEZ',1,''),(1204,'2014-01-16 20:56:22',5,10,'766','HORACIO ALZATE ARANGO ',1,''),(1205,'2014-01-16 20:56:58',5,10,'767','FABIO ANDRES GUERRERO MOSCOSO',1,''),(1206,'2014-01-16 20:57:57',5,10,'768','LAURA LIZETH ZAPATA CALDAS',1,''),(1207,'2014-01-16 20:58:01',5,13,'86','ELVIA CHIZABAN',1,''),(1208,'2014-01-16 20:59:28',5,10,'769','CLAUDIA LUCIA VIDAL ARIZA ',1,''),(1209,'2014-01-16 21:00:31',5,10,'770','ANGIE XIOMARA VALERO CHIZABAS',1,''),(1210,'2014-01-16 21:01:31',5,10,'770','ANGIE XIOMARA VALERO CHIZABAS',2,'Modificado/a direccion.'),(1211,'2014-01-16 21:02:00',5,10,'770','ANGIE XIOMARA VALERO CHIZABAS',2,'No ha cambiado ningún campo.'),(1212,'2014-01-16 21:02:52',5,10,'771','CIELO DIAZ GARCIA',1,''),(1213,'2014-01-16 21:03:55',5,10,'772','DORA JANETH DELGADO POVEDA',1,''),(1214,'2014-01-16 21:05:55',5,10,'773','ALEXANDRA HURTADO MONROY',1,''),(1215,'2014-01-16 21:07:03',5,13,'87','OMAR HERNANDEZ',1,''),(1216,'2014-01-16 21:07:50',5,10,'774','LUZ MARINA MUÑOZ',1,''),(1217,'2014-01-16 21:08:53',5,10,'775','YOLANDA OZUNA',1,''),(1218,'2014-01-16 21:09:40',5,10,'776','LUIS ERNESTO GARZON',1,''),(1219,'2014-01-16 21:11:32',5,10,'777','LUIS ALFREDO TAMAYO',1,''),(1220,'2014-01-16 21:12:52',5,13,'88','CARMEN AMANDA GARCIA',1,''),(1221,'2014-01-16 21:12:54',5,10,'778','GLORIA GONZALEZ',1,''),(1222,'2014-01-16 21:13:47',5,10,'779','MARLEXBBY TORO',1,''),(1223,'2014-01-16 21:14:17',5,10,'780','FABIO GOMEZ SANABRIA',1,''),(1224,'2014-01-16 21:14:32',5,10,'781','JENNIFFER PUERTAS',1,''),(1225,'2014-01-16 21:16:09',5,10,'782','ZULMA MARINA AGUILERA',1,''),(1226,'2014-01-16 21:16:37',5,10,'783','ZORAIDA MEDINA',1,''),(1227,'2014-01-16 21:17:30',5,10,'784','DURLAY AGUILERA LINARES',1,''),(1228,'2014-01-16 21:18:58',5,10,'785','JHON EVER RUBIANO',1,''),(1229,'2014-01-16 21:19:42',5,10,'786','THOL VELASQUEZ MORENO',1,''),(1230,'2014-01-16 21:20:45',5,10,'787','YESICA PAOLA PERILLA',1,''),(1231,'2014-01-16 21:23:58',5,13,'89','ANA LUCINDA PEÑA',1,''),(1232,'2014-01-16 21:24:53',5,10,'788','NILSON MEJIA RAMIREZ',1,''),(1233,'2014-01-16 21:25:41',5,10,'789','VANESA CORZO',1,''),(1234,'2014-01-16 21:26:01',5,10,'790','SONIA YOLANDA CRUZ',1,''),(1235,'2014-01-16 21:26:23',5,10,'791','OLGA LUCIA RINCON',1,''),(1236,'2014-01-16 21:27:07',5,10,'792','SUSANA VAQUERO CASTRO',1,''),(1237,'2014-01-16 21:27:16',5,10,'793','ROSA MARIA PARRADO',1,''),(1238,'2014-01-16 21:28:33',5,10,'794','EFIGENIO BALAGUERA',1,''),(1239,'2014-01-16 21:29:03',5,10,'795','MARTHA ISABELA MORENO',1,''),(1240,'2014-01-16 21:30:23',5,10,'796','SUANY SULANYI SUAN SALAMANCA',1,''),(1241,'2014-01-16 21:31:02',5,10,'797','VIVIANA TORRES',1,''),(1242,'2014-01-16 21:32:00',5,10,'798','TERESA RINCON',1,''),(1243,'2014-01-16 21:32:21',5,10,'799','VIVIANA ESPINAL',1,''),(1244,'2014-01-16 21:32:55',5,10,'800','ELIZABETH RENGIFO',1,''),(1245,'2014-01-16 21:33:07',5,10,'801','MARIELA MORENO',1,''),(1246,'2014-01-16 21:33:56',5,10,'802','EDGAR ANCIZAR',1,''),(1247,'2014-01-16 21:34:03',5,10,'803','AURORA GARCIA',1,''),(1248,'2014-01-16 21:34:45',5,10,'804','LUZ MARINA FORERO',1,''),(1249,'2014-01-16 21:34:56',5,10,'805','CARMEN CISVAJANTE',1,''),(1250,'2014-01-16 21:35:47',5,10,'806','CLARIVEL JIMENEZ',1,''),(1251,'2014-01-16 21:36:11',5,10,'807','ALIRIO SANCHEZ',1,''),(1252,'2014-01-16 21:36:28',5,10,'808','ANA ELCY DIAZ',1,''),(1253,'2014-01-16 21:37:10',5,10,'809','ROBINSON RAMOS',1,''),(1254,'2014-01-16 21:37:16',5,10,'810','JOSEFINA CRUZ',1,''),(1255,'2014-01-16 21:37:53',5,10,'811','PILAR VELAZCO',1,''),(1256,'2014-01-16 21:38:12',5,10,'812','ANDREA MUÑOZ',1,''),(1257,'2014-01-16 21:38:42',5,10,'813','MARTINA ORTIZ',1,''),(1258,'2014-01-16 21:39:12',5,10,'814','MIREYA SIERRA',1,''),(1259,'2014-01-16 21:39:14',3,10,'640','ELIZABETH ROJAS ',2,'Modificado/a nombre.'),(1260,'2014-01-16 21:39:37',5,10,'815','AURA ARIZA AGUILAR',1,''),(1261,'2014-01-16 21:39:39',3,10,'640','ISABEL ROJAS ',2,'Modificado/a nombre.'),(1262,'2014-01-16 21:40:43',5,10,'816','LEIDY JOHANA GARCIA',1,''),(1263,'2014-01-16 21:40:44',5,10,'817','CORNELIA FONTELLA',1,''),(1264,'2014-01-16 21:41:46',5,10,'818','YULI CONTRERAS',1,''),(1265,'2014-01-16 21:41:50',3,10,'819','JORGE HUMBERTO DIAZ',1,''),(1266,'2014-01-16 21:41:57',5,10,'820','CAROLINA MOLANO',1,''),(1267,'2014-01-16 21:42:32',5,10,'821','ARELIS LONDOÑO',1,''),(1268,'2014-01-16 21:42:47',5,10,'822','GLORIA OSORIO RIOS',1,''),(1269,'2014-01-16 21:42:55',3,10,'823','SUSANA PARRA',1,''),(1270,'2014-01-16 21:43:21',5,10,'824','LEIDY HERRERA',1,''),(1271,'2014-01-16 21:43:37',5,10,'825','HERMELINDA CASTRO',1,''),(1272,'2014-01-16 21:44:03',5,10,'826','LINA PAOLA SAAVEDRA',1,''),(1273,'2014-01-16 21:44:27',3,10,'827','MARIA YOLIMA BARRERO',1,''),(1274,'2014-01-16 21:44:34',5,10,'828','OLIMPO ORDOÑEZ',1,''),(1275,'2014-01-16 21:44:44',5,10,'829','MARIA EUGENIA PIÑEROS ',1,''),(1276,'2014-01-16 21:45:48',5,10,'830','RESURRECION ORJUELA',1,''),(1277,'2014-01-16 21:46:35',5,10,'831','JULIETH SALINAS',1,''),(1278,'2014-01-16 21:49:37',5,10,'832','MARIA CARBONERO',1,''),(1279,'2014-01-16 21:50:25',5,10,'833','RAFAEL ANTONIO PAVON',1,''),(1280,'2014-01-16 21:51:59',3,10,'834','BLANCA CECILIA PARRA',1,''),(1281,'2014-01-16 21:52:08',5,10,'835','IRLEY MORENO GARZON',1,''),(1282,'2014-01-16 21:52:59',5,10,'836','BLANCA ROCIO VALDERRAMA',1,''),(1283,'2014-01-16 21:53:18',3,10,'837','MARTHA HELENA OCHOA',1,''),(1284,'2014-01-16 21:53:42',5,10,'838','YENY ARBELADES',1,''),(1285,'2014-01-16 21:54:21',3,10,'839','PATRICIO HERNANDEZ ',1,''),(1286,'2014-01-16 21:54:46',5,10,'840','VIVIANA ROZO CASTRO',1,''),(1287,'2014-01-16 21:55:08',5,13,'88','CARMEN AMANDA GARCIA',2,'Modificado/a cedula y direccion.'),(1288,'2014-01-16 21:55:20',5,10,'841','CRISTIAN ARAGON',1,''),(1289,'2014-01-16 22:05:13',5,13,'90','LUIS CARLOS MACIAS ',1,''),(1290,'2014-01-16 22:09:12',5,10,'842','SOFIA CASTAÑEDA',1,''),(1291,'2014-01-16 22:09:49',5,10,'843','LUZ  NELIDA AMAYA',1,''),(1292,'2014-01-16 22:10:13',5,10,'843','LUZ  NELIDA AMAYA',2,'Modificado/a observacion.'),(1293,'2014-01-16 22:11:05',5,10,'844','MARY LUZ CASTAÑEDA',1,''),(1294,'2014-01-16 22:13:46',5,10,'845','WILLIAM GONZALEZ',1,''),(1295,'2014-01-16 22:14:48',5,10,'846','JOSE DIXON ARAGON',1,''),(1296,'2014-01-16 22:15:22',5,10,'847','RICARDO CESPEDES',1,''),(1297,'2014-01-16 22:15:59',5,10,'848','ALBERTO QUINTERO',1,''),(1298,'2014-01-16 22:16:30',5,10,'849','SARA ROCIO HERNANDEZ',1,''),(1299,'2014-01-16 22:16:57',5,10,'850','ROCIO RODRIGUEZ',1,''),(1300,'2014-01-16 22:18:00',5,10,'851','SANDRA ROJAS',1,''),(1301,'2014-01-16 22:19:21',5,10,'852','MAGDA CARRILLO GUTIERREZ',1,''),(1302,'2014-01-16 22:20:03',5,10,'853','ROSA PEÑUELA',1,''),(1303,'2014-01-16 22:21:28',5,10,'854','GLORIA GUTIERREZ',1,''),(1304,'2014-01-16 22:25:13',5,10,'855','MANUELA BEJARANO',1,''),(1305,'2014-01-16 22:26:06',5,10,'791','OLGA LUCIA RINCON',2,'Modificado/a direccion.'),(1306,'2014-01-16 22:27:13',5,10,'856','CECILIA LOZANO',1,''),(1307,'2014-01-16 22:28:10',5,10,'857','OFELIA RODRIGUEZ',1,''),(1308,'2014-01-16 22:28:51',5,10,'858','MARIA  LINA ROZO NIÑO',1,''),(1309,'2014-01-16 22:29:40',5,10,'859','ALONSO PARRA CHACON',1,''),(1310,'2014-01-16 22:30:20',5,10,'860','CLAUDIA MONTERO PEDRAZA',1,''),(1311,'2014-01-16 22:31:11',5,10,'861','LEONARDO VALDERRAMA',1,''),(1312,'2014-01-16 22:31:18',5,10,'862','MONICA ALFONSO  ZAMBRANO',1,''),(1313,'2014-01-16 22:33:20',5,10,'863','JEISON CAICEDO',1,''),(1314,'2014-01-16 22:34:58',5,10,'864','DIANA DONCEL',1,''),(1315,'2014-01-16 22:36:05',5,10,'865','JOSE RAMON PEÑA',1,''),(1316,'2014-01-16 22:41:19',5,10,'866','SANDRA GUEVARA',1,''),(1317,'2014-01-16 22:43:29',5,10,'867','FRANCISCO ALCANTARA',1,''),(1318,'2014-01-16 22:44:28',5,10,'868','DORA NELLY ROZO',1,''),(1319,'2014-01-16 22:45:47',5,10,'869','LOREN YULIANA MORENO',1,''),(1320,'2014-01-16 22:47:36',5,10,'870','ISNELDI ARENAS',1,''),(1321,'2014-01-16 22:48:26',5,10,'871','FELISA CATALINA SILIO RODRIGUEZ ',1,''),(1322,'2014-01-16 22:48:51',5,10,'872','DIMER DAZA',1,''),(1323,'2014-01-16 22:49:01',5,10,'873','SANDRA ROZO',1,''),(1324,'2014-01-16 22:50:40',5,10,'874','CLAUDIA LILIANA GARAVITO',1,''),(1325,'2014-01-16 22:51:25',5,10,'875','ELISA BENAVIDES',1,''),(1326,'2014-01-16 22:52:11',5,10,'876','NELLY DUQUE',1,''),(1327,'2014-01-16 22:55:10',5,10,'877','JUAN CARLOS BENAIL',1,''),(1328,'2014-01-16 22:56:10',5,10,'878','NELBA ZUÑIGA',1,''),(1329,'2014-01-16 22:56:39',5,10,'879','GLADIS RUIZ PARRA',1,''),(1330,'2014-01-16 22:58:16',5,10,'880','DAYANA ABRIL',1,''),(1331,'2014-01-16 22:58:46',5,10,'881','CRISTIAN CAMILO LOZANO',1,''),(1332,'2014-01-16 22:59:31',5,10,'882','VIVIANA MARTINEZ',1,''),(1333,'2014-01-16 23:00:02',5,10,'883','JOSE LISANDRO REINA',1,''),(1334,'2014-01-16 23:00:24',5,10,'884','NIDIA MARTINEZ',1,''),(1335,'2014-01-16 23:00:43',5,10,'885','ANA LORENZA CAMACHO',1,''),(1336,'2014-01-16 23:00:47',3,10,'886','ARACELY QUIROGA',1,''),(1337,'2014-01-16 23:01:20',3,10,'887','JACOBO SANCHEZ',1,''),(1338,'2014-01-16 23:01:24',5,10,'888','MADELEINE DELGADO',1,''),(1339,'2014-01-16 23:01:33',5,10,'889','GUSTAVO REYES TORRES',1,''),(1340,'2014-01-16 23:02:06',3,10,'890','JUAN CRSITOBAL LOZANO',1,''),(1341,'2014-01-16 23:03:33',5,10,'891','GLORIA BERNAL',1,''),(1342,'2014-01-16 23:03:54',3,10,'892','JUAN ALBERTO ESPITIA',1,''),(1343,'2014-01-16 23:04:10',5,10,'893','LUCERO MARTINEZ',1,''),(1344,'2014-01-16 23:05:34',3,10,'894','GLORIA MUÑOZ',1,''),(1345,'2014-01-16 23:06:23',3,10,'895','BRIGIT VELASQUEZ',1,''),(1346,'2014-01-16 23:07:14',3,10,'896','LUZ MARINA GOMEZ BELTRAN',1,''),(1347,'2014-01-16 23:07:55',3,10,'897','NATALIA ANDREA URREGO',1,''),(1348,'2014-01-16 23:08:43',3,10,'898','FRANCY CASTAÑEDA ',1,''),(1349,'2014-01-16 23:09:51',5,13,'91','LUZ MARINA URREGO RODRIGUEZ',1,''),(1350,'2014-01-16 23:12:24',3,10,'899','TATIANA PULIDO',1,''),(1351,'2014-01-16 23:13:27',5,10,'900','MIRIAN MARTINEZ PEÑALOZA',1,''),(1352,'2014-01-16 23:13:29',3,10,'901','MAURICIO MACIAS',1,''),(1353,'2014-01-16 23:14:10',3,10,'902','CARLOS ANDRES CRUZ',1,''),(1354,'2014-01-16 23:15:01',3,10,'903','YANETH MILENA OSPINA',1,''),(1355,'2014-01-16 23:15:28',5,10,'904','YESICA URREGO MARTINEZ',1,''),(1356,'2014-01-16 23:16:29',3,10,'905','DUMAR HAMILTON SANCHEZ',1,''),(1357,'2014-01-16 23:16:30',5,10,'906','DORIS MARTINEZ',1,''),(1358,'2014-01-16 23:17:27',3,10,'907','DIANA SHIRLEY RODRIGUEZ',1,''),(1359,'2014-01-16 23:18:08',3,10,'908','SAMUEL BEJARANO',1,''),(1360,'2014-01-16 23:18:41',5,10,'909','NURY LEAL ZUÑIGA',1,''),(1361,'2014-01-16 23:18:42',3,10,'910','MARIA PATRICIA LEGUIZAMON',1,''),(1362,'2014-01-16 23:19:12',3,10,'911','EDWIN LINARES',1,''),(1363,'2014-01-16 23:19:20',5,10,'912','OFELIA SANCHEZ',1,''),(1364,'2014-01-16 23:21:05',5,10,'913','PEREGRINO RODRIGUEZ',1,''),(1365,'2014-01-16 23:22:05',5,10,'914','MERY RAMIREZ',1,''),(1366,'2014-01-16 23:23:40',5,10,'915','VICENTE ROZO',1,''),(1367,'2014-01-16 23:24:01',3,13,'92','ANA MARIA COSCIO',1,''),(1368,'2014-01-16 23:24:45',5,10,'916','MARIA NAIDU RODRIGUEZ',1,''),(1369,'2014-01-16 23:24:53',3,10,'917','JUAN CARLOS MORALES GAVIRIA',1,''),(1370,'2014-01-16 23:25:38',3,10,'918','CLAUDIA CAROLINA VALERO ORTIZ',1,''),(1371,'2014-01-16 23:25:39',5,10,'919','HELENA CAMACHO',1,''),(1372,'2014-01-16 23:26:11',3,10,'920','MARGARITZA GARZON',1,''),(1373,'2014-01-16 23:26:31',5,10,'921','YANETH ROZO',1,''),(1374,'2014-01-16 23:27:14',5,10,'922','GLORIA DIAZ GONZALEZ',1,''),(1375,'2014-01-16 23:28:25',5,10,'923','YASNEY CORDOBA CUESTA',1,''),(1376,'2014-01-16 23:29:38',3,10,'924','NORMA NURY VIAFARA VALENCIA',1,''),(1377,'2014-01-16 23:30:16',5,10,'925','CELMIRA DIAZ',1,''),(1378,'2014-01-16 23:30:20',3,10,'926','JULIETA VALENCIA',1,''),(1379,'2014-01-16 23:31:04',3,10,'927','YEIMY PAOLA MORALES',1,''),(1380,'2014-01-16 23:31:11',5,10,'928','OSCAR FERNEY RODRIGUEZ',1,''),(1381,'2014-01-16 23:31:51',3,10,'929','JOSE MANUEL MORALES',1,''),(1382,'2014-01-16 23:31:58',5,10,'930','ARACELI DIAZ GONZALES',1,''),(1383,'2014-01-16 23:32:35',3,10,'931','BRENDA JAZMIN MINA',1,''),(1384,'2014-01-16 23:33:40',3,10,'932','JESSICA SOLER',1,''),(1385,'2014-01-16 23:34:12',3,10,'933','MARTHA CECILIA JIMENEZ',1,''),(1386,'2014-01-16 23:44:43',3,13,'69','MARTHA LILIA BERMUDEZ ',2,'Modificado/a observacion.'),(1387,'2014-01-16 23:45:17',3,13,'60','FELIX DELGADO ',2,'Modificado/a observacion.'),(1388,'2014-01-16 23:46:01',5,13,'93','STELLA GONZALEZ  VILLADIEGO',1,''),(1389,'2014-01-16 23:50:31',5,13,'94','berenice rodriguez martinez',1,''),(1390,'2014-01-16 23:52:03',5,10,'934','MARCELA TRIVIÑO',1,''),(1391,'2014-01-16 23:52:10',3,13,'95','DORIS DIAZ',1,''),(1392,'2014-01-16 23:53:03',5,10,'935','MARTHA JANETH TRIVIÑO SANTIAGO',1,''),(1393,'2014-01-16 23:53:18',3,10,'936','ARAMINTA CBRERA',1,''),(1394,'2014-01-16 23:53:54',5,10,'937','SANDRA MILENA TRIVIÑO SANTIAGO',1,''),(1395,'2014-01-16 23:54:19',3,10,'938','YOLANDA PISCO DIAZ',1,''),(1396,'2014-01-16 23:54:52',3,10,'939','GLORIA ASTRID GOMEZ',1,''),(1397,'2014-01-16 23:54:59',5,10,'940','ROSABEL HERNANDEZ',1,''),(1398,'2014-01-16 23:55:46',3,10,'941','DEISY LUZ GOMEZ',1,''),(1399,'2014-01-16 23:56:18',3,10,'942','GLADYS CABRERA ',1,''),(1400,'2014-01-16 23:56:35',5,10,'943','GUILLERMO CASTAÑO VALENCIA',1,''),(1401,'2014-01-16 23:56:50',3,10,'944','VICTOR MANUEL TORRES',1,''),(1402,'2014-01-16 23:56:53',5,10,'945','RUBIELA  MORALES',1,''),(1403,'2014-01-16 23:57:35',3,10,'946','ASTRID DANIELA ZAPATA GOMEZ',1,''),(1404,'2014-01-16 23:59:55',5,10,'947','SARA RODRIGEZ ',1,''),(1405,'2014-01-17 00:05:23',5,13,'90','LUIS CARLOS MACIAS ',2,'Modificado/a cedula.'),(1406,'2014-01-17 00:28:48',1,11,'5','Romel palomino',1,''),(1407,'2014-01-17 00:29:44',1,11,'5','Romel palomino',3,''),(1408,'2014-01-17 13:48:42',5,13,'96','YANED CADENA MURCIA',1,''),(1409,'2014-01-17 13:50:27',5,10,'948','JHOANA MONRROY JAIMES',1,''),(1410,'2014-01-17 13:51:09',5,10,'949','JAIME BUSTO BONILL',1,''),(1411,'2014-01-17 13:51:42',5,10,'950','HECTOR ALEXIS CAMACHO',1,''),(1412,'2014-01-17 13:52:25',5,10,'951','YANDRY ZULEIMA ARIAS',1,''),(1413,'2014-01-17 13:57:52',5,10,'952','OSCAR LOAIZA',1,''),(1414,'2014-01-17 13:59:52',5,10,'953','NAYFE LUZ VALENCIA CASTRO',1,''),(1415,'2014-01-17 14:00:37',5,10,'954','YADIRA BARRIOS',1,''),(1416,'2014-01-17 14:04:42',5,10,'955','MONICA YASMIN CASPOCA',1,''),(1417,'2014-01-17 14:05:49',5,10,'956','AVELINO PINTO VEGA',1,''),(1418,'2014-01-17 14:08:28',5,10,'957','CAMILO PARRADO',1,''),(1419,'2014-01-17 14:18:04',5,10,'958','YOIS TORRES LEAL',1,''),(1420,'2014-01-17 14:19:27',5,10,'959','HUMBERTO BENAVIDES',1,''),(1421,'2014-01-17 14:20:23',5,10,'960','OLGA MARTINEZ MUÑUZ',1,''),(1422,'2014-01-17 14:23:54',4,10,'961','MARIVEL VALLEJO HERRERA',1,''),(1423,'2014-01-17 14:28:16',5,13,'97','LIDERES SOLOS 2',1,''),(1424,'2014-01-17 14:30:19',5,10,'962','GERALDO CALVERA',1,''),(1425,'2014-01-17 14:31:27',1,8,'153','San Ignacio',1,''),(1426,'2014-01-17 14:31:33',5,10,'963','VIVIANA PAOLA ULLUA',1,''),(1427,'2014-01-17 14:31:41',1,8,'153','SAN IGNACIO',2,'Modificado/a nombre.'),(1428,'2014-01-17 14:32:45',5,10,'964','ROBISON GARCIA',1,''),(1429,'2014-01-17 14:34:27',5,10,'965',' LIDIA ISABEL TORO',1,''),(1430,'2014-01-17 14:35:20',5,10,'966','AIDA NARANJO',1,''),(1431,'2014-01-17 14:36:26',5,10,'967','LUZ MILI TORO',1,''),(1432,'2014-01-17 14:37:52',4,11,'6','IVAN DE JESUS CAMACHO GIL',1,''),(1433,'2014-01-17 14:39:08',5,10,'968','MIRIAN TURRIAGO',1,''),(1434,'2014-01-17 14:39:55',4,11,'7','OFELIA CAMACHO GIL',1,''),(1435,'2014-01-17 14:40:11',5,10,'969','MARCELA VALENCIA',1,''),(1436,'2014-01-17 14:41:01',4,11,'8','HERMES PARRA GIL',1,''),(1437,'2014-01-17 14:42:27',5,10,'970','JOSE DIEGO LIZCANO',1,''),(1438,'2014-01-17 14:42:37',4,11,'9','DORA ALBA GUZMAN',1,''),(1439,'2014-01-17 14:43:52',5,10,'971','BLANCA SUAREZ',1,''),(1440,'2014-01-17 14:43:54',4,11,'10','WILSON VIRGILIO CAMACHO',1,''),(1441,'2014-01-17 14:45:08',5,10,'972','ANA SILVIA DIAZ CRUZ',1,''),(1442,'2014-01-17 14:45:24',4,11,'11','RICARDO ANDRES BONILLA',1,''),(1443,'2014-01-17 14:46:08',5,10,'973','GLORIS WALTEROS',1,''),(1444,'2014-01-17 14:46:26',4,11,'12','DANIEL BONILLA UMAÑA',1,''),(1445,'2014-01-17 14:47:23',5,10,'974','MARY LUZ BARRERA',1,''),(1446,'2014-01-17 14:47:37',4,11,'13','YAQUELINE UMAÑA',1,''),(1447,'2014-01-17 14:48:24',5,10,'975','OTTO WILSON LIZCANO TRIANA',1,''),(1448,'2014-01-17 14:48:34',4,11,'14','KAREN ALARCON',1,''),(1449,'2014-01-17 14:49:46',4,11,'15','RICARDO ANDRES CACERES',1,''),(1450,'2014-01-17 14:51:03',4,11,'16','LUZ NELA ARDILA BERRIO',1,''),(1451,'2014-01-17 14:52:09',4,11,'17','DIANA PATRICIA RANEL',1,''),(1452,'2014-01-17 14:53:58',4,11,'18','HECTOR PARRA GIL',1,''),(1453,'2014-01-17 14:58:16',4,11,'19','ANGELA DERLY GOMEZ',1,''),(1454,'2014-01-17 14:59:44',5,13,'98','LIDERES SOLOS 6',1,''),(1455,'2014-01-17 15:01:06',4,11,'20','MARIA GOMEZ',1,''),(1456,'2014-01-17 15:01:28',5,10,'976','ANA BLANCA CASTAÑO',1,''),(1457,'2014-01-17 15:02:20',4,11,'21','JULIETH VANESSA NIÑO GOMEZ',1,''),(1458,'2014-01-17 15:03:18',5,10,'977','YEISON CAÑON',1,''),(1459,'2014-01-17 15:03:27',4,11,'22','YOLANDA TAVERA',1,''),(1460,'2014-01-17 15:04:41',3,13,'99','PILAR OCHOA',1,''),(1461,'2014-01-17 15:05:35',4,11,'23','MIRLAIN YAZMIN MEDINA TAVERA',1,''),(1462,'2014-01-17 15:07:04',4,11,'24','DIEGO ALEJANDRO CARDENAS',1,''),(1463,'2014-01-17 15:07:40',1,8,'154','SAN CARLOS',1,''),(1464,'2014-01-17 15:08:13',4,11,'25','DIEGO MAURICIO MUÑOZ',1,''),(1465,'2014-01-17 15:09:45',5,10,'978','EDWIN FRANCISCO HUERTAS',1,''),(1466,'2014-01-17 15:09:55',3,10,'979','DORIS DAZA CHALA',1,''),(1467,'2014-01-17 15:10:55',5,10,'980','JENNI MARCELA TEJEIRO',1,''),(1468,'2014-01-17 15:11:58',5,10,'981','MERCEDES REPIZO',1,''),(1469,'2014-01-17 15:12:19',4,11,'26','JAIRO SERRANO',1,''),(1470,'2014-01-17 15:13:13',5,13,'100','LIDERES SOLOS 8',1,''),(1471,'2014-01-17 15:18:10',3,10,'982','MARIA DEL PILAR RICO',1,''),(1472,'2014-01-17 15:18:52',4,11,'27','CONRADO DE JESUS LOPEZ',1,''),(1473,'2014-01-17 15:20:01',1,8,'155','PARQUES DE SEVILLA',1,''),(1474,'2014-01-17 15:20:36',5,10,'983','MARINA NAVARRETE',1,''),(1475,'2014-01-17 15:21:39',4,11,'28','JULIAN GREGORIO MUÑOZ',1,''),(1476,'2014-01-17 15:22:53',4,11,'29','CRISTIAN PARRA GONZALES',1,''),(1477,'2014-01-17 15:23:49',4,11,'30','CESAR GIL',1,''),(1478,'2014-01-17 15:23:51',3,10,'984','ANA PAULINA NEIRA',1,''),(1479,'2014-01-17 15:24:46',5,10,'983','MARINA NAVARRETE',2,'No ha cambiado ningún campo.'),(1480,'2014-01-17 15:25:08',3,10,'985','FLOR MARIA DIAZ GONZALEZ',1,''),(1481,'2014-01-17 15:25:34',3,10,'985','FLOR MARIA DIAZ GONZALEZ',2,'Modificado/a observacion.'),(1482,'2014-01-17 15:26:12',5,10,'986','MARIA SOLEDAD',1,''),(1483,'2014-01-17 15:29:35',3,10,'987','JAIDIT PLAZAS BRAVO',1,''),(1484,'2014-01-17 15:30:36',5,10,'988','JOANNA LORENA MORENO',1,''),(1485,'2014-01-17 15:30:56',3,10,'989','AMELIESE MIGDONIA RODRIGUEZ PEÑUELA',1,''),(1486,'2014-01-17 15:32:26',5,10,'990','MARIA PARRA',1,''),(1487,'2014-01-17 15:34:53',3,10,'991','LUZ RAMIREZ RAYO',1,''),(1488,'2014-01-17 15:35:05',5,10,'992','MARLENY ROMERO',1,''),(1489,'2014-01-17 15:35:20',4,11,'31','SAYLY VANESSA RAMIREZ',1,''),(1490,'2014-01-17 15:36:21',3,10,'993','CLEOTILDE DEVIA NIÑO',1,''),(1491,'2014-01-17 15:40:04',5,10,'994','FRANCI HELENA CARDENAS',1,''),(1492,'2014-01-17 15:40:25',3,10,'995','BLANCA LIGIA TELLEZ',1,''),(1493,'2014-01-17 15:40:43',4,11,'32','WILLINTON ANDRES HURTADO PAEZ',1,''),(1494,'2014-01-17 15:41:00',5,10,'996','JAIRO ENRIQUE LIZCANO',1,''),(1495,'2014-01-17 15:41:33',3,10,'997','NELSON MEJIA MONTALVO',1,''),(1496,'2014-01-17 15:42:17',3,10,'997','NELSON MEJIA MONTALVO',2,'Modificado/a direccion.'),(1497,'2014-01-17 15:42:59',5,10,'998','NINI JHOANNA QUIROGA',1,''),(1498,'2014-01-17 15:43:32',3,10,'999','YUBELLY TORES CIFUENTES',1,''),(1499,'2014-01-17 15:46:03',1,8,'156','KIRPAS',1,''),(1500,'2014-01-17 15:50:14',1,10,'1000','YEIMY LOAIZA ',1,''),(1501,'2014-01-17 15:50:33',5,13,'101','LIDERES SOLOS 4',1,''),(1502,'2014-01-17 15:50:38',4,11,'33','ALFONSO ROJAS',1,''),(1503,'2014-01-17 15:53:47',5,10,'1001','CARMEN YENIFER LIZCANO',1,''),(1504,'2014-01-17 15:54:24',5,10,'1002','GLADIS CARRANZA MEDINA',1,''),(1505,'2014-01-17 15:56:07',4,11,'34','ANGELICA GONZALES',1,''),(1506,'2014-01-17 15:59:49',4,11,'35','BLANCA QUIJANO',1,''),(1507,'2014-01-17 16:01:29',4,11,'36','LEIDY RINCON',1,''),(1508,'2014-01-17 16:05:22',1,10,'380','JOHANA CAROLINA HERNANDEZ NUMPOQUE',2,'Modificado/a cedula.'),(1509,'2014-01-17 16:07:11',1,8,'157','LA MADRID',1,''),(1510,'2014-01-17 16:27:05',4,11,'37','JORGE LUIS GALVAN VALENCIA ',1,''),(1511,'2014-01-17 16:28:47',4,11,'38','NORMERY SANCHEZ ',1,''),(1512,'2014-01-17 16:31:27',4,11,'39','SUSANA PEREZ GUTIERREZ ',1,''),(1513,'2014-01-17 16:37:54',1,8,'158','LA CONQUISTA',1,''),(1514,'2014-01-17 16:53:50',5,13,'102','LIDERES SOLOS 5',1,''),(1515,'2014-01-17 16:58:13',4,11,'40','ROSA TULIA VEGA SUAREZ ',1,''),(1516,'2014-01-17 16:58:27',3,13,'103','NIDIA NOVOA',1,''),(1517,'2014-01-17 16:59:52',4,11,'41','MARINA TORRES',1,''),(1518,'2014-01-17 17:01:24',4,11,'42','SANDRA YANNETH REYES ',1,''),(1519,'2014-01-17 17:03:08',5,10,'1003','MARTHA PATRICIA MICAN',1,''),(1520,'2014-01-17 17:03:14',4,11,'43','DAMARIS PAOLA CASTILLO OROSCO ',1,''),(1521,'2014-01-17 17:04:00',5,10,'1004','EDGAR ALFONSO TOMAYO',1,''),(1522,'2014-01-17 17:05:28',5,10,'1005','JOSE GUTIERREZ',1,''),(1523,'2014-01-17 17:06:42',5,10,'1006','NUBIA MARADONA CRUZ',1,''),(1524,'2014-01-17 17:08:34',5,10,'1007','PATRICIA BELTRAN LAMPRA',1,''),(1525,'2014-01-17 17:10:11',5,10,'1006','NUBIA MARADONA CRUZ',2,'Modificado/a celular y direccion.'),(1526,'2014-01-17 17:11:06',5,10,'1008','MARTHA CECILA GALINDO',1,''),(1527,'2014-01-17 17:11:13',4,11,'44','LEIDY CAROLINA CORREA ',1,''),(1528,'2014-01-17 17:17:31',3,10,'233','MARTHA JIMENEZ',2,'Modificado/a cabeza_de_grupo.'),(1529,'2014-01-17 17:18:32',3,10,'1009','DIANA ORTIZ',1,''),(1530,'2014-01-17 20:41:51',1,8,'159','BUQUE',1,''),(1531,'2014-01-17 20:46:34',5,11,'45','MARISEL HENAO',1,''),(1532,'2014-01-17 20:48:06',3,13,'74','MARIA EUGENIA NARANJO POSADA',2,'Modificado/a coordinador.'),(1533,'2014-01-17 20:49:47',5,11,'46','MIGUEL ANGEL DUCUARA',1,''),(1534,'2014-01-17 20:51:40',5,11,'47','JAIME RESTREPO QUINTERO',1,''),(1535,'2014-01-17 20:58:01',3,11,'48','MARIA HELENA CONTRERAS',1,''),(1536,'2014-01-17 21:09:26',5,11,'49','WILSON FERNEY RODRIGUEZ',1,''),(1537,'2014-01-17 21:11:20',3,13,'104','JORGE RUIZ',1,''),(1538,'2014-01-17 21:13:08',5,11,'50','JAIME MAURICIO  SOSA',1,''),(1539,'2014-01-17 21:16:22',5,11,'51','MILTON CIFUENTES',1,''),(1540,'2014-01-17 21:18:30',3,10,'1010','LUIS MONTAÑEZ',1,''),(1541,'2014-01-17 21:18:35',5,11,'52','EDWIN QUIROGA',1,''),(1542,'2014-01-17 21:21:13',3,10,'1011','YAMID DIAZ',1,''),(1543,'2014-01-17 21:26:06',5,11,'52','FABIAN BULLA',2,'Modificado/a nombre, celular y direccion.'),(1544,'2014-01-17 21:27:36',5,11,'53','KELLY JHOANA HERRERA',1,''),(1545,'2014-01-17 21:29:22',3,10,'1012','MALLERLI ARDILA TORO',1,''),(1546,'2014-01-17 21:30:43',5,11,'54','LEIDY ALEJANDRA NOGUERA',1,''),(1547,'2014-01-17 21:36:12',5,11,'55','ELCY OMAIRA MARQUEZ',1,''),(1548,'2014-01-17 21:37:37',3,10,'1013','LUCY ARMINDA ROJAS',1,''),(1549,'2014-01-17 21:51:47',3,8,'160','URBANIZACION NUEVA ESPERANZA',1,''),(1550,'2014-01-17 21:52:46',5,11,'56','BRAYAN BAQUERO SOLANO',1,''),(1551,'2014-01-17 21:53:53',5,11,'57','JEFFERSON SANCHEZ MARTINEZ',1,''),(1552,'2014-01-17 21:54:54',5,11,'58','JENNY ALBEIRO RODRIGUEZ',1,''),(1553,'2014-01-17 21:55:42',5,11,'59','YENNY  JULIETH GIRALDO',1,''),(1554,'2014-01-17 21:55:57',3,10,'1014','MARIELA CASTELLANOS UMAÑA',1,''),(1555,'2014-01-17 21:56:19',5,11,'60','MARIA DEL CARMEN ESCOBAR',1,''),(1556,'2014-01-17 21:57:09',5,11,'61','HERNAN GIRALDO',1,''),(1557,'2014-01-17 22:01:15',5,11,'62','JOSE ALDEMAR',1,''),(1558,'2014-01-17 22:02:15',3,13,'105','PEDRO LUIS ACEVEDO',1,''),(1559,'2014-01-17 22:02:46',5,11,'63','JOSE DANIEL BULLA',1,''),(1560,'2014-01-17 22:03:48',3,13,'106','DELFINA ORTEGA',1,''),(1561,'2014-01-17 22:03:51',5,11,'64','GISELA ARANGO',1,''),(1562,'2014-01-17 22:04:27',5,11,'65','MARIA ORFELINA PATIÑO',1,''),(1563,'2014-01-17 22:05:09',3,10,'1015','LEONARDO CAICEDO',1,''),(1564,'2014-01-17 22:05:18',5,11,'66','FREDY ERNESTO MAHECHA',1,''),(1565,'2014-01-17 22:05:54',5,11,'67','JOSE PATIÑO',1,''),(1566,'2014-01-17 22:06:20',3,10,'1016','JAZMIN DIAZ',1,''),(1567,'2014-01-17 22:06:25',5,11,'68','ANA PULIDO',1,''),(1568,'2014-01-17 22:07:30',5,11,'69','STELLA JARAMILLO',1,''),(1569,'2014-01-17 22:08:03',5,11,'70','JOSE CIFUENTES',1,''),(1570,'2014-01-17 22:08:32',5,11,'71','LILIANA CASTAÑEDA',1,''),(1571,'2014-01-17 22:09:48',4,10,'321','MARIA DEISY MATEUS ',2,'Modificado/a nombre.'),(1572,'2014-01-17 22:10:02',3,10,'1017','AIDE ARCE  ',1,''),(1573,'2014-01-17 22:11:26',3,10,'1018','KAREN AYALA',1,''),(1574,'2014-01-17 22:13:29',5,11,'72','GABRIEL QUEVEDO',1,''),(1575,'2014-01-17 22:13:56',3,10,'1019','CARLOS OLAYA',1,''),(1576,'2014-01-17 22:15:24',5,11,'73','GABRIELA QUEVEDO',1,''),(1577,'2014-01-17 22:15:45',3,10,'1020','XIMENA TRUJILLO',1,''),(1578,'2014-01-17 22:16:33',5,11,'74','HENRY TORRES QUEVEDO',1,''),(1579,'2014-01-17 22:17:21',3,10,'1021','LUIS DAVID DIAZ',1,''),(1580,'2014-01-17 22:18:06',5,11,'75','JEFFERSON QUEVEDO CEPEDA',1,''),(1581,'2014-01-17 22:18:49',3,10,'1022','JENNIFER AVENDAÑO',1,''),(1582,'2014-01-17 22:19:19',5,11,'76','MINI JOHANA QUEVEDO',1,''),(1583,'2014-01-17 22:20:06',3,10,'1023','LIGIA BASTELLEROS ',1,''),(1584,'2014-01-17 22:20:43',5,11,'77','JUAN CARLOS ZANABRIA',1,''),(1585,'2014-01-17 22:21:19',3,10,'1024','JAVIER CAICEDO',1,''),(1586,'2014-01-17 22:22:08',5,11,'78','ANA MARGARITA CEPEDA',1,''),(1587,'2014-01-17 22:23:23',5,11,'79','JULIO ALBERTO BARON',1,''),(1588,'2014-01-17 22:25:28',3,10,'1025','RUBEN DARIO MORA',1,''),(1589,'2014-01-17 22:26:21',5,11,'80','MARTHA CECILIA QUEVEDO',1,''),(1590,'2014-01-17 22:32:32',3,10,'1026','LUIS ENRIQUE ALZATE',1,''),(1591,'2014-01-17 22:33:02',5,11,'81','SANDRA MILENA PARDO',1,''),(1592,'2014-01-17 22:33:32',3,10,'1027','LUIS VIVIESCAS',1,''),(1593,'2014-01-17 22:34:52',3,10,'1028','ANDREA DEL PILAR CASTRO',1,''),(1594,'2014-01-17 22:37:11',5,11,'82','GABRIEL QUEVEDO CEPEDA',1,''),(1595,'2014-01-17 22:38:07',5,11,'83','JENIFER ROJAS',1,''),(1596,'2014-01-17 22:39:52',3,10,'1029','GRACIELA ROBLEDOS',1,''),(1597,'2014-01-17 22:40:23',5,11,'84','DEIVIS CABEZAS',1,''),(1598,'2014-01-17 22:41:39',5,11,'85','YULY QUEVEDO',1,''),(1599,'2014-01-17 22:43:38',5,11,'86','ADRIANA FAJARDO',1,''),(1600,'2014-01-17 22:55:19',5,11,'87','GRACIELA GALLO',1,''),(1601,'2014-01-17 22:55:50',5,11,'88','JHOANA PATIÑO',1,''),(1602,'2014-01-17 23:00:09',5,11,'89','LUZ ADRIANA DIAZ',1,''),(1603,'2014-01-17 23:01:22',3,10,'1030','YULENA REY',1,''),(1604,'2014-01-17 23:01:48',5,11,'90','LUZ MERY SANTOS',1,''),(1605,'2014-01-17 23:02:24',5,11,'91','DAIRIS CASERES',1,''),(1606,'2014-01-17 23:03:21',5,11,'92','SULID CARRILLO',1,''),(1607,'2014-01-17 23:03:25',3,10,'251','BENILDA BARRIOS',2,'Modificado/a direccion.'),(1608,'2014-01-17 23:04:25',5,11,'93','YOHANA PATIÑO',1,''),(1609,'2014-01-17 23:04:55',5,11,'94','ANGELICA TABARES',1,''),(1610,'2014-01-17 23:05:33',5,11,'95','JOVANY ARIAS',1,''),(1611,'2014-01-17 23:06:30',4,11,'96','JOSE ALEXANDRE DIAZ GONZALES',1,''),(1612,'2014-01-17 23:06:51',3,10,'1031','OTILIA NIETO',1,''),(1613,'2014-01-17 23:11:55',3,10,'258','ROSALBA GARCIA',2,'Modificado/a direccion.'),(1614,'2014-01-17 23:15:12',4,11,'97','LUIS CARLOS PIRATEQUE MARTINEZ',1,''),(1615,'2014-01-17 23:15:56',4,11,'98','LUIS CARLOS PIRATEQUE MARTINEZ',1,''),(1616,'2014-01-17 23:17:30',3,10,'259','YOLANDA PARRA',2,'Modificado/a direccion.'),(1617,'2014-01-17 23:19:13',3,10,'260','BETTY ROMERO',2,'Modificado/a direccion.'),(1618,'2014-01-17 23:33:45',3,10,'261','WILLIAM PUENTES',2,'Modificado/a direccion.'),(1619,'2014-01-17 23:54:23',4,11,'99','JORGE TOANNY EGO ',1,''),(1620,'2014-01-17 23:57:24',3,10,'264','LUZ HELENA REINA',2,'Modificado/a direccion.'),(1621,'2014-01-17 23:58:17',3,10,'265','GUILLERMO GARCIA',2,'Modificado/a direccion.'),(1622,'2014-01-17 23:59:58',3,10,'271','MARLENY  AGUDELO',2,'Modificado/a nombre.'),(1623,'2014-01-18 00:02:22',4,11,'100','SERGIO DANIEL RODRIGUEZ',1,''),(1624,'2014-01-18 00:06:09',3,10,'668','ANITA RODRIGUEZ',2,'Modificado/a cabeza_de_grupo.'),(1625,'2014-01-18 00:07:13',3,10,'280','MARINA ALEJO DE GUAVITA',2,'Modificado/a cedula.'),(1626,'2014-01-18 13:54:30',3,8,'161','LA NOHORA',1,''),(1627,'2014-01-18 14:00:28',3,13,'107','FERNANDO ROJAS',1,''),(1628,'2014-01-18 14:05:17',5,11,'101','ALEXANDER GARCIAS',1,''),(1629,'2014-01-18 14:07:25',5,11,'102','WIFRAN MONTAÑEZ',1,''),(1630,'2014-01-18 14:09:22',5,11,'103','MARTHA RUEDA',1,''),(1631,'2014-01-18 14:10:12',3,10,'1032','JOSE FABIO ACOSTA',1,''),(1632,'2014-01-18 14:10:20',5,11,'104','OLGA BETANCURT',1,''),(1633,'2014-01-18 14:11:03',3,10,'1033','GLORIA PATRICIA OTALVARO',1,''),(1634,'2014-01-18 14:11:37',3,8,'162','VILLA HUMBERTO',1,''),(1635,'2014-01-18 14:12:49',5,11,'105','LUCIA PORRAS',1,''),(1636,'2014-01-18 14:13:24',5,11,'106','PABLO PORRAS',1,''),(1637,'2014-01-18 14:13:54',3,10,'1034','FABIAN ANDRES PARRADO',1,''),(1638,'2014-01-18 14:14:31',5,11,'107','ABELARDO GONZALES',1,''),(1639,'2014-01-18 14:14:56',3,10,'1033','GLORIA PATRICIA OTALVARO',2,'Modificado/a observacion.'),(1640,'2014-01-18 14:15:12',5,11,'108','CLAUDIA VALENCIA',1,''),(1641,'2014-01-18 14:16:04',3,10,'1035','NAYIBE SUPELANO MORA',1,''),(1642,'2014-01-18 14:16:49',5,11,'109','MARCELA DIAZ',1,''),(1643,'2014-01-18 14:17:18',3,10,'1036','EDUARD JAVIER JIMENEZ',1,''),(1644,'2014-01-18 14:17:30',5,11,'110','JANED ASTRID DIAZ',1,''),(1645,'2014-01-18 14:18:44',5,11,'111','MANUEL MAYORGA',1,''),(1646,'2014-01-18 14:18:44',3,10,'1037','NELLY ALIZANDRA ARIZALA PINEDA',1,''),(1647,'2014-01-18 14:19:34',5,11,'112','ROSIDELIA HERREÑO',1,''),(1648,'2014-01-18 14:19:38',3,10,'1038','VIRGELINA PINEDA ',1,''),(1649,'2014-01-18 14:20:20',5,11,'113','MARIA HUESO',1,''),(1650,'2014-01-18 14:20:48',3,10,'1039','DENIIS LUCUMI SANCHEZ',1,''),(1651,'2014-01-18 14:22:56',4,11,'99','JORGE JOANNY EGO ',2,'Modificado/a nombre.'),(1652,'2014-01-18 14:23:32',5,11,'114','JUAN CARLOS BECERRA',1,''),(1653,'2014-01-18 14:24:35',5,11,'115','JHON FREDY SALAZAR FIGUEROA',1,''),(1654,'2014-01-18 14:25:14',5,11,'116','MARIA SANCHEZ',1,''),(1655,'2014-01-18 14:26:08',5,11,'117','GIOVVANY TORRES',1,''),(1656,'2014-01-18 14:27:29',5,11,'118','REINE QUICEÑO',1,''),(1657,'2014-01-18 14:29:03',5,11,'119','HOZORIO FOYE',1,''),(1658,'2014-01-18 14:29:43',3,10,'1040','LUZ EDILMA ZAPATA',1,''),(1659,'2014-01-18 14:29:49',5,11,'120','NUBIA YASMINT',1,''),(1660,'2014-01-18 14:31:07',5,11,'121','DULAY  OSORIO',1,''),(1661,'2014-01-18 14:35:10',5,11,'122','DAGOBERTO BLANDON',1,''),(1662,'2014-01-18 14:36:54',5,11,'123','EDISON VARON',1,''),(1663,'2014-01-18 14:37:07',3,10,'1041','CARMEN ROCIO GONZALEZ',1,''),(1664,'2014-01-18 14:39:23',3,10,'1042','JOHANA MARLY ACEVEDO',1,''),(1665,'2014-01-18 14:39:42',5,11,'124','REINALDO GOMEZ',1,''),(1666,'2014-01-18 14:40:15',3,10,'1043','RICARDO RAMIREZ OTALVARO',1,''),(1667,'2014-01-18 14:42:49',3,10,'1044','DIANA MILENA SUAREZ ',1,''),(1668,'2014-01-18 14:43:45',5,11,'125','LUZ MARINA CHAPARRO',1,''),(1669,'2014-01-18 14:43:46',3,10,'1045','LAURA DANIELA GONZALEZ',1,''),(1670,'2014-01-18 14:44:41',3,10,'1046','ANAYIBER PERILLA GUTIERREZ',1,''),(1671,'2014-01-18 14:47:29',5,11,'126','JOSE TRINIDAD',1,''),(1672,'2014-01-18 14:50:40',1,10,'650','MAIRA PERDOMO',3,''),(1673,'2014-01-18 14:51:56',5,11,'127','CARLOS GARCIA',1,''),(1674,'2014-01-18 14:52:39',5,11,'128','MIGUEL MENDEZ',1,''),(1675,'2014-01-18 14:53:08',5,11,'129','YURANY AVILES',1,''),(1676,'2014-01-18 14:53:28',3,10,'327','YAIRA RINCON',2,'Modificado/a cedula.'),(1677,'2014-01-18 14:55:41',5,11,'130','ELEY LILIAN PALACIO',1,''),(1678,'2014-01-18 14:56:29',5,11,'131','ALEXANDER LAMPREA POLO',1,''),(1679,'2014-01-18 14:56:49',3,10,'331','VIVIANA CUELLAR',2,'Modificado/a nombre.'),(1680,'2014-01-18 14:57:39',5,11,'132','NOHEMI LAMPREA POLO',1,''),(1681,'2014-01-18 15:00:32',3,10,'348','LAURA HERRERA',2,'Modificado/a cedula.'),(1682,'2014-01-18 15:05:37',3,10,'1047','SANDRA JORDAN',1,''),(1683,'2014-01-18 15:15:49',5,11,'133',' MARIA CARMEN SALAMANCA',1,''),(1684,'2014-01-18 15:16:54',5,11,'134','GILBERTO TOVAR',1,''),(1685,'2014-01-18 15:18:29',5,11,'135','EUGENIA PATRICIA TERREROS',1,''),(1686,'2014-01-18 15:19:39',5,11,'136','JACKELINE SUAN',1,''),(1687,'2014-01-18 15:20:22',5,11,'137','NELSON ALBEIRO MURCIA',1,''),(1688,'2014-01-18 15:21:24',5,11,'138','MARIA PINTO',1,''),(1689,'2014-01-18 15:22:08',5,11,'139','MANUEL CALLE',1,''),(1690,'2014-01-18 15:23:00',5,11,'140','VIRNIA BLANCO DE GAITAN',1,''),(1691,'2014-01-18 15:24:37',5,11,'141','JOSE DOMINGO GAITAN',1,''),(1692,'2014-01-18 15:30:21',5,11,'142','ZULMA RUIZ HERNANDEZ',1,''),(1693,'2014-01-18 15:30:48',3,8,'163','SANTA CATALINA',1,''),(1694,'2014-01-18 15:31:03',3,11,'143','MIGUEL REINALDO GARAVITO',1,''),(1695,'2014-01-18 15:31:26',3,8,'163','SANTA CATALINA',2,'Modificado/a comuna.'),(1696,'2014-01-18 15:31:55',5,11,'144','OLGA ZAMORA',1,''),(1697,'2014-01-18 15:33:05',3,11,'145','WILLIAM DIAZ VIDAL',1,''),(1698,'2014-01-18 15:34:14',5,11,'146','NIDIA YANIRA AREVALO',1,''),(1699,'2014-01-18 15:36:12',3,11,'147','JHON ALEXANDER GARAVITO',1,''),(1700,'2014-01-18 15:39:21',5,11,'148','ZULMA RUIZ HERNANDEZ',1,''),(1701,'2014-01-18 15:43:11',5,11,'149','EDWAR YOSUAKY SUAN',1,''),(1702,'2014-01-18 15:44:53',5,11,'150','ROSALINA SALAMANCA',1,''),(1703,'2014-01-18 15:45:44',5,11,'151','LUCIA TOVAR ROMERO',1,''),(1704,'2014-01-18 15:47:10',5,11,'152','ALEXANDER BAQUERO',1,''),(1705,'2014-01-18 15:48:06',3,11,'153','LEONOR BAQUERO',1,''),(1706,'2014-01-18 15:49:50',1,11,'153','LEONOR BAQUERO',3,''),(1707,'2014-01-18 15:50:54',5,11,'154','LUZ DARY BAQUERO',1,''),(1708,'2014-01-18 15:52:02',5,11,'155','MARIA EMA LOPEZ',1,''),(1709,'2014-01-18 15:57:45',5,11,'156','LIGIA ROJAS',1,''),(1710,'2014-01-18 15:58:08',3,11,'157','YAMILE GIRALDO',1,''),(1711,'2014-01-18 15:58:53',5,11,'158','ANA PATRICIA ROJAS',1,''),(1712,'2014-01-18 15:59:35',5,11,'159','JOSE ARCANGEL TORRES',1,''),(1713,'2014-01-18 15:59:41',3,11,'160','JUAN CARLOS MUÑOZ',1,''),(1714,'2014-01-18 16:02:50',5,11,'161','MARIA INES TRUJILLO',1,''),(1715,'2014-01-18 16:03:54',5,11,'162','LUIS EDUARDO TRUJILLO',1,''),(1716,'2014-01-18 16:04:29',1,10,'1008','MARTHA CECILA GALINDO',3,''),(1717,'2014-01-18 16:04:41',5,11,'163','MAIRA RUEDA',1,''),(1718,'2014-01-18 16:13:56',4,10,'370','YINETH CAÑAS GARCIA',2,'Modificado/a cedula, nombre, celular y direccion.'),(1719,'2014-01-18 16:18:53',5,11,'164','MARIA CARMEN HERNANDEZ',1,''),(1720,'2014-01-18 16:19:46',5,11,'165','YONFASY MONTENEGRO',1,''),(1721,'2014-01-18 16:22:52',3,8,'164','CAVIVIR',1,''),(1722,'2014-01-18 16:25:09',5,11,'166','LUIS SALAMANCA AGUIRRE',1,''),(1723,'2014-01-18 16:29:05',5,11,'167','OLADIZ RUIZ CIZO',1,''),(1724,'2014-01-18 16:31:46',4,11,'160','JUAN CARLOS MUÑOZ',2,'Modificado/a direccion.'),(1725,'2014-01-18 16:33:41',5,11,'168','IRENE BELTRAN',1,''),(1726,'2014-01-18 16:34:26',5,11,'169','ELISIO ROJAS CARRILLO',1,''),(1727,'2014-01-18 16:34:35',4,11,'145','WILLIAM DIAZ VIDAL',2,'Modificado/a direccion.'),(1728,'2014-01-18 16:35:19',4,11,'147','JHON ALEXANDER GARAVITO',2,'No ha cambiado ningún campo.'),(1729,'2014-01-18 16:41:20',4,11,'170','BLANCA IRMA BELTRAN',1,''),(1730,'2014-01-18 16:41:20',3,8,'165','GAVIOTAS',1,''),(1731,'2014-01-18 16:46:57',1,7,'30','Vereda el Cocuy',1,''),(1732,'2014-01-18 16:47:23',1,8,'166','Vereda el Cocuy',1,''),(1733,'2014-01-18 16:47:34',5,11,'171','CARLOS MAURICIO ROJAS',1,''),(1734,'2014-01-18 16:48:19',5,11,'172','MARLON ROJAS',1,''),(1735,'2014-01-18 16:49:11',5,11,'173','MAURO ROJAS RUIZ',1,''),(1736,'2014-01-18 16:49:56',5,11,'174','NORA BELTRAN',1,''),(1737,'2014-01-18 16:52:19',5,11,'175','ARLEY RODRIGUEZ',1,''),(1738,'2014-01-18 16:53:23',5,11,'176','CRISTOBAL ZUÑIGA',1,''),(1739,'2014-01-18 16:54:04',5,11,'177','PATRICIA RODRIGUEZ',1,''),(1740,'2014-01-18 16:54:39',5,11,'178','ALEXANDER HERNANDEZ',1,''),(1741,'2014-01-18 16:55:05',4,11,'179','MARIA IRMA CAMPUZANO',1,''),(1742,'2014-01-18 16:55:22',5,11,'180','YOLANDA PRIETO AMAYA',1,''),(1743,'2014-01-18 16:55:55',5,11,'181','OMAR CHITIVA RUIZ',1,''),(1744,'2014-01-18 16:56:25',4,11,'182','ZULI TOLOSA GOMEZ',1,''),(1745,'2014-01-18 16:56:57',5,11,'183','JUAN JOSE YATE',1,''),(1746,'2014-01-18 16:58:37',4,11,'184','PAULA ANDREA SERNA CARVAJAL',1,''),(1747,'2014-01-18 16:59:17',5,11,'185','HERNAN PEREZ',1,''),(1748,'2014-01-18 17:00:04',5,11,'186','YULY PEREZ',1,''),(1749,'2014-01-18 17:00:43',5,11,'187','ERICA MILENA CRUZ',1,''),(1750,'2014-01-18 17:02:35',3,8,'167','LOS ROSALES',1,''),(1751,'2014-01-18 17:03:20',5,11,'188','WILSON CORREA MONTOYA',1,''),(1752,'2014-01-18 17:04:18',5,11,'189','AGRIPINA BAQUERO',1,''),(1753,'2014-01-18 17:04:41',3,10,'1048','CLARA CRISTINA MARTINEZ ',1,''),(1754,'2014-01-18 17:05:02',5,11,'190','SANDI MORA PARRA',1,''),(1755,'2014-01-18 17:05:41',4,11,'191','JORGE ENRIQUE TORREZ',1,''),(1756,'2014-01-18 17:06:14',5,11,'192','LUZ MILA DE PRIETO',1,''),(1757,'2014-01-18 17:06:36',3,10,'1049','ERIKA LEON SANABRIA ',1,''),(1758,'2014-01-18 17:07:30',4,11,'193','HECTOR VIDAL SANCHEZ',1,''),(1759,'2014-01-18 17:07:39',5,11,'194','DARIO GUTIEREZ',1,''),(1760,'2014-01-18 17:08:24',3,10,'1050','FANNY NOHELIA CARRILLO MONTENEGRO ',1,''),(1761,'2014-01-18 17:09:26',3,10,'1051','GLORIA STELLA FISGATIVA CASTELLANOS ',1,''),(1762,'2014-01-18 17:09:33',4,11,'195','WILIAN ALEXANDER PORTELA GONZALES ',1,''),(1763,'2014-01-18 17:09:33',5,11,'196','ERICA JUIED GALVIS COMETA',1,''),(1764,'2014-01-18 17:10:34',5,11,'197','DEISY COMETA MUCA',1,''),(1765,'2014-01-18 17:11:02',4,11,'198','SANDRA YAMILE CARRILLO TORREZ',1,''),(1766,'2014-01-18 17:13:22',4,11,'199','ICNACIA GONZALES SANCHEZ',1,''),(1767,'2014-01-18 17:13:41',3,10,'1052','JORGE ENRIQUE SABOGAL RIOS ',1,''),(1768,'2014-01-18 17:14:44',4,11,'200','RAQUEL YAZMIN PORTELA GOMEZ',1,''),(1769,'2014-01-18 17:15:13',3,10,'1053','MARIA MERCEDES TELLEZ SAAVEDRA ',1,''),(1770,'2014-01-18 17:15:44',3,8,'168','VILLA ALEJANDRA',1,''),(1771,'2014-01-18 17:15:59',4,11,'201','AURORA SANCHEZ',1,''),(1772,'2014-01-18 17:17:07',5,11,'202','ANDRES FELIPE CASTELLANO',1,''),(1773,'2014-01-18 17:17:08',4,11,'203','FREDY HERNAN PORTELA GONZALES',1,''),(1774,'2014-01-18 17:17:26',3,10,'1054','DIANA KATHERINE TRUJILLO MARTINEZ ',1,''),(1775,'2014-01-18 17:21:16',4,11,'204','CAROLINA PORTELA GONZALES',1,''),(1776,'2014-01-18 17:27:07',4,11,'205','JOSE INACIO ROJAS',1,''),(1777,'2014-01-18 17:28:43',5,11,'206','DULCELINA MIRANDA',1,''),(1778,'2014-01-18 17:31:24',3,8,'169','VILLA JULIANA',1,''),(1779,'2014-01-18 17:31:47',4,11,'207','JAIRO HUMBERTO GONZALES',1,''),(1780,'2014-01-18 17:32:12',5,11,'208','MAXIMILIANA MORALES',1,''),(1781,'2014-01-18 17:33:34',4,11,'209','DOLORES ARDILA RINCON',1,''),(1782,'2014-01-18 17:34:08',5,11,'210','EYLEEN PATRICIA RIVERA',1,''),(1783,'2014-01-18 17:34:34',4,11,'211','LUCY PAVOS LOPEZ',1,''),(1784,'2014-01-18 17:35:14',5,11,'212','CARLOTA VANEGAS',1,''),(1785,'2014-01-18 17:35:28',4,11,'213','OLA LUCIA CHAGO',1,''),(1786,'2014-01-18 17:36:22',5,11,'214','JULI MARCELA BURGOS',1,''),(1787,'2014-01-18 17:36:49',4,11,'215','EIVAR MARIANO GARAVITO',1,''),(1788,'2014-01-18 17:37:05',5,11,'216','LUZ GAITAN',1,''),(1789,'2014-01-18 17:38:28',4,11,'217','MARIA ISABEL PARDO AMAYA',1,''),(1790,'2014-01-18 17:39:35',4,11,'218','CLAUDIA LILIANA GARAVITO CASAS',1,''),(1791,'2014-01-18 17:39:51',3,11,'219','FREIMAN OCAMPO',1,''),(1792,'2014-01-18 17:41:22',5,11,'220','ROSALBA GUAPACHA',1,''),(1793,'2014-01-18 17:41:33',4,13,'108','MARTHA INES GONZALEZ CANTOR',1,''),(1794,'2014-01-18 17:41:59',5,11,'221','MARISOL DURAN',1,''),(1795,'2014-01-18 17:42:00',3,11,'222','JAIME GONZALEZ',1,''),(1796,'2014-01-18 17:42:32',5,11,'223','YANETH BALLESTEROS',1,''),(1797,'2014-01-18 17:43:30',4,10,'1055','LUIS ENRIQUE RODRIGUEZ',1,''),(1798,'2014-01-18 17:44:00',3,11,'224','MILENA NAVAS ',1,''),(1799,'2014-01-18 17:45:21',3,11,'225','YADIR PALACIOS',1,''),(1800,'2014-01-18 17:46:08',4,11,'226','YESICA LORENA',1,''),(1801,'2014-01-18 17:47:10',5,11,'227','LUZ ELENA CRUZ VERA',1,''),(1802,'2014-01-18 17:48:19',5,11,'228','MARIA NANY NIMICIKAD',1,''),(1803,'2014-01-18 17:49:15',3,11,'229','DIDIER ALONSO GUTIERREZ',1,''),(1804,'2014-01-18 17:49:24',5,11,'230','ONORIO TRUJILLO GAITAN',1,''),(1805,'2014-01-18 17:50:13',5,11,'231','YENIFER RAMIREZ',1,''),(1806,'2014-01-18 17:50:23',4,11,'232','GABRIELA BERNAR ZOTELO',1,''),(1807,'2014-01-18 17:50:57',5,11,'233','SANDRA PATRICIA RINCON',1,''),(1808,'2014-01-18 17:53:21',5,11,'234','YOBANY GUTIERRES CASTAÑEDA',1,''),(1809,'2014-01-18 17:54:00',5,11,'235','LINA MARIA VALENCIA VANEGAS',1,''),(1810,'2014-01-18 17:54:47',5,11,'236','SOLANLLY LOZANO PEÑA',1,''),(1811,'2014-01-18 17:55:33',5,11,'237','ELIZABETH PEÑA REYES',1,''),(1812,'2014-01-18 17:56:22',5,11,'238','CARLOS HERNANDEZ',1,''),(1813,'2014-01-18 17:57:46',3,11,'239','JORGE GUTIERREZ',1,''),(1814,'2014-01-18 17:59:57',3,11,'240','OLGA LUCIA ECHEVERY',1,''),(1815,'2014-01-18 18:02:17',4,10,'1056','CLAUDIA WILCHES',1,''),(1816,'2014-01-18 18:02:39',4,10,'878','MELBA ZUÑIGA QUINTERO',2,'Modificado/a nombre.'),(1817,'2014-01-18 18:02:43',3,11,'241','ANDREA ECHEVERY',1,''),(1818,'2014-01-18 18:05:00',3,11,'242','MARIA EUGENIA HERNANDEZ',1,''),(1819,'2014-01-18 18:05:13',4,10,'1011','YANID ASTRID DIAZ',2,'Modificado/a nombre.'),(1820,'2014-01-18 18:07:21',5,11,'243','LEIDY SARMIENTO',1,''),(1821,'2014-01-18 18:19:52',4,10,'1057','MARIA FANNY PORTILLA',1,'');
/*!40000 ALTER TABLE `django_admin_log` ENABLE KEYS */;
UNLOCK TABLES;

--
-- Table structure for table `django_content_type`
--

DROP TABLE IF EXISTS `django_content_type`;
/*!40101 SET @saved_cs_client     = @@character_set_client */;
/*!40101 SET character_set_client = utf8 */;
CREATE TABLE `django_content_type` (
  `id` int(11) NOT NULL AUTO_INCREMENT,
  `name` varchar(100) NOT NULL,
  `app_label` varchar(100) NOT NULL,
  `model` varchar(100) NOT NULL,
  PRIMARY KEY (`id`),
  UNIQUE KEY `app_label` (`app_label`,`model`)
) ENGINE=InnoDB AUTO_INCREMENT=15 DEFAULT CHARSET=latin1;
/*!40101 SET character_set_client = @saved_cs_client */;

--
-- Dumping data for table `django_content_type`
--

LOCK TABLES `django_content_type` WRITE;
/*!40000 ALTER TABLE `django_content_type` DISABLE KEYS */;
INSERT INTO `django_content_type` VALUES (1,'log entry','admin','logentry'),(2,'permission','auth','permission'),(3,'group','auth','group'),(4,'user','auth','user'),(5,'content type','contenttypes','contenttype'),(6,'session','sessions','session'),(7,'ciudad','personas','ciudad'),(8,'barrio','personas','barrio'),(9,'coordinador','personas','coordinador'),(10,'lider','personas','lider'),(11,'votante','personas','votante'),(12,'puesto','personas','puesto'),(13,'cabeza_de_grupo','personas','cabeza_de_grupo'),(14,'migration history','south','migrationhistory');
/*!40000 ALTER TABLE `django_content_type` ENABLE KEYS */;
UNLOCK TABLES;

--
-- Table structure for table `django_session`
--

DROP TABLE IF EXISTS `django_session`;
/*!40101 SET @saved_cs_client     = @@character_set_client */;
/*!40101 SET character_set_client = utf8 */;
CREATE TABLE `django_session` (
  `session_key` varchar(40) NOT NULL,
  `session_data` longtext NOT NULL,
  `expire_date` datetime NOT NULL,
  PRIMARY KEY (`session_key`),
  KEY `django_session_b7b81f0c` (`expire_date`)
) ENGINE=InnoDB DEFAULT CHARSET=latin1;
/*!40101 SET character_set_client = @saved_cs_client */;

--
-- Dumping data for table `django_session`
--

LOCK TABLES `django_session` WRITE;
/*!40000 ALTER TABLE `django_session` DISABLE KEYS */;
INSERT INTO `django_session` VALUES ('1cd4xbgqd03shk8kn4ckych02wwcdfbk','MTY1MDExNWI2MzlhNjAzMGQ5ZWE0ZDkzMmQzNTQxMTRlZjc2M2ExOTp7Il9hdXRoX3VzZXJfYmFja2VuZCI6ImRqYW5nby5jb250cmliLmF1dGguYmFja2VuZHMuTW9kZWxCYWNrZW5kIiwiX2F1dGhfdXNlcl9pZCI6M30=','2014-01-30 20:32:39'),('1dxk2levyr3nq2sd4ur7xw85tvnve43h','OGU5N2FlZDIyMTJjMmFlNGVkOGU5NDVhY2FhMDM5ZWM1MDMzZWViNDp7Il9hdXRoX3VzZXJfYmFja2VuZCI6ImRqYW5nby5jb250cmliLmF1dGguYmFja2VuZHMuTW9kZWxCYWNrZW5kIiwiX2F1dGhfdXNlcl9pZCI6NX0=','2014-01-29 14:52:06'),('2584uqn4u351pa0iydcpcrppklxr7zc8','ZTkyMjY4ZTM5NDdkMTY3ZWRlYWIyMTYyODllN2QwMDA0MWE5MDYyNTp7Il9hdXRoX3VzZXJfYmFja2VuZCI6ImRqYW5nby5jb250cmliLmF1dGguYmFja2VuZHMuTW9kZWxCYWNrZW5kIiwiX2F1dGhfdXNlcl9pZCI6MX0=','2014-01-26 22:17:32'),('2ikbsp3ozeizbncz7t2gkvcxtvr5th56','OGEyZDg0OTM0OGU1ZDM4MDcxZDk2YTIzMDBkMzJlYjkwMTgwNjZlMjp7fQ==','2014-02-01 18:28:13'),('5zl919ejspg1gfkwvk3q0m68iai4h2he','ZTkyMjY4ZTM5NDdkMTY3ZWRlYWIyMTYyODllN2QwMDA0MWE5MDYyNTp7Il9hdXRoX3VzZXJfYmFja2VuZCI6ImRqYW5nby5jb250cmliLmF1dGguYmFja2VuZHMuTW9kZWxCYWNrZW5kIiwiX2F1dGhfdXNlcl9pZCI6MX0=','2014-01-27 14:06:52'),('6csrozifjj6w0r61nooafyr261sj3zw6','Y2E0MjUwMzYyZWMxODkwMWE4Zjg5YjU2MGE4YjEyZTQ3ZGJmNDdjNTp7Il9hdXRoX3VzZXJfYmFja2VuZCI6ImRqYW5nby5jb250cmliLmF1dGguYmFja2VuZHMuTW9kZWxCYWNrZW5kIiwiX2F1dGhfdXNlcl9pZCI6Mn0=','2014-01-27 16:37:32'),('6d14gj72myx0hq7a5354z3o830bxjqax','ZTkyMjY4ZTM5NDdkMTY3ZWRlYWIyMTYyODllN2QwMDA0MWE5MDYyNTp7Il9hdXRoX3VzZXJfYmFja2VuZCI6ImRqYW5nby5jb250cmliLmF1dGguYmFja2VuZHMuTW9kZWxCYWNrZW5kIiwiX2F1dGhfdXNlcl9pZCI6MX0=','2014-01-30 16:26:40'),('6dejmgwk0qgkc5onb5sdz8v3q2w1kvn2','OGEyZDg0OTM0OGU1ZDM4MDcxZDk2YTIzMDBkMzJlYjkwMTgwNjZlMjp7fQ==','2014-01-29 16:18:25'),('6z0a1p99z6agvoaysocb5bpegz7co8h4','Y2E0MjUwMzYyZWMxODkwMWE4Zjg5YjU2MGE4YjEyZTQ3ZGJmNDdjNTp7Il9hdXRoX3VzZXJfYmFja2VuZCI6ImRqYW5nby5jb250cmliLmF1dGguYmFja2VuZHMuTW9kZWxCYWNrZW5kIiwiX2F1dGhfdXNlcl9pZCI6Mn0=','2014-01-26 22:28:25'),('7075wdcvchxep3wxaqrmmyecq13e7px0','OGEyZDg0OTM0OGU1ZDM4MDcxZDk2YTIzMDBkMzJlYjkwMTgwNjZlMjp7fQ==','2014-01-26 22:20:05'),('75fyhe9aryychygvmeum28i9qiab90pe','ZTkyMjY4ZTM5NDdkMTY3ZWRlYWIyMTYyODllN2QwMDA0MWE5MDYyNTp7Il9hdXRoX3VzZXJfYmFja2VuZCI6ImRqYW5nby5jb250cmliLmF1dGguYmFja2VuZHMuTW9kZWxCYWNrZW5kIiwiX2F1dGhfdXNlcl9pZCI6MX0=','2014-01-27 14:01:34'),('78ogf5xbxiel20uhd5bnagsa2kyk7twv','OGEyZDg0OTM0OGU1ZDM4MDcxZDk2YTIzMDBkMzJlYjkwMTgwNjZlMjp7fQ==','2014-01-29 23:51:46'),('7gy8euuno630sez8wt1qra7w439ohf6u','OGEyZDg0OTM0OGU1ZDM4MDcxZDk2YTIzMDBkMzJlYjkwMTgwNjZlMjp7fQ==','2014-01-27 03:42:12'),('7zo9vj91f0lrzlz22xyyurm9k9pdfgju','OGEyZDg0OTM0OGU1ZDM4MDcxZDk2YTIzMDBkMzJlYjkwMTgwNjZlMjp7fQ==','2014-01-29 16:47:51'),('882wfp4jotqz4gb9b4ow9t278jhgv2y7','ZTkyMjY4ZTM5NDdkMTY3ZWRlYWIyMTYyODllN2QwMDA0MWE5MDYyNTp7Il9hdXRoX3VzZXJfYmFja2VuZCI6ImRqYW5nby5jb250cmliLmF1dGguYmFja2VuZHMuTW9kZWxCYWNrZW5kIiwiX2F1dGhfdXNlcl9pZCI6MX0=','2014-01-31 14:56:09'),('a09soodx83wsgyhrckmwe1tw84iodx2x','OGU5N2FlZDIyMTJjMmFlNGVkOGU5NDVhY2FhMDM5ZWM1MDMzZWViNDp7Il9hdXRoX3VzZXJfYmFja2VuZCI6ImRqYW5nby5jb250cmliLmF1dGguYmFja2VuZHMuTW9kZWxCYWNrZW5kIiwiX2F1dGhfdXNlcl9pZCI6NX0=','2014-01-30 14:40:14'),('a4t7irikou04hk1xv8bhetbxdj2phybq','OGEyZDg0OTM0OGU1ZDM4MDcxZDk2YTIzMDBkMzJlYjkwMTgwNjZlMjp7fQ==','2014-02-01 00:09:00'),('ant3gbn3nv4yztpfbz7sy4iosaxrg5zg','OGU5N2FlZDIyMTJjMmFlNGVkOGU5NDVhY2FhMDM5ZWM1MDMzZWViNDp7Il9hdXRoX3VzZXJfYmFja2VuZCI6ImRqYW5nby5jb250cmliLmF1dGguYmFja2VuZHMuTW9kZWxCYWNrZW5kIiwiX2F1dGhfdXNlcl9pZCI6NX0=','2014-01-29 15:57:43'),('c3fldyfxpch56ki49p9hvmwpscymmjti','ZTkyMjY4ZTM5NDdkMTY3ZWRlYWIyMTYyODllN2QwMDA0MWE5MDYyNTp7Il9hdXRoX3VzZXJfYmFja2VuZCI6ImRqYW5nby5jb250cmliLmF1dGguYmFja2VuZHMuTW9kZWxCYWNrZW5kIiwiX2F1dGhfdXNlcl9pZCI6MX0=','2014-01-29 14:24:03'),('cmngmgnm3gwkqs6cwcsn5qlefl41w9sr','MTY1MDExNWI2MzlhNjAzMGQ5ZWE0ZDkzMmQzNTQxMTRlZjc2M2ExOTp7Il9hdXRoX3VzZXJfYmFja2VuZCI6ImRqYW5nby5jb250cmliLmF1dGguYmFja2VuZHMuTW9kZWxCYWNrZW5kIiwiX2F1dGhfdXNlcl9pZCI6M30=','2014-01-29 00:52:06'),('cxt5uzc1q69cyadnjmffn5cbhpdg9x8n','MTY1MDExNWI2MzlhNjAzMGQ5ZWE0ZDkzMmQzNTQxMTRlZjc2M2ExOTp7Il9hdXRoX3VzZXJfYmFja2VuZCI6ImRqYW5nby5jb250cmliLmF1dGguYmFja2VuZHMuTW9kZWxCYWNrZW5kIiwiX2F1dGhfdXNlcl9pZCI6M30=','2014-01-28 16:44:02'),('eitch2vea2dz36ebgpixr3xw1wi5cri4','Y2E0MjUwMzYyZWMxODkwMWE4Zjg5YjU2MGE4YjEyZTQ3ZGJmNDdjNTp7Il9hdXRoX3VzZXJfYmFja2VuZCI6ImRqYW5nby5jb250cmliLmF1dGguYmFja2VuZHMuTW9kZWxCYWNrZW5kIiwiX2F1dGhfdXNlcl9pZCI6Mn0=','2014-01-26 22:08:22'),('eoc6j5860kbpvkdkq6z6hqf1rk338i5z','OGEyZDg0OTM0OGU1ZDM4MDcxZDk2YTIzMDBkMzJlYjkwMTgwNjZlMjp7fQ==','2014-01-31 17:05:13'),('ezjuvrck4wswa3i01rsz53lh59etnnyo','OGEyZDg0OTM0OGU1ZDM4MDcxZDk2YTIzMDBkMzJlYjkwMTgwNjZlMjp7fQ==','2014-01-27 22:47:00'),('focyfy6j70tzvl687djrifjrss0hpq6n','ZTkyMjY4ZTM5NDdkMTY3ZWRlYWIyMTYyODllN2QwMDA0MWE5MDYyNTp7Il9hdXRoX3VzZXJfYmFja2VuZCI6ImRqYW5nby5jb250cmliLmF1dGguYmFja2VuZHMuTW9kZWxCYWNrZW5kIiwiX2F1dGhfdXNlcl9pZCI6MX0=','2014-01-30 04:32:57'),('g0lmykvbpa4vycp07sn915mhzig0f9xk','Y2E0MjUwMzYyZWMxODkwMWE4Zjg5YjU2MGE4YjEyZTQ3ZGJmNDdjNTp7Il9hdXRoX3VzZXJfYmFja2VuZCI6ImRqYW5nby5jb250cmliLmF1dGguYmFja2VuZHMuTW9kZWxCYWNrZW5kIiwiX2F1dGhfdXNlcl9pZCI6Mn0=','2014-01-26 22:07:58'),('j7j46sd2m24x8w1cvvuivj87nfcz4ocu','Y2E0MjUwMzYyZWMxODkwMWE4Zjg5YjU2MGE4YjEyZTQ3ZGJmNDdjNTp7Il9hdXRoX3VzZXJfYmFja2VuZCI6ImRqYW5nby5jb250cmliLmF1dGguYmFja2VuZHMuTW9kZWxCYWNrZW5kIiwiX2F1dGhfdXNlcl9pZCI6Mn0=','2014-01-29 17:36:47'),('jj4f8gaxpe1qeo2pb1zajsovvj34usog','OWI1ZDUzNjRmODYxYmQ1YjQzMzA1MGZkYmU1MTEyMzM4YmNjMWM3Njp7Il9hdXRoX3VzZXJfYmFja2VuZCI6ImRqYW5nby5jb250cmliLmF1dGguYmFja2VuZHMuTW9kZWxCYWNrZW5kIiwiX2F1dGhfdXNlcl9pZCI6NH0=','2014-02-01 16:53:23'),('jmxu9969loi28aln3kix2t0c1ylrkj8g','Y2E0MjUwMzYyZWMxODkwMWE4Zjg5YjU2MGE4YjEyZTQ3ZGJmNDdjNTp7Il9hdXRoX3VzZXJfYmFja2VuZCI6ImRqYW5nby5jb250cmliLmF1dGguYmFja2VuZHMuTW9kZWxCYWNrZW5kIiwiX2F1dGhfdXNlcl9pZCI6Mn0=','2014-01-26 20:58:15'),('mzlfy712ku5svb4rxap9guktf6pfcicb','Y2E0MjUwMzYyZWMxODkwMWE4Zjg5YjU2MGE4YjEyZTQ3ZGJmNDdjNTp7Il9hdXRoX3VzZXJfYmFja2VuZCI6ImRqYW5nby5jb250cmliLmF1dGguYmFja2VuZHMuTW9kZWxCYWNrZW5kIiwiX2F1dGhfdXNlcl9pZCI6Mn0=','2014-01-26 20:58:23'),('nggjdxxa00gftx9e6tashw4dejgak456','OGU5N2FlZDIyMTJjMmFlNGVkOGU5NDVhY2FhMDM5ZWM1MDMzZWViNDp7Il9hdXRoX3VzZXJfYmFja2VuZCI6ImRqYW5nby5jb250cmliLmF1dGguYmFja2VuZHMuTW9kZWxCYWNrZW5kIiwiX2F1dGhfdXNlcl9pZCI6NX0=','2014-01-29 18:20:46'),('p1xz4vxnap87jejdtrbl4w6a5n5vf2v5','OGEyZDg0OTM0OGU1ZDM4MDcxZDk2YTIzMDBkMzJlYjkwMTgwNjZlMjp7fQ==','2014-01-31 22:55:04'),('rs0k8qxjbm9z6wnvyilh0bx7ztraploi','ZTkyMjY4ZTM5NDdkMTY3ZWRlYWIyMTYyODllN2QwMDA0MWE5MDYyNTp7Il9hdXRoX3VzZXJfYmFja2VuZCI6ImRqYW5nby5jb250cmliLmF1dGguYmFja2VuZHMuTW9kZWxCYWNrZW5kIiwiX2F1dGhfdXNlcl9pZCI6MX0=','2014-01-30 20:45:33'),('rwvybqm8dwqh6vwlhf1xj71jvd7skc85','OGEyZDg0OTM0OGU1ZDM4MDcxZDk2YTIzMDBkMzJlYjkwMTgwNjZlMjp7fQ==','2014-01-28 16:25:17'),('t85ep0uic6756g3n7mei46gxty1lxkwp','ZTkyMjY4ZTM5NDdkMTY3ZWRlYWIyMTYyODllN2QwMDA0MWE5MDYyNTp7Il9hdXRoX3VzZXJfYmFja2VuZCI6ImRqYW5nby5jb250cmliLmF1dGguYmFja2VuZHMuTW9kZWxCYWNrZW5kIiwiX2F1dGhfdXNlcl9pZCI6MX0=','2014-01-31 00:19:55'),('tyiorh0zk6f8qisn8rn6wi1sk5vpx1kq','Y2E0MjUwMzYyZWMxODkwMWE4Zjg5YjU2MGE4YjEyZTQ3ZGJmNDdjNTp7Il9hdXRoX3VzZXJfYmFja2VuZCI6ImRqYW5nby5jb250cmliLmF1dGguYmFja2VuZHMuTW9kZWxCYWNrZW5kIiwiX2F1dGhfdXNlcl9pZCI6Mn0=','2014-01-28 16:34:39'),('uyd71siekwxr3gvayxr9kxo850nroffw','Y2E0MjUwMzYyZWMxODkwMWE4Zjg5YjU2MGE4YjEyZTQ3ZGJmNDdjNTp7Il9hdXRoX3VzZXJfYmFja2VuZCI6ImRqYW5nby5jb250cmliLmF1dGguYmFja2VuZHMuTW9kZWxCYWNrZW5kIiwiX2F1dGhfdXNlcl9pZCI6Mn0=','2014-01-29 20:56:07'),('vdsdyfnomrqyzo8o8qqp5f6467aloyta','OGEyZDg0OTM0OGU1ZDM4MDcxZDk2YTIzMDBkMzJlYjkwMTgwNjZlMjp7fQ==','2014-02-01 18:13:09'),('vpcnerpr85kk65p21cvtbc6qgg40sq9h','ZTkyMjY4ZTM5NDdkMTY3ZWRlYWIyMTYyODllN2QwMDA0MWE5MDYyNTp7Il9hdXRoX3VzZXJfYmFja2VuZCI6ImRqYW5nby5jb250cmliLmF1dGguYmFja2VuZHMuTW9kZWxCYWNrZW5kIiwiX2F1dGhfdXNlcl9pZCI6MX0=','2014-01-26 22:13:05'),('w09w06uce3q5njdy6xmi4v96fh2c7xph','OWI1ZDUzNjRmODYxYmQ1YjQzMzA1MGZkYmU1MTEyMzM4YmNjMWM3Njp7Il9hdXRoX3VzZXJfYmFja2VuZCI6ImRqYW5nby5jb250cmliLmF1dGguYmFja2VuZHMuTW9kZWxCYWNrZW5kIiwiX2F1dGhfdXNlcl9pZCI6NH0=','2014-01-31 14:36:35'),('w0mf0khfr5so07aabtabvn5hexl4s0pm','ZTkyMjY4ZTM5NDdkMTY3ZWRlYWIyMTYyODllN2QwMDA0MWE5MDYyNTp7Il9hdXRoX3VzZXJfYmFja2VuZCI6ImRqYW5nby5jb250cmliLmF1dGguYmFja2VuZHMuTW9kZWxCYWNrZW5kIiwiX2F1dGhfdXNlcl9pZCI6MX0=','2014-01-29 05:04:52'),('w6lmlv3ivf0dw6xdzzz6p9clfqsx61su','ZTkyMjY4ZTM5NDdkMTY3ZWRlYWIyMTYyODllN2QwMDA0MWE5MDYyNTp7Il9hdXRoX3VzZXJfYmFja2VuZCI6ImRqYW5nby5jb250cmliLmF1dGguYmFja2VuZHMuTW9kZWxCYWNrZW5kIiwiX2F1dGhfdXNlcl9pZCI6MX0=','2014-01-29 20:32:42'),('xxax2xe07mjr66mu4xjzyjs3b3g5m3fm','ZTkyMjY4ZTM5NDdkMTY3ZWRlYWIyMTYyODllN2QwMDA0MWE5MDYyNTp7Il9hdXRoX3VzZXJfYmFja2VuZCI6ImRqYW5nby5jb250cmliLmF1dGguYmFja2VuZHMuTW9kZWxCYWNrZW5kIiwiX2F1dGhfdXNlcl9pZCI6MX0=','2014-01-28 22:18:30'),('yb075oj57vwxvlq88k1wlut17c069lxp','ZTkyMjY4ZTM5NDdkMTY3ZWRlYWIyMTYyODllN2QwMDA0MWE5MDYyNTp7Il9hdXRoX3VzZXJfYmFja2VuZCI6ImRqYW5nby5jb250cmliLmF1dGguYmFja2VuZHMuTW9kZWxCYWNrZW5kIiwiX2F1dGhfdXNlcl9pZCI6MX0=','2014-01-29 22:02:10'),('yrzapjkjfhi4rtyx17n22dbbggieief9','OGEyZDg0OTM0OGU1ZDM4MDcxZDk2YTIzMDBkMzJlYjkwMTgwNjZlMjp7fQ==','2014-01-29 23:47:56'),('z5dbugbimj5787jkznhab4ey9af3gdy1','ZTkyMjY4ZTM5NDdkMTY3ZWRlYWIyMTYyODllN2QwMDA0MWE5MDYyNTp7Il9hdXRoX3VzZXJfYmFja2VuZCI6ImRqYW5nby5jb250cmliLmF1dGguYmFja2VuZHMuTW9kZWxCYWNrZW5kIiwiX2F1dGhfdXNlcl9pZCI6MX0=','2014-01-26 20:50:48'),('zeys20l7a8mgopf60pmm09q6mbdvlxiz','Y2E0MjUwMzYyZWMxODkwMWE4Zjg5YjU2MGE4YjEyZTQ3ZGJmNDdjNTp7Il9hdXRoX3VzZXJfYmFja2VuZCI6ImRqYW5nby5jb250cmliLmF1dGguYmFja2VuZHMuTW9kZWxCYWNrZW5kIiwiX2F1dGhfdXNlcl9pZCI6Mn0=','2014-01-26 22:27:54');
/*!40000 ALTER TABLE `django_session` ENABLE KEYS */;
UNLOCK TABLES;

--
-- Table structure for table `personas_barrio`
--

DROP TABLE IF EXISTS `personas_barrio`;
/*!40101 SET @saved_cs_client     = @@character_set_client */;
/*!40101 SET character_set_client = utf8 */;
CREATE TABLE `personas_barrio` (
  `id` int(11) NOT NULL AUTO_INCREMENT,
  `creado` datetime NOT NULL,
  `actualizado` datetime NOT NULL,
  `nombre` varchar(100) NOT NULL,
  `comuna` varchar(1) NOT NULL,
  `ciudad_id` int(11) NOT NULL,
  PRIMARY KEY (`id`),
  KEY `personas_barrio_67a22d87` (`ciudad_id`),
  CONSTRAINT `ciudad_id_refs_id_9429d3d6` FOREIGN KEY (`ciudad_id`) REFERENCES `personas_ciudad` (`id`)
) ENGINE=InnoDB AUTO_INCREMENT=170 DEFAULT CHARSET=latin1;
/*!40101 SET character_set_client = @saved_cs_client */;

--
-- Dumping data for table `personas_barrio`
--

LOCK TABLES `personas_barrio` WRITE;
/*!40000 ALTER TABLE `personas_barrio` DISABLE KEYS */;
INSERT INTO `personas_barrio` VALUES (1,'2014-01-11 03:44:13','0000-00-00 00:00:00','CATALANA','1',1),(2,'2014-01-11 03:44:13','0000-00-00 00:00:00','CAUDAL','1',1),(3,'2014-01-11 03:44:13','0000-00-00 00:00:00','CHAPINERITO ALTO Y BAJO','1',1),(4,'2014-01-11 03:44:13','0000-00-00 00:00:00','DOCE DE OCTUBRE','1',1),(5,'2014-01-11 03:44:13','0000-00-00 00:00:00','EL POBLADO','1',1),(6,'2014-01-11 03:44:13','0000-00-00 00:00:00','EL PRADO','1',1),(7,'2014-01-11 03:44:13','0000-00-00 00:00:00','EL RECUERDO','1',1),(8,'2014-01-11 03:44:13','0000-00-00 00:00:00','EL ROSAL','1',1),(9,'2014-01-11 03:44:13','0000-00-00 00:00:00','EL TRIUNFO','1',1),(10,'2014-01-11 03:44:13','0000-00-00 00:00:00','EMPORIO','1',1),(11,'2014-01-11 03:44:13','0000-00-00 00:00:00','GALÁN','1',1),(12,'2014-01-11 03:44:13','0000-00-00 00:00:00','LA CAMPIÑA','1',1),(13,'2014-01-11 03:44:13','0000-00-00 00:00:00','LA GRAMA','1',1),(14,'2014-01-11 03:44:13','0000-00-00 00:00:00','LA VICTORIA','1',1),(15,'2014-01-11 03:44:13','0000-00-00 00:00:00','LOS CEREZOS','1',1),(16,'2014-01-11 03:44:13','0000-00-00 00:00:00','MANAURE','1',1),(17,'2014-01-11 03:44:13','0000-00-00 00:00:00','NUEVA GRANADA','1',1),(18,'2014-01-11 03:44:13','0000-00-00 00:00:00','PANORAMA','1',1),(19,'2014-01-11 03:44:13','0000-00-00 00:00:00','RONDINELA','1',1),(20,'2014-01-11 03:44:13','0000-00-00 00:00:00','SANTA JOSEFA','1',1),(21,'2014-01-11 03:44:13','0000-00-00 00:00:00','VIRREY','1',1),(22,'2014-01-11 03:44:13','0000-00-00 00:00:00','NUEVA ANDALUCÍA','2',1),(23,'2014-01-11 03:44:13','0000-00-00 00:00:00','CENTRO','2',1),(24,'2014-01-11 03:44:13','0000-00-00 00:00:00','LA SALLE','2',1),(25,'2014-01-11 03:44:13','0000-00-00 00:00:00','LAS COLINAS','2',1),(26,'2014-01-11 03:44:13','0000-00-00 00:00:00','AZOTEA','2',1),(27,'2014-01-11 03:44:13','0000-00-00 00:00:00','SAN FERNANDO','2',1),(28,'2014-01-11 03:44:13','0000-00-00 00:00:00','BARZAL ALTO Y BAJO','2',1),(29,'2014-01-11 03:44:13','0000-00-00 00:00:00','MAIZARO','2',1),(30,'2014-01-11 03:44:13','0000-00-00 00:00:00','VILLAFLORES','2',1),(31,'2014-01-11 03:44:13','0000-00-00 00:00:00','SIETE DE AGOSTO','2',1),(32,'2014-01-11 03:44:13','0000-00-00 00:00:00','BUQUE','2',1),(33,'2014-01-11 03:44:13','0000-00-00 00:00:00','TRAPICHE','2',1),(34,'2014-01-11 03:44:13','0000-00-00 00:00:00','VILLA MARÍA','2',1),(35,'2014-01-11 03:44:13','0000-00-00 00:00:00','VILLACENTRO','2',1),(36,'2014-01-11 03:44:13','0000-00-00 00:00:00','CAMOA','2',1),(37,'2014-01-11 03:44:13','0000-00-00 00:00:00','BALATÁ','2',1),(38,'2014-01-11 03:44:13','0000-00-00 00:00:00','LOS PINOS','2',1),(39,'2014-01-11 03:44:13','0000-00-00 00:00:00','BONANZA','2',1),(40,'2014-01-11 03:44:13','0000-00-00 00:00:00','VILLA CODEM','2',1),(41,'2014-01-11 03:44:13','0000-00-00 00:00:00','SAN JOSÉ','2',1),(42,'2014-01-11 03:44:13','0000-00-00 00:00:00','BALCONES DE TOLEDO','2',1),(43,'2014-01-11 03:44:13','0000-00-00 00:00:00','SANSOUCÍ','2',1),(44,'2014-01-11 03:44:13','0000-00-00 00:00:00','BRISAS DEL GUATIQUIA','3',1),(45,'2014-01-11 03:44:13','0000-00-00 00:00:00','LAS DELICIAS','3',1),(46,'2014-01-11 03:44:13','0000-00-00 00:00:00','VILLA JULIA','3',1),(47,'2014-01-11 03:44:13','0000-00-00 00:00:00','SAN ISIDRO','3',1),(48,'2014-01-11 03:44:13','0000-00-00 00:00:00','SANTA INÉS','3',1),(49,'2014-01-11 03:44:13','0000-00-00 00:00:00','EL PORVENIR','3',1),(50,'2014-01-11 03:44:13','0000-00-00 00:00:00','SAN GREGORIO','3',1),(51,'2014-01-11 03:44:13','0000-00-00 00:00:00','GAITÁN','3',1),(52,'2014-01-11 03:44:13','0000-00-00 00:00:00','VEINTE DE JULIO','3',1),(53,'2014-01-11 03:44:13','0000-00-00 00:00:00','LAS FERIAS','3',1),(54,'2014-01-11 03:44:13','0000-00-00 00:00:00','ANTONIO RICAUTE','3',1),(55,'2014-01-11 03:44:13','0000-00-00 00:00:00','INDUSTRIAL','3',1),(56,'2014-01-11 03:44:13','0000-00-00 00:00:00','LA VAINILLA','3',1),(57,'2014-01-11 03:44:13','0000-00-00 00:00:00','SANTANDER','3',1),(58,'2014-01-11 03:44:13','0000-00-00 00:00:00','LA LAMBADA','3',1),(59,'2014-01-11 03:44:13','0000-00-00 00:00:00','VILLA SUÁREZ','4',1),(60,'2014-01-11 03:44:13','0000-00-00 00:00:00','EL PARAÍSO','4',1),(61,'2014-01-11 03:44:13','0000-00-00 00:00:00','FLORENCIA','4',1),(62,'2014-01-11 03:44:13','0000-00-00 00:00:00','LA CEIBA','4',1),(63,'2014-01-11 03:44:13','0000-00-00 00:00:00','JÓRDAN','4',1),(64,'2014-01-11 03:44:13','0000-00-00 00:00:00','SANTA HELENA','4',1),(65,'2014-01-11 03:44:13','0000-00-00 00:00:00','EL BAMBÚ','4',1),(66,'2014-01-11 03:44:13','0000-00-00 00:00:00','MADRIGAL','4',1),(67,'2014-01-11 03:44:13','0000-00-00 00:00:00','LA BASTILLA','4',1),(68,'2014-01-11 03:44:13','0000-00-00 00:00:00','SEIS DE ABRIL','4',1),(69,'2014-01-11 03:44:13','0000-00-00 00:00:00','SANTA MARTHA','4',1),(70,'2014-01-11 03:44:13','0000-00-00 00:00:00','ANTONIO VILLAVICENCIO','4',1),(71,'2014-01-11 03:44:13','0000-00-00 00:00:00','MORICHAL','4',1),(72,'2014-01-11 03:44:13','0000-00-00 00:00:00','SAN LUIS','4',1),(73,'2014-01-11 03:44:13','0000-00-00 00:00:00','EL RECREO','4',1),(74,'2014-01-11 03:44:13','0000-00-00 00:00:00','LA DESMOTADORA','4',1),(75,'2014-01-11 03:44:13','0000-00-00 00:00:00','PRADOS DE CIBERIA','4',1),(76,'2014-01-11 03:44:13','0000-00-00 00:00:00','CEDRITOS','4',1),(77,'2014-01-11 03:44:13','0000-00-00 00:00:00','COVISÁN','4',1),(78,'2014-01-11 03:44:13','0000-00-00 00:00:00','CALAMAR','4',1),(79,'2014-01-11 03:44:13','0000-00-00 00:00:00','EL CEDRAL','4',1),(80,'2014-01-11 03:44:13','0000-00-00 00:00:00','VILLA','4',1),(81,'2014-01-11 03:44:13','0000-00-00 00:00:00','POPULAR','5',1),(82,'2014-01-11 03:44:13','0000-00-00 00:00:00','DOS MIL','5',1),(83,'2014-01-11 03:44:13','0000-00-00 00:00:00','OLÍMPICO','5',1),(84,'2014-01-11 03:44:13','0000-00-00 00:00:00','VILLA ORTIZ','5',1),(85,'2014-01-11 03:44:13','0000-00-00 00:00:00','CAMELIAS','5',1),(86,'2014-01-11 03:44:13','0000-00-00 00:00:00','CATALUÑA','5',1),(87,'2014-01-11 03:44:13','0000-00-00 00:00:00','BELLO HORIZONTE','5',1),(88,'2014-01-11 03:44:13','0000-00-00 00:00:00','NUEVA FLORESTA','5',1),(89,'2014-01-11 03:44:13','0000-00-00 00:00:00','ESTERO','5',1),(90,'2014-01-11 03:44:13','0000-00-00 00:00:00','BOCHICA,MACUNAIMA','5',1),(91,'2014-01-11 03:44:13','0000-00-00 00:00:00','ARIGUANI','5',1),(92,'2014-01-11 03:44:13','0000-00-00 00:00:00','VIZCAYA','5',1),(93,'2014-01-11 03:44:13','0000-00-00 00:00:00','HACARITAMA','5',1),(94,'2014-01-11 03:44:13','0000-00-00 00:00:00','VILLA MELIDA','5',1),(95,'2014-01-11 03:44:13','0000-00-00 00:00:00','CIUDADELA SAN ANTONIO','5',1),(96,'2014-01-11 03:44:13','0000-00-00 00:00:00','AGUAS CLARAS','5',1),(97,'2014-01-11 03:44:13','0000-00-00 00:00:00','DANUBIO','5',1),(98,'2014-01-11 03:44:13','0000-00-00 00:00:00','DOÑA LUZ','5',1),(99,'2014-01-11 03:44:13','0000-00-00 00:00:00','REMANSO','5',1),(100,'2014-01-11 03:44:13','0000-00-00 00:00:00','MENEGUA','5',1),(101,'2014-01-11 03:44:13','0000-00-00 00:00:00','BUENOS AIRES','5',1),(102,'2014-01-11 03:44:13','0000-00-00 00:00:00','PASTRANA','6',1),(103,'2014-01-11 03:44:13','0000-00-00 00:00:00','CANEY','6',1),(104,'2014-01-11 03:44:13','0000-00-00 00:00:00','SIMÓN BOLÍVAR','6',1),(105,'2014-01-11 03:44:13','0000-00-00 00:00:00','MACARENA','6',1),(106,'2014-01-11 03:44:13','0000-00-00 00:00:00','RETIRO','6',1),(107,'2014-01-11 03:44:13','0000-00-00 00:00:00','AMARAL','6',1),(108,'2014-01-11 03:44:13','0000-00-00 00:00:00','CANAIMA','6',1),(109,'2014-01-11 03:44:13','0000-00-00 00:00:00','NUEVO MAIZARO','6',1),(110,'2014-01-11 03:44:13','0000-00-00 00:00:00','CATATUMBO','6',1),(111,'2014-01-11 03:44:13','0000-00-00 00:00:00','NOGAL','6',1),(112,'2014-01-11 03:44:13','0000-00-00 00:00:00','SAN BENITO','6',1),(113,'2014-01-11 03:44:13','0000-00-00 00:00:00','GUATIQUIA','6',1),(114,'2014-01-11 03:44:13','0000-00-00 00:00:00','FLORIDA','6',1),(115,'2014-01-11 03:44:13','0000-00-00 00:00:00','CANTA RANA','6',1),(116,'2014-01-11 03:44:13','0000-00-00 00:00:00','NUEVO RICAUTE','6',1),(117,'2014-01-11 03:44:13','0000-00-00 00:00:00','SAN FRANCISTO','6',1),(118,'2014-01-11 03:44:13','0000-00-00 00:00:00','BRISAS DEL CANEY','6',1),(119,'2014-01-11 03:44:13','0000-00-00 00:00:00','SAUSALITO','6',1),(120,'2014-01-11 03:44:13','0000-00-00 00:00:00','ESPERANZA','7',1),(121,'2014-01-11 03:44:13','0000-00-00 00:00:00','PARAÍSO','7',1),(122,'2014-01-11 03:44:13','0000-00-00 00:00:00','COOPERATIVO','7',1),(123,'2014-01-11 03:44:13','0000-00-00 00:00:00','JARDÍN','7',1),(124,'2014-01-11 03:44:13','0000-00-00 00:00:00','CAMBULOS','7',1),(125,'2014-01-11 03:44:13','0000-00-00 00:00:00','LA SERRANIA','7',1),(126,'2014-01-11 03:44:13','0000-00-00 00:00:00','LA VEGA','7',1),(127,'2014-01-11 03:44:13','0000-00-00 00:00:00','COMUNEROS','7',1),(128,'2014-01-11 03:44:13','0000-00-00 00:00:00','LA ALBORADA','7',1),(129,'2014-01-11 03:44:13','0000-00-00 00:00:00','VILLA BOLÍVAR','7',1),(130,'2014-01-11 03:44:13','0000-00-00 00:00:00','ROSA BLANCA','7',1),(131,'2014-01-11 03:44:13','0000-00-00 00:00:00','VILA HUMBERTO','7',1),(132,'2014-01-11 03:44:13','0000-00-00 00:00:00','PALMAR','7',1),(133,'2014-01-11 03:44:13','0000-00-00 00:00:00','LOS CENTAUROS','7',1),(134,'2014-01-11 03:44:13','0000-00-00 00:00:00','LA ROSITA','7',1),(135,'2014-01-11 03:44:13','0000-00-00 00:00:00','VILLA CLAUDIA','7',1),(136,'2014-01-11 03:44:13','0000-00-00 00:00:00','SESQUICENTENARIO','7',1),(137,'2014-01-11 03:44:13','0000-00-00 00:00:00','ARIGUANERY','8',1),(138,'2014-01-11 03:44:13','0000-00-00 00:00:00','PORFIA','8',1),(139,'2014-01-11 03:44:13','0000-00-00 00:00:00','LAS AMÉRICAS','8',1),(140,'2014-01-11 03:44:13','0000-00-00 00:00:00','PLAYA RICA','8',1),(141,'2014-01-11 03:44:13','0000-00-00 00:00:00','CATUMARE','8',1),(142,'2014-01-11 03:44:13','0000-00-00 00:00:00','GUATAPE','8',1),(143,'2014-01-11 03:44:13','0000-00-00 00:00:00','ALAMOS','8',1),(144,'2014-01-11 03:44:13','0000-00-00 00:00:00','MONTECARLO','8',1),(145,'2014-01-11 03:44:13','0000-00-00 00:00:00','SANTA ROSA','8',1),(146,'2014-01-11 03:44:13','0000-00-00 00:00:00','LA ROCHELA','8',1),(147,'2014-01-11 03:44:13','0000-00-00 00:00:00','VILLA CAROLA','8',1),(148,'2014-01-11 03:44:13','0000-00-00 00:00:00','VILLA LORENA','8',1),(149,'2014-01-11 03:44:13','0000-00-00 00:00:00','EL REFUGIO','8',1),(150,'2014-01-11 03:44:13','0000-00-00 00:00:00','GUAICÁRAMO','8',1),(151,'2014-01-11 03:44:13','0000-00-00 00:00:00','SAN JORGE','8',1),(152,'2014-01-11 03:44:13','0000-00-00 00:00:00','CIUDADELA SAN ANTONIO','8',1),(153,'2014-01-17 14:31:27','2014-01-17 14:31:41','SAN IGNACIO','5',1),(154,'2014-01-17 15:07:40','2014-01-17 15:07:40','SAN CARLOS','6',1),(155,'2014-01-17 15:20:01','2014-01-17 15:20:01','PARQUES DE SEVILLA','6',1),(156,'2014-01-17 15:46:03','2014-01-17 15:46:03','KIRPAS','5',1),(157,'2014-01-17 16:07:11','2014-01-17 16:07:11','LA MADRID','8',1),(158,'2014-01-17 16:37:54','2014-01-17 16:37:54','LA CONQUISTA','5',1),(159,'2014-01-17 20:41:51','2014-01-17 20:41:51','BUQUE','2',1),(160,'2014-01-17 21:51:47','2014-01-17 21:51:47','URBANIZACION NUEVA ESPERANZA','5',1),(161,'2014-01-18 13:54:30','2014-01-18 13:54:30','LA NOHORA','8',1),(162,'2014-01-18 14:11:37','2014-01-18 14:11:37','VILLA HUMBERTO','7',1),(163,'2014-01-18 15:30:48','2014-01-18 15:31:26','SANTA CATALINA','4',1),(164,'2014-01-18 16:22:52','2014-01-18 16:22:52','CAVIVIR','5',1),(165,'2014-01-18 16:41:20','2014-01-18 16:41:20','GAVIOTAS','5',1),(166,'2014-01-18 16:47:23','2014-01-18 16:47:23','Vereda el Cocuy','0',30),(167,'2014-01-18 17:02:35','2014-01-18 17:02:35','LOS ROSALES','4',1),(168,'2014-01-18 17:15:44','2014-01-18 17:15:44','VILLA ALEJANDRA','5',1),(169,'2014-01-18 17:31:24','2014-01-18 17:31:24','VILLA JULIANA','8',1);
/*!40000 ALTER TABLE `personas_barrio` ENABLE KEYS */;
UNLOCK TABLES;

--
-- Table structure for table `personas_cabeza_de_grupo`
--

DROP TABLE IF EXISTS `personas_cabeza_de_grupo`;
/*!40101 SET @saved_cs_client     = @@character_set_client */;
/*!40101 SET character_set_client = utf8 */;
CREATE TABLE `personas_cabeza_de_grupo` (
  `id` int(11) NOT NULL AUTO_INCREMENT,
  `creado` datetime NOT NULL,
  `actualizado` datetime NOT NULL,
  `cedula` varchar(10) NOT NULL,
  `nombre` varchar(100) NOT NULL,
  `celular` varchar(10) NOT NULL,
  `mail` varchar(50) NOT NULL,
  `coordinador_id` int(11) NOT NULL,
  `puesto_id` int(11) NOT NULL,
  `observacion` longtext NOT NULL,
  `direccion` varchar(100) NOT NULL,
  PRIMARY KEY (`id`),
  UNIQUE KEY `cedula` (`cedula`),
  KEY `personas_cabeza_de_grupo_2529bcd4` (`coordinador_id`),
  KEY `personas_cabeza_de_grupo_bcd83b9d` (`puesto_id`),
  CONSTRAINT `coordinador_id_refs_id_579a7772` FOREIGN KEY (`coordinador_id`) REFERENCES `personas_coordinador` (`id`),
  CONSTRAINT `puesto_id_refs_id_5f3ee520` FOREIGN KEY (`puesto_id`) REFERENCES `personas_puesto` (`id`)
) ENGINE=InnoDB AUTO_INCREMENT=109 DEFAULT CHARSET=latin1;
/*!40101 SET character_set_client = @saved_cs_client */;

--
-- Dumping data for table `personas_cabeza_de_grupo`
--

LOCK TABLES `personas_cabeza_de_grupo` WRITE;
/*!40000 ALTER TABLE `personas_cabeza_de_grupo` DISABLE KEYS */;
INSERT INTO `personas_cabeza_de_grupo` VALUES (2,'2014-01-14 17:34:38','2014-01-14 17:34:38','000001','Lideres Solos','','',1,234,'Este es el cabeza de grupo de la comuna 5 que agrupa a los lideres solos',''),(3,'2014-01-14 17:49:47','2014-01-14 17:49:47','40185163','ANA MILENA VIVAS','3124947512','',1,234,'',''),(4,'2014-01-14 20:07:39','2014-01-14 20:07:39','80260020','ORLANDO ACERO DUARTE','3114221725','',1,234,'',''),(5,'2014-01-14 20:15:04','2014-01-14 20:15:04','40387261','NIDIA CASTRO','3134029607','',1,234,'',''),(6,'2014-01-14 20:23:40','2014-01-14 20:23:40','17336696','ALFONSO NOVOA','3112856691','',1,234,'',''),(7,'2014-01-14 20:30:47','2014-01-14 20:31:29','51734558','ALCIRA RAMIREZ','3202258216','',1,234,'',''),(8,'2014-01-14 20:32:27','2014-01-14 20:32:27','40334167','YULY PAOLA MOLINA','3142145497','',1,234,'',''),(9,'2014-01-14 20:51:01','2014-01-14 20:51:01','17338287','JHON FERNANDO VELA DIAZ','3114998264','',1,234,'',''),(10,'2014-01-14 20:55:28','2014-01-14 20:55:28','51970213','LUZ GLADYS CORREA','3202088348','',1,234,'',''),(11,'2014-01-14 21:03:32','2014-01-14 21:03:32','221230564','ROSALBA PARRADO','3208988609','',1,234,'',''),(12,'2014-01-14 21:20:57','2014-01-14 21:20:57','40377905','NINFA BRIGUI ROJAS VILLAR','3144641704','',1,234,'',''),(13,'2014-01-14 21:38:12','2014-01-14 21:38:12','35263273','MARISOL RUBIANO CASAS','3103396647','',1,234,'',''),(14,'2014-01-14 21:41:17','2014-01-14 21:41:17','4035091','URBANO MARTIN','3138424331','',1,234,'',''),(15,'2014-01-14 21:53:07','2014-01-14 21:53:07','40444341','ESTRELLA HERNANDEZ','3212230892','',1,234,'',''),(16,'2014-01-14 22:05:18','2014-01-14 22:05:18','40440607','sandra velasquez','3118398800','',1,234,'TOCARIAS',''),(17,'2014-01-14 22:19:54','2014-01-14 23:35:40','30080669','ADRIANA GOMEZ','3203119598','',1,234,'',''),(18,'2014-01-14 22:32:51','2014-01-14 23:38:56','86061055','ALEXANDER CORDOBA','3133807662','',1,234,'',''),(19,'2014-01-14 22:37:55','2014-01-14 22:37:55','011','JOSE DEL CARMEN CARO','3107801112','',1,234,'',''),(20,'2014-01-14 22:39:18','2014-01-14 23:39:18','40445626','MARIA FERNANDA ORTIZ','3118277882','',1,234,'',''),(21,'2014-01-14 22:39:45','2014-01-14 22:39:45','40332615','LUZ CRISTINA BAQUERO CASTELLANOS','3145314992','',1,234,'',''),(22,'2014-01-14 22:48:33','2014-01-14 23:40:46','7363304','NARCISO ORTIZ LOMBANA','3124103646','',1,234,'',''),(23,'2014-01-14 22:54:24','2014-01-14 23:40:16','17336408','GERMAN TOVAR','3125460343','',1,234,'',''),(24,'2014-01-15 00:53:08','2014-01-15 00:53:08',' 17347134','HENRY GARCIA ','3112578676','',2,234,'',''),(26,'2014-01-15 01:17:36','2014-01-15 01:18:24','40403346','BLANCA NIEVES  GONZALEZ HERRERA','3213233995','',2,234,'',''),(27,'2014-01-15 02:10:52','2014-01-15 02:10:52','40387796','SORAIDA GARCIA ARIZA','3112398886','',2,234,'',''),(28,'2014-01-15 14:56:49','2014-01-15 14:56:49','86045835','YESSID CATACOLI BAICUE','3135511680','',2,234,'','CLL 12A 35-09 ESPERANZA'),(29,'2014-01-15 16:25:54','2014-01-15 16:25:54','40438696','DIANA MARIZA BERNAL LOPEZ','3213801704','',3,234,'','CLL 64 46-62 PORFIA'),(30,'2014-01-15 17:01:28','2014-01-15 17:01:28','17321736','CARLOS ARTURO PEREZ','3112478138','',4,234,'','TRANS. 26 39 B 30 EMPORIO'),(31,'2014-01-15 17:01:43','2014-01-15 17:01:43','40375685','ELIZABETH RINCON','3204052933','',5,234,'','CRA 25A 24-127 B/SANMARCOS'),(32,'2014-01-15 19:47:08','2014-01-15 19:47:08','17324933','JORGE E BLANCO PEREZ','3144694320','',4,234,'',''),(33,'2014-01-15 19:48:25','2014-01-15 19:48:25','40215282','SONIA JOHANNA ORTIZ CRUZ','','',4,234,'','SONIA JOHANNA ORTIZ CRUZ'),(34,'2014-01-15 20:08:25','2014-01-15 20:23:39','6175737','NELSON VERGARA','3102866641','',7,234,'',''),(35,'2014-01-15 20:13:07','2014-01-15 20:13:07','40366192','ROSAURA RAMOS','3212740821','',6,234,'','PRADO DE SIVERIA'),(36,'2014-01-15 20:29:55','2014-01-15 20:29:55','52634439','MARTHA CECILIA GALINDO','3115004499','',6,234,'','CRA 16 ESTE 41-21 B/ CANAAN'),(37,'2014-01-15 20:38:15','2014-01-15 20:38:15','20475809','FLOR ALBA PARRADO B','3124966768','',3,234,'','CLL 71 SUR 40-39'),(38,'2014-01-15 20:39:21','2014-01-15 20:39:21','40441064','GLORIA HERNANDEZ','3124565073','',3,234,'',''),(39,'2014-01-15 20:40:14','2014-01-15 20:40:14','40381248','DIANA MERCEDES ORTIZ','3134781462','',7,234,'','CALLE 37A 21B 25 STA FE'),(40,'2014-01-15 20:49:42','2014-01-15 20:49:42','40371315','OMAIRA PARDO GONZALEZ','3142516715','',6,234,'','KRA 19C - 40 - 25 JORDAN '),(41,'2014-01-15 21:07:47','2014-01-15 21:07:47','86078050','CESAR RINCON','3143640141','',6,234,'','TRANS 27 39E-24'),(42,'2014-01-15 21:09:16','2014-01-15 21:09:16','3296914','JOSE RAUL BUSTAMENTE RODRIGUEZ','3142031725','',3,234,'','MZ I CASA 4 CAMBULOS '),(43,'2014-01-15 21:09:17','2014-01-15 21:09:17','40369929','LEONOR VELASQUEZ DE SARAY','3113176789','',6,234,'','CL 16 #36-24 ANTONIO V/CIO'),(44,'2014-01-15 21:29:33','2014-01-15 21:29:33','19315328','FERNANDO NEIRA','3143031370','',6,234,'','MZ 22 CS 18 MORICHAL'),(45,'2014-01-15 21:39:11','2014-01-15 21:39:11','17338152','LUIS FERNANDO VILLAMIL','3207156630','',2,234,'','CLL 13 35-23 7MA ESPERANZA'),(46,'2014-01-15 22:12:17','2014-01-15 22:12:17','17326191','HUGO NEIRA','3143031370','',5,234,'','MZ 22 # 18 MORICHAL'),(47,'2014-01-15 22:21:12','2014-01-15 22:21:12','40189677','BERTHA PATRICIA BELTRAN LAMPREA','3134305546','',5,234,'','CL 24 #27A BIS - 38 B. SAN MARCOS'),(48,'2014-01-15 22:46:48','2014-01-15 22:46:48','21235673','ROSALBA PARDO GONZALEZ','3138569662','',3,234,'','MZ 15 SAMAN DE LA RIVERA'),(49,'2014-01-15 23:00:18','2014-01-15 23:00:18','51970506','MARIA VICTORIA DUARTE QUINTERO','3138908499','',3,234,'','CL 68SUR #43-67 PORFIA'),(50,'2014-01-15 23:06:47','2014-01-15 23:06:47','30939201','DEYANIRA RINCON','3125717051','',3,234,'','CALLE 31B - 9A -21 VILLA CLAUDIA'),(51,'2014-01-15 23:17:47','2014-01-15 23:17:47','8404855','JOSE OQUENDO ','3125717040','',3,234,'','CALLE 62 - 42 -09 PORFIA '),(52,'2014-01-15 23:20:59','2014-01-15 23:20:59','023','ADRIANA CUBIDEZ','031','',3,234,'',''),(53,'2014-01-15 23:30:33','2014-01-15 23:30:33','050','ADRIANA GUARNIZO','','',3,234,'',''),(54,'2014-01-15 23:37:09','2014-01-15 23:39:30','032','FERNANDO MOLINA','3147067532','',3,234,'','MZ 21 CS 1 LA MADRID'),(55,'2014-01-15 23:39:13','2014-01-15 23:39:13','355','AYDE MORALES','','',3,234,'',''),(56,'2014-01-15 23:39:58','2014-01-15 23:39:58','40445536','SANDRA PATRICIA CASTAÑEDA                                              ','3112259534','',3,234,'','MZ 11 CASA 5 VILLA JULIANA'),(57,'2014-01-16 00:25:20','2014-01-16 00:25:20','40444379','LUZ ADRIANA CUBIDES ','3134229349','',3,234,'','CLL 59 # 46 A -169 PORFÍA '),(58,'2014-01-16 00:29:55','2014-01-16 00:29:55','3005219','LUIS ENRIQUE NOGUERA','3118835957','',3,234,'','CLL 59 # 46-169'),(59,'2014-01-16 13:44:19','2014-01-16 13:44:19','39717320','FATINISA MARIN LINARES','3132189332','',8,234,'','CRA 5 5B-28'),(60,'2014-01-16 13:53:49','2014-01-16 23:45:17','16252087','FELIX DELGADO ','3143434547','',8,234,'TRABAJA EN LA COMUNA Nº 4','CALL 40B 16B-20 B/YERBABUENA'),(61,'2014-01-16 14:06:11','2014-01-16 14:06:11','86054482','ARMANDO GONZALEZ HERRERA','3212650747','',8,234,'','CALL 5 5B-08'),(62,'2014-01-16 14:17:04','2014-01-16 14:31:00','40437479','VIANEY ALARCON','3123174422','',8,234,'','CRA 27 No 5-28 LA ALBORADA'),(63,'2014-01-16 14:18:27','2014-01-16 14:18:27','40402026','ANDRE CATALINA OSPINA','3204115406','',8,234,'','CRA 27 5-28 B/ ALBORADA'),(64,'2014-01-16 14:24:32','2014-01-16 14:24:32','40383307','MARICELI MORALES','3115512260','',8,234,'','CLL B No 28-52'),(65,'2014-01-16 14:27:40','2014-01-16 14:27:40','17349346','EDISON RUIZ ALARCON ','3107362856','',8,234,'','CALL 38A 28-68 B/ CENTRO'),(66,'2014-01-16 14:40:35','2014-01-16 15:45:57','033','LIDERES SOLOS 7','','',8,234,'',''),(67,'2014-01-16 14:42:45','2014-01-16 14:42:45','21239387','ELIZABETH ACEVEDO','3202627265','',8,234,'','MZ D CASA No 13B CASIBARITO'),(68,'2014-01-16 14:45:57','2014-01-16 14:45:57','79513402','LUIS FERNANDO BERMUDEZ','3115414620','',8,234,'','MZ Y CASA NO 11 SEMILLA DE PAZ'),(69,'2014-01-16 15:36:43','2014-01-16 23:44:43','51947295','MARTHA LILIA BERMUDEZ ','3116652022','',8,234,'CABEZA DE GRUPO DE LA COMUNA 4','CASA No 64 MALVINAS'),(70,'2014-01-16 15:49:00','2014-01-16 15:49:00','22222','LIDERES SOLOS 2','455458','',9,234,'LIDERES SOLOS DE LA COMUNA 2','CLL 14725'),(71,'2014-01-16 16:07:55','2014-01-16 16:07:55','21243353','EDELMIRA SALINAS','3112892201','',9,234,'','CLL 29 No 43-11 VILLAS DEL BUQUE '),(73,'2014-01-16 16:38:33','2014-01-16 16:38:33','11435225','MARIO SUAREZ','3135599985','',2,234,'','CALL 5 SUR 49C-15'),(74,'2014-01-16 16:57:13','2014-01-17 20:48:06','31560019','MARIA EUGENIA NARANJO POSADA','3112561283','',4,234,'','CRA 52 #42-15 B. 12 DE OCTUBRE'),(75,'2014-01-16 19:12:13','2014-01-16 19:12:13','21239558','LUZ MIREYA CARREÑO','3124582037','',2,234,'','CRA 39 6A 16 B/ VILLABOLIVAR'),(76,'2014-01-16 19:33:13','2014-01-16 19:33:13','86050524','CARLOS EDUARDO TOLOSA ','3138714764','',4,234,'','CLL 40 24-34 EMPORIO'),(77,'2014-01-16 19:48:33','2014-01-16 19:48:33','17321440','LUIS TORRES BENITO','3203808883','',4,234,'','CLL 42 35C-26 TRUINFO'),(78,'2014-01-16 20:04:29','2014-01-16 20:04:29','40372450','ANA RODRIGUEZ','3202428288','',7,234,'','MZ G CASA No 2 SALITRE'),(79,'2014-01-16 20:04:34','2014-01-16 20:04:34','40327130','FARIDY BUITRAGO NOGUERA','3203263229','',3,234,'','CLL 66 46-28 PORFIA'),(80,'2014-01-16 20:04:50','2014-01-16 20:04:50','40402940','LUZ DARY LUQUE RAMIREZ','3138124422','',5,234,'LISTA DE FELIPE MARTINEZ','CRA 20C 20C-34'),(81,'2014-01-16 20:26:36','2014-01-16 20:26:36','3272605','JOSE ALVARO URRREA','3146420499','',6,234,'','MZN H CS 13B  GIRASOLES'),(82,'2014-01-16 20:31:28','2014-01-16 20:31:28','35508204','AYDA FUERTES','3112398036','',6,234,'','CLL 37E 18-76 MORICHAL'),(83,'2014-01-16 20:46:38','2014-01-16 20:46:38','21117006','ILDA ZAPAGAUTA','','',2,234,'','CRA 34 12-09 B/ ROSITA 3'),(84,'2014-01-16 20:48:10','2014-01-16 20:48:10','1019027861','DEYSI PARRA','3147823694','',6,234,'','MZ 32 CASA 26 MORICHAL'),(85,'2014-01-16 20:52:44','2014-01-16 20:52:44','40437287','SANDRA VANEGAS CARREÑO','3134547913','',2,234,'','CALL 11 SUR 21-10 B/ DOÑA LUZ'),(86,'2014-01-16 20:58:01','2014-01-16 20:58:01','65713380','ELVIA CHIZABAN','3132781742','',6,234,'','CLL 36 17-20 ANTONIO VILLAVICENCIO'),(87,'2014-01-16 21:07:03','2014-01-16 21:07:03','034','OMAR HERNANDEZ','','',7,234,'',''),(88,'2014-01-16 21:12:52','2014-01-16 21:55:08','24249587','CARMEN AMANDA GARCIA','3208398457','',3,234,'','CRA 40 45-121 CASA 2'),(89,'2014-01-16 21:23:58','2014-01-16 21:23:58','51870614','ANA LUCINDA PEÑA','3112979548','',2,234,'','CALL 6B -29-11 B/ COMUNEROS'),(90,'2014-01-16 22:05:13','2014-01-17 00:05:23','81051586','LUIS CARLOS MACIAS ','3203411092','',10,234,'','CRA 35-29-26 B/ NUEVO MAIZARO'),(91,'2014-01-16 23:09:51','2014-01-16 23:09:51','40439320','LUZ MARINA URREGO RODRIGUEZ','3204567503','',8,234,'','CRA 27 4B -39 B/ ALBORADA'),(92,'2014-01-16 23:24:01','2014-01-16 23:24:01','43510766','ANA MARIA COSCIO','3115762720','',7,234,'',''),(93,'2014-01-16 23:46:01','2014-01-16 23:46:01','43141804','STELLA GONZALEZ  VILLADIEGO','3204657156','',1,234,'','CALL 23  SUR 16E 11MZN U CS 3B CAROLINA'),(94,'2014-01-16 23:50:31','2014-01-16 23:50:31','40385841','berenice rodriguez martinez','3115028489','',10,234,'','carrera 51 No 48 A chapinerito bajo'),(95,'2014-01-16 23:52:10','2014-01-16 23:52:10','21237400','DORIS DIAZ','6645749','',4,234,'','CRA 45 A Nº 43A-77'),(96,'2014-01-17 13:48:42','2014-01-17 13:48:42','52196697','YANED CADENA MURCIA','3142109398','',6,234,'','MZN28C 22-12 B/ 13 DE MAYO'),(97,'2014-01-17 14:28:16','2014-01-17 14:28:16','035','LIDERES SOLOS 2','','',9,234,' JHON TORO CABEZA DE GRUPO',''),(98,'2014-01-17 14:59:44','2014-01-17 14:59:44','036','LIDERES SOLOS 6','','',5,234,'',''),(99,'2014-01-17 15:04:41','2014-01-17 15:04:41','40331883','PILAR OCHOA','3166925746','',10,234,'YADISLENY CARDONA TRABAJA COMO COLABORADORA','CRA 39 Nº 19BIS -01 SUR SAN JORGE'),(100,'2014-01-17 15:13:13','2014-01-17 15:13:13','037','LIDERES SOLOS 8','','',3,234,'CABEZA DE GRUPO JHON TORO',''),(101,'2014-01-17 15:50:33','2014-01-17 15:50:33','038','LIDERES SOLOS 4','','',6,234,'CABEZA DEL GRUPO JHON TORO',''),(102,'2014-01-17 16:53:50','2014-01-17 16:53:50','039','LIDERES SOLOS 5','','',1,234,'CABEZA DEL GRUPO JOSE RINCON',''),(103,'2014-01-17 16:58:27','2014-01-17 16:58:27','40379679','NIDIA NOVOA','3103160816','',7,234,'','CRA 21 Nº 37B-25  INDUSTRIAL'),(104,'2014-01-17 21:11:20','2014-01-17 21:11:20','17324633','JORGE RUIZ','3132039016','',3,234,'','SECTOR 1 LA LOMA NOHORA'),(105,'2014-01-17 22:02:15','2014-01-17 22:02:15','17315352','PEDRO LUIS ACEVEDO','','',8,234,'TRABAJA EN LA COMUNA 4','CRA 20A- Nº 35A-35'),(106,'2014-01-17 22:03:48','2014-01-17 22:03:48','21221994','DELFINA ORTEGA','3108074448','',2,234,'','CRA 44 Nº 10C-11 2 E. LA ESPERANZA'),(107,'2014-01-18 14:00:28','2014-01-18 14:00:28','80764045','FERNANDO ROJAS','3132394995','',2,234,'','CLL 8C Nº 33A BIS -02'),(108,'2014-01-18 17:41:33','2014-01-18 17:41:33','41738844','MARTHA INES GONZALEZ CANTOR','3107504906','',10,234,'','CRA 47 43-29 12 DE OCTUBRE');
/*!40000 ALTER TABLE `personas_cabeza_de_grupo` ENABLE KEYS */;
UNLOCK TABLES;

--
-- Table structure for table `personas_ciudad`
--

DROP TABLE IF EXISTS `personas_ciudad`;
/*!40101 SET @saved_cs_client     = @@character_set_client */;
/*!40101 SET character_set_client = utf8 */;
CREATE TABLE `personas_ciudad` (
  `id` int(11) NOT NULL AUTO_INCREMENT,
  `creado` datetime NOT NULL,
  `actualizado` datetime NOT NULL,
  `nombre` varchar(100) NOT NULL,
  PRIMARY KEY (`id`)
) ENGINE=InnoDB AUTO_INCREMENT=31 DEFAULT CHARSET=latin1;
/*!40101 SET character_set_client = @saved_cs_client */;

--
-- Dumping data for table `personas_ciudad`
--

LOCK TABLES `personas_ciudad` WRITE;
/*!40000 ALTER TABLE `personas_ciudad` DISABLE KEYS */;
INSERT INTO `personas_ciudad` VALUES (1,'2014-01-11 03:44:13','0000-00-00 00:00:00','Villavicencio'),(2,'2014-01-11 03:44:13','0000-00-00 00:00:00','Acacias'),(3,'2014-01-11 03:44:13','0000-00-00 00:00:00','Barranca de Upia'),(4,'2014-01-11 03:44:13','0000-00-00 00:00:00','Cabuyaro'),(5,'2014-01-11 03:44:13','0000-00-00 00:00:00','Castilla la nueva'),(6,'2014-01-11 03:44:13','0000-00-00 00:00:00','Cubarral'),(7,'2014-01-11 03:44:13','0000-00-00 00:00:00','Cumaral'),(8,'2014-01-11 03:44:13','0000-00-00 00:00:00','El calvario'),(9,'2014-01-11 03:44:13','0000-00-00 00:00:00','El casitillo'),(10,'2014-01-11 03:44:13','0000-00-00 00:00:00','El Dorado'),(11,'2014-01-11 03:44:13','0000-00-00 00:00:00','Fuente de oro'),(12,'2014-01-11 03:44:13','0000-00-00 00:00:00','Granada'),(13,'2014-01-11 03:44:13','0000-00-00 00:00:00','Guamal'),(14,'2014-01-11 03:44:13','0000-00-00 00:00:00','La Macarena'),(15,'2014-01-11 03:44:13','0000-00-00 00:00:00','Lejanías'),(16,'2014-01-11 03:44:13','0000-00-00 00:00:00','Mapiripan'),(17,'2014-01-11 03:44:13','0000-00-00 00:00:00','Mesetas'),(18,'2014-01-11 03:44:13','0000-00-00 00:00:00','Puerto Concordia'),(19,'2014-01-11 03:44:13','0000-00-00 00:00:00','Puerto Gaitán'),(20,'2014-01-11 03:44:13','0000-00-00 00:00:00','Puerto Lleras'),(21,'2014-01-11 03:44:13','0000-00-00 00:00:00','Puerto López'),(22,'2014-01-11 03:44:13','0000-00-00 00:00:00','Puerto Rico'),(23,'2014-01-11 03:44:13','0000-00-00 00:00:00','Restrepo'),(24,'2014-01-11 03:44:13','0000-00-00 00:00:00','San Carlos de Guaroa'),(25,'2014-01-11 03:44:13','0000-00-00 00:00:00','San Juan de Arama'),(26,'2014-01-11 03:44:13','0000-00-00 00:00:00','San Juanito'),(27,'2014-01-11 03:44:13','0000-00-00 00:00:00','San Martín'),(28,'2014-01-11 03:44:13','0000-00-00 00:00:00','Uribe'),(29,'2014-01-11 03:44:13','0000-00-00 00:00:00','Vista Heromsa'),(30,'2014-01-18 16:46:57','2014-01-18 16:46:57','Vereda el Cocuy');
/*!40000 ALTER TABLE `personas_ciudad` ENABLE KEYS */;
UNLOCK TABLES;

--
-- Table structure for table `personas_coordinador`
--

DROP TABLE IF EXISTS `personas_coordinador`;
/*!40101 SET @saved_cs_client     = @@character_set_client */;
/*!40101 SET character_set_client = utf8 */;
CREATE TABLE `personas_coordinador` (
  `id` int(11) NOT NULL AUTO_INCREMENT,
  `creado` datetime NOT NULL,
  `actualizado` datetime NOT NULL,
  `cedula` varchar(10) NOT NULL,
  `nombre` varchar(100) NOT NULL,
  `celular` varchar(10) NOT NULL,
  `mail` varchar(50) NOT NULL,
  `comuna` varchar(1) NOT NULL,
  `observacion` longtext NOT NULL,
  `direccion` varchar(100) NOT NULL,
  PRIMARY KEY (`id`),
  UNIQUE KEY `cedula` (`cedula`)
) ENGINE=InnoDB AUTO_INCREMENT=11 DEFAULT CHARSET=latin1;
/*!40101 SET character_set_client = @saved_cs_client */;

--
-- Dumping data for table `personas_coordinador`
--

LOCK TABLES `personas_coordinador` WRITE;
/*!40000 ALTER TABLE `personas_coordinador` DISABLE KEYS */;
INSERT INTO `personas_coordinador` VALUES (1,'2014-01-14 16:50:32','2014-01-15 17:02:03','88241253','FABIAN SANZ','3103077846','','5','Coordinador General de la comuna 5 ',''),(2,'2014-01-15 00:40:12','2014-01-15 00:44:57','86060859','FELIPE MARTINEZ','3208016292','','7','',''),(3,'2014-01-15 16:23:35','2014-01-16 15:08:08','17323477','WILLIAM RUBIO','3115517200','','8','','CLLE15 44-116 BUQUE ALTO'),(4,'2014-01-15 16:47:09','2014-01-15 17:05:38','17344955','JULIO BLANCO','3114749301','','1','Coordinador general comuna 1\r\n','MZ A6 CASA No 4B ALBORADA COLONIAL'),(5,'2014-01-15 16:59:51','2014-01-15 16:59:51','027','NO EXISTE','320','','6','','CRA'),(6,'2014-01-15 20:04:09','2014-01-15 20:04:09','040','JOSE LUIS RAMIREZ','3105552121','','4','',''),(7,'2014-01-15 20:22:30','2014-01-15 20:22:30','050','OMAR HERNANDEZ','','','3','',''),(8,'2014-01-16 13:38:25','2014-01-16 13:43:04','73227469','YESID BUELVAS','3012271545','','7','','CAUDAL ORIENTAL EDIFICIO'),(9,'2014-01-16 15:21:57','2014-01-16 15:21:57','40186580','DORA HELENA LOPEZ','3105552121','','2','','CLLE 35 52-56 AZOTEA'),(10,'2014-01-16 16:17:51','2014-01-16 16:17:51','17340330','IVAN MARTINEZ','3203432088','','1','','CONJUNTO VILLA DEL SOL CASA 52');
/*!40000 ALTER TABLE `personas_coordinador` ENABLE KEYS */;
UNLOCK TABLES;

--
-- Table structure for table `personas_lider`
--

DROP TABLE IF EXISTS `personas_lider`;
/*!40101 SET @saved_cs_client     = @@character_set_client */;
/*!40101 SET character_set_client = utf8 */;
CREATE TABLE `personas_lider` (
  `id` int(11) NOT NULL AUTO_INCREMENT,
  `creado` datetime NOT NULL,
  `actualizado` datetime NOT NULL,
  `cedula` varchar(10) NOT NULL,
  `nombre` varchar(100) NOT NULL,
  `celular` varchar(10) NOT NULL,
  `mail` varchar(50) NOT NULL,
  `cabeza_de_grupo_id` int(11) NOT NULL,
  `observacion` longtext NOT NULL,
  `direccion` varchar(100) NOT NULL,
  PRIMARY KEY (`id`),
  UNIQUE KEY `cedula` (`cedula`),
  KEY `personas_lider_99664d33` (`cabeza_de_grupo_id`),
  CONSTRAINT `cabeza_de_grupo_id_refs_id_e7f637e7` FOREIGN KEY (`cabeza_de_grupo_id`) REFERENCES `personas_cabeza_de_grupo` (`id`)
) ENGINE=InnoDB AUTO_INCREMENT=1058 DEFAULT CHARSET=latin1;
/*!40101 SET character_set_client = @saved_cs_client */;

--
-- Dumping data for table `personas_lider`
--

LOCK TABLES `personas_lider` WRITE;
/*!40000 ALTER TABLE `personas_lider` DISABLE KEYS */;
INSERT INTO `personas_lider` VALUES (1,'2014-01-14 17:44:19','2014-01-14 17:44:19','3293620','EDUARDO HERNANDEZ CALDERON','3118446982','',2,'',''),(2,'2014-01-14 17:50:33','2014-01-15 14:47:39','1121892380','SAYLI JESSENIA GUTIERREZ MUÑOZ','3185211390','',3,'','CRA 18 3 B 57 HACARITAMA I '),(3,'2014-01-14 19:25:52','2014-01-14 19:25:52','40340542 ','LUPERLY CABRERA OCHOA ','3124095871','',2,'',''),(4,'2014-01-14 19:26:34','2014-01-15 14:19:47','40400153 ','EVA INDIRA LEON JARA ','3107985837','',2,'','CALLE 19 # 8 -11  B. CAMELIAS '),(5,'2014-01-14 19:29:35','2014-01-15 14:20:20','40379511 ','YOLANDA YANEL ZAMORA ','3134123292','',2,'','CL 17 #8-44 B. CATALUÑA '),(6,'2014-01-14 19:30:20','2014-01-15 14:20:42','40368119 ','MARIA HELENA REY MICAN ','3212745145','',2,'','CL 9 #9B-10 B. MI LLANURA '),(7,'2014-01-14 19:30:55','2014-01-15 14:21:04','86076236 ','JUAN MIGUEL PRIETO GUTIERREZ ','3115284380','',2,'','CALLE 17C # 9-57 B. CATALUÑA '),(8,'2014-01-14 19:34:06','2014-01-15 14:21:23','40438006','SUGEY MARTINEZ CASTAÑO','3115570735','',2,'','CL 18A #8-68 B. CATALUÑA '),(9,'2014-01-14 19:34:44','2014-01-15 14:21:41','14215508','ARSENIO RODRIGUEZ SOSA','3123893332','',2,'','MZ 1 CASA 25 TRIUNFADORES DE OCOA '),(10,'2014-01-14 19:35:18','2014-01-15 14:21:59','40375081','MARTHA PATRICIA ARANGUREN','3162667232','',2,'','KRA 7 -20-05 CAMELIAS '),(11,'2014-01-14 19:35:56','2014-01-15 14:22:25','17342373','EDILBERTO SANCHEZ YUSTIv','3143210723','',2,'','KRA 17A-8-32 CATALUÑA '),(12,'2014-01-14 19:36:57','2014-01-15 14:22:46','16676762','DANIEL MADRID REYES','3204628279','',2,'','KRA 2 18-37 MZ J CASA 6B VILLAS DEL ALCARAVAN '),(13,'2014-01-14 19:37:45','2014-01-15 14:23:01','86080599','ARIEL VASQUEZ CONTRERAS','3114220596','',2,'','CALLE 12A - 5A-16 OLIMPICO '),(14,'2014-01-14 19:38:14','2014-01-15 14:24:09','40401695','ELIZABETH SANCHEZ CARVAJAL','3204713750','',2,'','CALLE 21 - 12A - 15 OLIMPICO '),(15,'2014-01-14 19:38:49','2014-01-15 14:24:24','40218504','MARIA EDITH AGUDELO','3204991609','',2,'','CLLE 25 A 10 A 09 POPULAR '),(16,'2014-01-14 19:39:18','2014-01-15 14:24:40','40440089','NUBIA LEON ','3147009469','',2,'','CALLE 25B N 14 07 OLIMPICO  '),(17,'2014-01-14 19:41:34','2014-01-15 14:25:34','40443108','ANDREA MARITZA FORRERO CASTELLANOS ','3102576522','',2,'','CALLE 17 B N 7A 09 BOCHICA  '),(18,'2014-01-14 19:42:02','2014-01-15 14:26:35','86081815','OSVALDO ANTONIO MENDEZ','3115398069','',2,'','CLLE 14A N1718 BELLO HORIZONTE '),(19,'2014-01-14 19:43:10','2014-01-15 14:27:31','51673064','YOSIANY FERRER ROMERO','3138766230','',2,'','CALLE 4 AN20B-04 VISCAYA '),(20,'2014-01-14 19:43:40','2014-01-15 14:30:56','86044272','JHON ALIDER BANEGAS','3215964422','',2,'','MANZANA 84 CASA N 6 RELIQUIA (YOLANDA ZAMOR) '),(21,'2014-01-14 19:44:08','2014-01-15 14:31:26','40436147','LUZ MARINA URREGO ','3144623588','',2,'','CLLE 19 12 B 26 VILLA ORTIZ  '),(22,'2014-01-14 19:45:12','2014-01-15 14:31:49','40332968','SULEY ANDREA SALAZAR','31080776 5','',2,'','CRA 21 A 25 C 57  SIMON BOLIVAR '),(23,'2014-01-14 19:54:22','2014-01-15 14:48:01','30080083','AIDE URREGO ','3125159682','',3,'','CRA 15 A 12-34 SAN IGNACIO '),(24,'2014-01-14 19:54:47','2014-01-15 14:51:04','40327046','YURANY ANDREA RICAUTE PAEZ','3106988601','',3,'','CRA 15 #12A-10 B. SAN IGNACIO '),(25,'2014-01-14 19:58:13','2014-01-15 14:53:05','35261798','MARTHA CECILIA BAQUERO CORTES','3212265549','',3,'','CL 14 #14-86 B. SAN IGNACIO '),(26,'2014-01-14 19:58:46','2014-01-15 14:53:23','7719486','CARLOS ANDRES BELTRAN','3203443160','',3,'','CL 19 #12B-18  B. VILLA ORTIZ '),(27,'2014-01-14 20:00:23','2014-01-15 14:53:42','1121816757','MONICA LILIANA CORTES BAQUERO','3118624150','',3,'','CL 14 #14-86 B. SAN IGNACIO '),(28,'2014-01-14 20:00:50','2014-01-15 14:54:24','1122649885','LINDA MAGALY ARANGURE','3102101600','',3,'','CRA 15 A 13-13 SAN IGNACIO '),(29,'2014-01-14 20:01:14','2014-01-15 14:54:52','1121843220','JANSH BAIRON ANGARITA','3104765291','',3,'','CRA 15 A 13-13 SAN IGNACIO '),(30,'2014-01-14 20:09:02','2014-01-15 14:55:18','40394295','YAMILE TORRES BETANCOURTH','3204296621','',4,'','MZ V CASA 6 VALLES DE ARAGON '),(31,'2014-01-14 20:10:05','2014-01-15 14:55:34','1121879624','JESSICA KARIME MUÑOZ','3213984351','',4,'','CRA 8  10-35 SUR VALLES DE ARAGON '),(32,'2014-01-14 20:10:31','2014-01-15 14:55:54','3000824929','ORFA BLANDON G.','3133693261','',4,'','MZ G CASA 13 VALLES DE ARAGON '),(33,'2014-01-14 20:10:51','2014-01-15 14:56:14','21226164','ERENILDA  BETANCOUR','3105578637','',4,'','MZ H CASA 7 VALLES DE ARAGON '),(34,'2014-01-14 20:11:48','2014-01-15 14:56:43','5921566','JOSE DEL CARMEN RAMIREZ','3107834873','',4,'','MZ E CASA 12 DARIEN '),(35,'2014-01-14 20:12:11','2014-01-14 20:12:11','17338190','ALFONSO ROMERO','3133692561','',4,'',''),(36,'2014-01-14 20:12:39','2014-01-15 14:57:34','1121819316','DEYSI JULIETH TORRES','3214777771','',4,'','CLL 22 ESTE 14-31 MARACOS '),(37,'2014-01-14 20:13:03','2014-01-15 14:58:11','40330707','NANCY PAOLA ACERO','3125408875','',4,'','MZ J CASA 9 BARRIO CHARRASCAL '),(38,'2014-01-14 20:16:05','2014-01-15 15:29:26','1121902871','EDISON GUEVARA','3205021929','',5,'','CALLE24*16-32 PINILLA '),(39,'2014-01-14 20:16:30','2014-01-15 15:29:50','21190498','MIRIAM BERMUDEZ','3144791323','',5,'','CALLE 24*19-03 PINILLA '),(40,'2014-01-14 20:16:52','2014-01-15 15:30:16','1121862679','SINDY QUINTERO','3214466241','',5,'','CALLE20*16-52 PINILLA  '),(41,'2014-01-14 20:17:21','2014-01-15 15:30:37','42079724','YOLANDA FERNANDEZ','3208241804','',5,'','CALLE 21* 18-79 PINILLA '),(42,'2014-01-14 20:17:44','2014-01-15 15:30:56','68305461','KAROL JIMENEZ','3143525709','',5,'','CALLE 24*13A 57 MARACOS '),(43,'2014-01-14 20:18:17','2014-01-15 15:31:57','40433779','BLANCA NEIRA','3112214223','',5,'','CALLE23*19-30 PINILLA  '),(44,'2014-01-14 20:18:53','2014-01-15 15:32:44','1121869152','CLARA PEÑA','3118956122','',5,'','CALLE26*18-53 PINILLA  '),(45,'2014-01-14 20:20:18','2014-01-15 15:33:03','40387589','MARIA DEL CARMEN MENDEZ','3204869007','',5,'','CALLE 24* 16-40 PINILLA '),(46,'2014-01-14 20:24:24','2014-01-15 15:33:20','40387413','NELCY LINDA CARDENAS DUSSAN','6607618 - ','',6,'','CL 17 #11-56 GUADALAJARA '),(47,'2014-01-14 20:25:03','2014-01-15 15:33:33','21179945','MARIA DEL TRANSITO BOHORQUEZ CALDERON','3176357904','',6,'','CL 23E #12-19 B. MARACOS ALTOS '),(48,'2014-01-14 20:25:26','2014-01-15 15:33:50','40380106','GLADYS AMANDA REY BARRERA','3114889197','',6,'','CL 17A #11-75 GUADALAJARA '),(49,'2014-01-14 20:25:42','2014-01-15 15:34:12','21214507','MARIELA BELTRAN CERINZA','3148378240','',6,'','CRA 12 #10-08 B. EL ESTERO '),(50,'2014-01-14 20:26:03','2014-01-15 15:34:32','86066907','BLANCA IRENE DUSSAN DE CARDENAS','3203234870','',6,'','CL 17 #11-56 GUADALAJARA '),(51,'2014-01-14 20:26:27','2014-01-15 15:34:47','89005351','JUAN CARLOS CASTELLANOS','3105415211','',6,'','CLLLE 17 11-59 GUADALAJARA '),(52,'2014-01-14 20:27:08','2014-01-15 15:35:17','17322772','ALEX RUA','','',6,'','CLLE 17 29-30 SAN CARLOS '),(53,'2014-01-14 20:33:12','2014-01-15 15:39:03','3526129','ANGELA BARRETO','3103270079','',8,'','CLLE 19 12 B 37 VILLA ORTIZ '),(54,'2014-01-14 20:33:33','2014-01-15 15:39:20','55164615','YAMILE CHAMBO','3124489907','',8,'','CALLE19 12B-48 VILLA ORTIZ '),(55,'2014-01-14 20:33:57','2014-01-15 15:39:41','17344437','WILINTON RUIZ LOPEZ','3114462348','',8,'','CALLE 18 12B-12 VILLA ORTIZ '),(56,'2014-01-14 20:34:25','2014-01-15 15:40:02','86058094','RAMIRO ALFONSO BAQUERO','3102018826','',8,'','CRA 10 21-10 OLIMPICO '),(57,'2014-01-14 20:35:04','2014-01-15 16:40:19','40396645',' MARTHA ROCIO OJEDA','3204855217','',8,'','CALLE 26 A No 4-22 VILLA SOL'),(58,'2014-01-14 20:35:38','2014-01-15 15:40:44','1006526282','MARYURI LILIANA MENDOZA MUÑOS','3202811758','',8,'',' '),(59,'2014-01-14 20:36:13','2014-01-15 15:41:17','40441825','SANDRA PATRICIA TRONCOSO','3135403963','',8,'','clle 25 a 4-24 POPULAR '),(60,'2014-01-14 20:36:34','2014-01-15 15:41:29','40367169','DORA NELLY HERNANDEZ','3125468300','',8,'','KRA 13 - 23A-28 OLIMPICO '),(61,'2014-01-14 20:37:03','2014-01-15 15:41:48','40385984','NARDA RUIZ','3138353688','',8,'','KRA 12A-18-03 VILLA ORTIZ '),(62,'2014-01-14 20:37:34','2014-01-15 15:44:51','40440068','LUZ MILLA HERNANDEZ','3215337577','',8,'','C17B-10-74 GUADALAJARA '),(63,'2014-01-14 20:37:54','2014-01-15 15:46:03','40384655','LUZ DARY ALVAREZ','3115708647','',8,'','C17-5-44 DA NUBIO '),(64,'2014-01-14 20:38:31','2014-01-15 15:46:28','35260106','NORMA CONSTANZA PARRADO LOPEZ','3125821172','',8,'','C20-13B-08 VILLA ORTIZ '),(65,'2014-01-14 20:39:48','2014-01-15 15:47:01','40276319','NORIA HERNANDEZ','3124507460','',8,'','KRA 11-20-04 OLIMPICO BAJO '),(66,'2014-01-14 20:40:15','2014-01-15 15:48:01','40332543','LINEY GUEVARA OSMOS','3138978896','',8,'','C18-12B-48 VILLA ORTIZ '),(67,'2014-01-14 20:40:40','2014-01-15 15:48:46','23360234','MARIA MAGOLA SOSA','3143951917','',8,'','CRA 5 A 26-43 VILLA DEL SOL '),(68,'2014-01-14 20:41:23','2014-01-15 15:49:07','40365900','ESTHER JIMENEZ','3142113652','',8,'','CLLE 17 12 C 39 VILLA ORTIZ '),(69,'2014-01-14 20:42:02','2014-01-15 15:51:03','22698149','ELIZABETH SANCHEZ','3134187755','',8,'','CLLE 23 9 B 22 OLIMPICO '),(70,'2014-01-14 20:44:15','2014-01-15 15:51:33','86084467','SAURO ANDRES GUZMAN RAMIREZ','3134600536','',7,'','MZ 4 CS D B. SAN CARLOS '),(71,'2014-01-14 20:44:39','2014-01-15 15:51:55','1121862522','HASBLEIDY GARCIA OSPINA','3114606575','',7,'','MZ 4 CS D B. SAN CARLOS '),(72,'2014-01-14 20:45:02','2014-01-16 14:53:51','29806601','LUZ MILA VANEGAS','3144693820','',7,'','CL 225 17-60 ESTE MZ 12 CASA 10'),(73,'2014-01-14 20:47:19','2014-01-14 20:47:19','1121848489','GERMAN DAVID GUZMAN GOMEZ','3203844924','',7,'',''),(74,'2014-01-14 20:48:05','2014-01-15 15:53:14','21225451','MARIA OTILIA  LARA VILLALOBOS','3105533696','',7,'','CL 26B #12-32 B. MARACOS BAJO '),(75,'2014-01-14 20:48:33','2014-01-15 15:53:32','1121874825','GLORIA GOMEZ','3204134622','',7,'','CLLE 22 18-37 PINILLA BAJO '),(76,'2014-01-14 20:49:08','2014-01-15 15:53:50','24757335','MARTHA OSPINA TORO','3212909163','',7,'','CL 22 #14-03 B. SAN CARLOS '),(77,'2014-01-14 20:49:37','2014-01-15 15:54:08','1121835385','JOHANA ANDREA DUCUARA','3203844924','',7,'','   MZ 5 CASA 33 '),(78,'2014-01-14 20:51:35','2014-01-15 15:54:26','1121835356','LEIDY PAOLA PEREZ ','3202404327','',9,'','CLLE 24 10-62 POPULAR '),(79,'2014-01-14 20:51:52','2014-01-15 15:54:41','11428141','JORGE ENRIQUE MONTOYA','3114769733','',9,'','CRA 16 25 A 08  '),(80,'2014-01-14 20:53:33','2014-01-15 15:55:17','17340258','CARLOS ARTURO HERNANDEZ ','3132505037','',9,'','CRA 33 A 19-23  '),(81,'2014-01-14 20:56:56','2014-01-15 15:55:31','40376048','MARLENE TOVAR GUTIERREZ','3143353298','',10,'','MZ T CS 13 VALLES DE ARAGON '),(82,'2014-01-14 20:57:26','2014-01-15 15:55:50','35261544','SANDRA MILENA MARTINEZ MORENO','3212773467','',10,'','MZ AA CS 2 VALLES DE ARAGON '),(83,'2014-01-14 20:58:25','2014-01-15 15:56:08','400384794','ELOISA  ZAMORA EULEGELO','3204786302','',10,'','MZ U CASA 10 VALLES DE ARAGON  '),(84,'2014-01-14 21:04:12','2014-01-15 15:56:22','30081248','FLOR GUZMAN','6674013','',11,'','KR 18 N 4E -09 BARRIO MACUNAIMA  '),(85,'2014-01-14 21:04:47','2014-01-15 15:56:46','40340696','LEYDY  CHINGATE ','3123330652','',11,'','BARRIO VILLA  JOHANA  '),(86,'2014-01-14 21:05:20','2014-01-15 15:57:05','40395261','NOHEMY JAIMES','310784477','',11,'','CALLE 2 N 11 A - 09 OLIMPICO  '),(87,'2014-01-14 21:05:58','2014-01-15 15:57:28','40379472','BLANCA  CABRERA ','3132578914','',11,'','DIAGONAL 26 N 5A - 18 VILLA DEL SOL  '),(88,'2014-01-14 21:06:47','2014-01-15 15:58:07','1121911914','PAOLA  AROCA ','3112380496','',11,'','CALLE  8 N 108 ESTERO BAJO '),(89,'2014-01-14 21:07:42','2014-01-15 15:58:52','40218758','JAZMIN PRIETO ','3132702301','',11,'','KR 18  N 20-25 OLIMPICO  '),(90,'2014-01-14 21:09:02','2014-01-15 15:59:05','40444976','NORALDA SUAREZ  VEZGA ','3145133126','',11,'','KR 9 N 24-09  '),(91,'2014-01-14 21:10:52','2014-01-15 15:59:21','40372492','NORA PARRADO ','6710554','',11,'','CALLE 21 N 12B 08 OLIMPICO  '),(92,'2014-01-14 21:11:19','2014-01-15 15:59:41','21237575','ESTER SEGURA ','3208299585','',11,'','CALLE 10-12 130 ESTERO  '),(93,'2014-01-14 21:11:58','2014-01-15 16:00:05','40360593','MARINA SEGURA ','3105575087','',11,'','CALLE 20 N 12 A 44 OLIMPICO  '),(94,'2014-01-14 21:12:20','2014-01-15 16:00:26','60301371','NIDIA ALVARADO CAPELLA','3112481914','',11,'','CALLE 31 N 17 - 36 BOSQUE BAJO  '),(95,'2014-01-14 21:12:41','2014-01-15 16:00:45','21239520','MARINA LEON ','3124308044','',11,'','CALLE 15A N 150 - 36 REMANZO  '),(96,'2014-01-14 21:13:06','2014-01-15 16:00:58','53030223','MONICA PRIETO ','','',11,'','CALLE 26 N 12 -04 BARRIO POPULAR  '),(97,'2014-01-14 21:13:35','2014-01-15 16:01:43','21238353','MARIA INEZ LEON ','6710554','',11,'','CALLE 20 13B 38 VILLA ORTIZ  '),(98,'2014-01-14 21:13:59','2014-01-15 16:02:02','40367864','NELY ROCHA ','3132623984','',11,'','CALLE 21N 12C 12 OLIMPICO  '),(99,'2014-01-14 21:14:24','2014-01-15 16:02:46','42548593','MARCELA CERNA HERNANDEZ','3142366252','',11,'','CRA 7 A 26-87 VILLA DEL SOL '),(100,'2014-01-14 21:15:35','2014-01-15 16:03:21','1121839981','JESSICA VANESA LINAREZ','3214157727','',11,'','DIAG 26 A 17 VILLA DEL SOL '),(102,'2014-01-14 21:29:17','2014-01-15 16:03:49','52762398','LIZ ERICA CELY LEON','3125275983','',12,'','CALLE 17 B DANUBIO '),(103,'2014-01-14 21:29:46','2014-01-15 16:04:01','1121877648','YUREIDY LADINO','3204997200','',12,'','CALLE 15C - 7 -11 VILLA JOHANNA '),(104,'2014-01-14 21:30:12','2014-01-15 16:04:29','41212169','LUZ DARY RODRIGUEZ','3123862507','',12,'','CALLE 15C - 7 -11 VILLA JOHANNA '),(105,'2014-01-14 21:30:38','2014-01-15 16:05:16','35263858','CLAUDIA PATRICIA SANCHEZ','3153773559','',12,'','KRA 9A -26A-104 RECREO  '),(106,'2014-01-14 21:31:07','2014-01-15 16:05:37','1121873609','BRIGGIT JULIETH CASTRO','3133512164','',12,'','CALLE 10 - 6 -38 MI LLANURA '),(107,'2014-01-14 21:31:34','2014-01-15 16:05:53','40380349','MARTHA TAUTIVA ','3105659983','',12,'','CALE 10 N 6 -38 MI LLANURA  '),(108,'2014-01-14 21:32:01','2014-01-15 16:06:21','40403422','SANDRA PATRICIA GARCIA','3132260925','',12,'','MZ D CS 8 B. 6 DE ABRIL '),(109,'2014-01-14 21:32:23','2014-01-15 16:06:35','39610829','MARIA BELEN GARCIA','3202773227','',12,'','CL 17C #5-03 B. DANUBIO '),(110,'2014-01-14 21:32:49','2014-01-15 16:06:54','52173558','MARIA LAURA NIETO PATARROYO','3202471266','',12,'','CL 17 #3-55 B. VILLA NIEVES '),(111,'2014-01-14 21:33:43','2014-01-15 16:07:11','30065725','BETURIA PARRA ','3132735712','',12,'','CALLE 15 C N 7-12 DANUBIO  '),(112,'2014-01-14 21:34:08','2014-01-15 16:07:28','40450219','SANDRA MILANO ','3103357545','',12,'','CALLE 15 C N 7-14 DANUBIO  '),(113,'2014-01-14 21:34:32','2014-01-15 16:08:02','40218755','SULEIDA SANCHEZ JIMENEZ ','','',12,'','CALLE 16 BIS 7 03 MI LLANURA  '),(114,'2014-01-14 21:34:53','2014-01-15 16:08:34','40368446','NUBIA TERESA ROJAS VILLAR','3102842755','',12,'','CL 10 #6-38 B. MI LLANURA '),(115,'2014-01-14 21:39:27','2014-01-15 16:14:32','40386787','EUCARIS SOLER ','3118790022','',14,'','KR 18 A N 9- 78 BOCHICA  '),(116,'2014-01-14 21:42:21','2014-01-15 16:09:09','41516805','BERTHA CASAS','3125974573','',13,'','KRA 7A-8-61 MI LLANURA '),(117,'2014-01-14 21:42:44','2014-01-15 16:09:29','1121894510','KATERINE GOMEZ','3118095883','',13,'','CALLE 15 B-10A-07 ESTERO '),(118,'2014-01-14 21:43:05','2014-01-15 16:09:50','21182437','JAQUELINE RUBIANO','3134035308','',13,'','CALLE 15 B-10A-07 ESTERO '),(119,'2014-01-14 21:43:33','2014-01-15 16:10:20','21182512','ARELIX CASTILLO','3213232153','',13,'','KRA 7A-8-61 MI LLANURA '),(120,'2014-01-14 21:44:02','2014-01-15 16:11:08','40383666','OLIVA TURRIAGO','3213093359','',13,'','CALLE 10-9A-15 MI LLANURA '),(121,'2014-01-14 21:44:35','2014-01-15 16:13:51','52329702','JENNY MORENO','3115051203','',13,'','KRA 9- 15B-34 VILLA JOHANNA '),(122,'2014-01-14 21:47:43','2014-01-15 16:14:52','40441445','CLAUDIA VELASQUEZ','3204914396','',14,'','KR 18 N 9-52 BOCHICA  '),(123,'2014-01-14 21:48:10','2014-01-15 16:15:04','40395153','BERTHA HERNANDEZ','3138599346','',14,'','KR 17A -9-58 BOCHICA  '),(124,'2014-01-14 21:48:43','2014-01-15 16:16:59','21239251','LUZ  IDALIA  HOLGUIN','3108038912','',14,'','KR 16 A 22 NUEVA FLORENTA '),(125,'2014-01-14 21:49:08','2014-01-15 16:17:21','40380137','LUZ ESTELLA FAJARDO ','3132556169','',14,'','KR 13A N 9- 41 NUEVA FLORENTA '),(126,'2014-01-14 21:49:31','2014-01-15 16:17:43','63321787','NERY GONZALEZ ','3202739613','',14,'','CALLE 14 N 19 16 CANTARANA 2  '),(127,'2014-01-14 21:49:59','2014-01-15 16:18:03','40340040','MARIA DE JESUS CONZALEZ ','315 856729','',14,'','CALE 14 N 19 -16 CANTARANA 2 '),(128,'2014-01-14 21:50:21','2014-01-15 16:19:52','40444106','SANDRA PEÑA ','3142187194','',14,'','CALLE 9 N 16 02 NUEVA FLORESTA  '),(129,'2014-01-14 21:50:45','2014-01-15 16:21:08','41670243','MARIA ELSA PUENTES','3103136034','',14,'','CRA 19 B 12-04 '),(130,'2014-01-14 21:55:42','2014-01-15 16:21:24','40189620','YOLANDA GARCIA ORTIZ ','3135733906','',15,'','CALLE 36B N 20- 41 BARRIO MIRICHAL  '),(131,'2014-01-14 21:56:00','2014-01-14 21:56:00','1121907171','YADY SAMAIDA AVELLA ','3143145188','',15,'',''),(132,'2014-01-14 21:56:47','2014-01-15 16:21:42','40219673','BIBIANA JASBLEIDY AVELLA','3214321816','',15,'','CLLE 27 A 5-35 VILLA DEL SOL '),(133,'2014-01-14 21:57:08','2014-01-15 16:21:59','1121625632','YEIMI TATIANA GARCIA','3212230892','',15,'','CRR 12 A #17A -30 '),(134,'2014-01-14 21:57:41','2014-01-15 16:22:15','1121918104','ANGI JULIETH ROZO GARCIA','3215469465','',15,'','K 12A N 17A 30 VILLA ORTIZ  '),(135,'2014-01-14 21:58:09','2014-01-15 16:23:02','40395918','MARIA RINCON SABOGAL ','3203225248','',15,'','CALE 27 A N  5 19 -5VILLA DEL SOL '),(136,'2014-01-14 21:58:28','2014-01-15 16:23:21','1121884708','CARMEN EDITH AVELLA ','','',15,'','CALE 27 A N  5 38 - VILLA DEL SOL '),(137,'2014-01-14 22:14:39','2014-01-14 22:14:39','1121837805','ABELARDO JARA','3124315225','',16,'BENEDETTY',''),(138,'2014-01-14 22:18:54','2014-01-14 22:18:54','1121897981','MARIA ISABEL RODRIGUEZ','3142186168','',16,'BENEDETTY',''),(139,'2014-01-14 22:20:33','2014-01-15 14:33:56','40379625','MARIA DEYSI CEUSBA','3124984017','',17,'','CARRERA 18 - 7 - 61 Cataluña  '),(140,'2014-01-14 22:20:57','2014-01-15 14:34:14','40440016','LUZ MARY BELTRAN ROJAS','3114948716','',17,'','CAMELIAS '),(141,'2014-01-14 22:21:19','2014-01-14 22:21:19','35263002','LUCIA JARA','3153944064','',16,'BENEDETTY',''),(142,'2014-01-14 22:21:22','2014-01-15 14:35:03','40444134','SANDRA XIMENA MORALES','3212380639','',17,'','CRA 8 18-23 CAMELIAS '),(143,'2014-01-14 22:21:48','2014-01-15 14:35:25','2117411','GLADYS GOMEZ RAMIREZ','3212106267','',17,'','CALLE 16B-8-24 Cataluña  '),(144,'2014-01-14 22:22:11','2014-01-15 14:35:57','40377850','BETSABE DUEÑAS','3202301455','',17,'','CALLE 21-10A-02 Olimpico '),(145,'2014-01-14 22:22:45','2014-01-14 22:22:45','36276773','LEAZON JIMENEZ','3108090499','',16,'BENEDETTY',''),(146,'2014-01-14 22:23:19','2014-01-15 14:36:12','40395464','DIANA GAMEZ','3134569158','',17,'','CALLE 24-10B-15 Olimpico '),(147,'2014-01-14 22:24:22','2014-01-15 14:36:42','403933896','JAQUELINE CORTES CHINGATE','3125679957','',17,'','MAZANA J CASA 2 '),(148,'2014-01-14 22:24:47','2014-01-15 14:37:11','30004951','NELBY NAVARRO  ARROYO','3112145166','',17,'','CALLE 40A-19A 43 '),(149,'2014-01-14 22:25:11','2014-01-15 14:38:26','40377371','LUZ MARIA MINA','','',17,'','CALLE 25A-12-51 Popular '),(150,'2014-01-14 22:26:38','2014-01-15 14:38:54','1121818801','LAURA MARIA VILLAMIL','3212192066','',17,'','CONJUNTO SINDA MANOY '),(151,'2014-01-14 22:26:54','2014-01-14 22:26:54','40391105','ROSALBA SOLANO','315042650','',16,'BENEDETTY',''),(152,'2014-01-14 22:27:55','2014-01-15 14:39:13','51881009','MARIA DEL PILAR VILLALOBOS','3102398441','',17,'','OLIMPICO '),(153,'2014-01-14 22:28:21','2014-01-15 14:39:30','30349358','DEISY ESTHER VALENCIA','3214104794','',17,'','CLLE 35 B 14 A 38 BASTILLA '),(154,'2014-01-14 22:28:29','2014-01-14 22:28:29','010','STEVEN MONTENEGRO','3112396798','',16,'BENEDETTY',''),(155,'2014-01-14 22:28:48','2014-01-15 14:39:51','21220186','SOCORRO PEÑA ','3102657586','',17,'','CLLE 24 10 B 03 OLIMPICO '),(156,'2014-01-14 22:29:12','2014-01-15 14:40:24','40342416','BLANCA URREA  HERRERA','3134286891','',17,'','CRA 10 C 23-21 OLIMPICO '),(157,'2014-01-14 22:30:39','2014-01-15 14:40:57','40437404','LUZ ESTELLA TUMAY PASTRANA','3133446277','',17,'','CLLE 24 12-21 OLIMPICO '),(158,'2014-01-14 22:33:19','2014-01-15 14:41:38','40371888','ELVIA CLAUDIA JANO CASTILLO','3214836354','',18,'','CL 16B #7-63 B. DANUBIO '),(159,'2014-01-14 22:33:46','2014-01-15 14:41:59','1121918070','DANIELA ALVAREZ RODRIGUEZ','3124884664','',18,'','CLLE 19 7-40CAMELIAS '),(160,'2014-01-14 22:34:08','2014-01-15 14:42:47','40387196','MIRIAM CIFUENTES','3204310890','',18,'','MZ A CASA 28 GIRASOLES '),(161,'2014-01-14 22:34:31','2014-01-15 14:43:28','1121863892','YERLY CATHERINE BELTRAN ROJAS','3214545327','',18,'','CLLE 19 17-47 CAMELIAS '),(162,'2014-01-14 22:34:53','2014-01-15 14:43:53','10374957','MARIA NAYIBER RODRIGUEZ','3114710947','',18,'','CALLE 16A MZ M CASA 11 '),(163,'2014-01-14 22:35:24','2014-01-15 14:44:14','28699049','SANDRA MILENA MENDEZ RODRIGUEZ','3132351415','',18,'','CL 6 #16A-04 B. MACUNAIMA '),(164,'2014-01-14 22:41:45','2014-01-15 14:44:54','40332615','LUZ CRISTINA BAQUERO CASTELLANOS','3145314992','',20,'','CALLE 16 A #8A- 26 B. CATALUNA '),(165,'2014-01-14 22:42:23','2014-01-15 14:45:35','42058410','MARTHA LUCIA GIL GONZALEZ','3208019438','',20,'','CL 16A #8A-63 B. CATALUÑA '),(166,'2014-01-14 22:42:26','2014-01-14 22:42:26','1121859611','ERIKA BARRERA','3142741007','',19,'TOCARIAS',''),(167,'2014-01-14 22:42:47','2014-01-15 14:45:56','21236779','LIBIA ISABEL ORTIZ GUZMAN','3105617262','',20,'','MZ F CS 17 B. SANTA CATALINA '),(168,'2014-01-14 22:43:05','2014-01-15 14:46:16','21235672','CLARA CASTELLANOS','3107882901','',20,'','CALLE 16 A #8A- 87 B. CATALUNA '),(169,'2014-01-14 22:43:28','2014-01-15 14:46:40','17198905','HECTOR BAQUERO','3144426681','',20,'','CALLE 16 A -8A-91 CATALUÑA '),(170,'2014-01-14 22:43:49','2014-01-15 14:46:56','22446028','CLARA CANO','3203378870','',20,'','CALLA 16A - 9-14 CATALUÑA '),(171,'2014-01-14 22:45:43','2014-01-14 22:45:43','52839740','MERLY TRUJILLO','3202876272','',19,'',''),(172,'2014-01-14 22:48:25','2014-01-14 22:48:25','40373097','FABIOLA BARRERA','3212462004','',19,'',''),(173,'2014-01-14 22:49:08','2014-01-14 22:49:08','1121905477','ASTRID ORTEGA','3214132264','',19,'',''),(174,'2014-01-14 22:49:59','2014-01-14 22:49:59','1121899345','JOSE LUIS URBANO','3142615671','',19,'',''),(175,'2014-01-14 22:50:39','2014-01-14 22:50:39','40386378','AMANDA VELASQUEZ','3143194350','',19,'',''),(176,'2014-01-14 22:51:28','2014-01-15 14:59:19','40439273','LUZ MIRIAM MUÑOZ JARAS','3208469123','',22,'','CLLE 24 20-10 POPULAR '),(177,'2014-01-14 22:51:34','2014-01-14 22:51:34','40395732','CLAUDIA PATRICIA GARCIA','3138976456','',19,'',''),(178,'2014-01-14 22:51:59','2014-01-15 15:00:28','17343066','JOSE OSWALDO HERNANDEZ TRIANA','3125664866','',22,'','CRA 10C #23-21 B. OLIMPICO '),(179,'2014-01-14 22:52:21','2014-01-14 22:52:21','17337137','LUIS ANTONIO CARO','3144636462','',19,'',''),(180,'2014-01-14 22:52:24','2014-01-15 15:00:49','63447167','MARIA MERCEDES RODRIGUEZ','3125362038','',22,'','CLLE 25 19-205  VAINILLA '),(181,'2014-01-14 22:52:47','2014-01-15 15:01:15','40441324','FLOR ELINDA HERRERA MARTINEZ','3125362038','',22,'','CLLE 23 12A 16 B OLIMPICO '),(182,'2014-01-14 22:53:25','2014-01-14 22:53:25','40388354','AIDA NELLY URBANO','3112578245','',19,'',''),(183,'2014-01-14 22:54:22','2014-01-14 22:54:22','79611368','FREDY CRUZ','3127250754','',19,'',''),(184,'2014-01-14 22:55:23','2014-01-15 15:01:31','2158314','BLANCA MIRIAM ALFONSO','3208558001','',23,'','CLLE 25 14-38 PINILLA  '),(185,'2014-01-14 22:55:52','2014-01-15 15:01:43','40401377','ADELA DOMINGUEZ','3115238683','',23,'','CALLE 25 N 15 03 PINILLA  '),(186,'2014-01-14 22:56:13','2014-01-15 15:01:55','86046286','JOSE ISMAEL SACHE','3202774474','',23,'','CALLE23 N 12 03  MARACOS  '),(187,'2014-01-14 22:56:33','2014-01-14 22:56:33','40386821','MAGDALENA TORRES','3208571700','',19,'',''),(188,'2014-01-14 22:56:36','2014-01-15 15:02:19','35265673','MARTHA ROSALES','3135316111','',23,'','CALE 25 N 12 28 ESTE MARACOS  '),(189,'2014-01-14 22:58:02','2014-01-14 22:58:02','40442654','ALEXANDRA MARIÑO','3123272902','',19,'',''),(190,'2014-01-14 22:59:38','2014-01-14 22:59:38','40401686','SANDRA RODRIGUEZ','3143273847','',19,'',''),(191,'2014-01-14 23:02:27','2014-01-15 15:02:48','40188845','SANDRA BETANCOUR','3133250425','',23,'','KR 18 ESTE N 18-14 PINILLA  '),(192,'2014-01-14 23:02:49','2014-01-15 15:03:06','1121827177','MARGARITA PAVA','3134407443','',23,'','MZ M CASA 9 PINILLA  '),(193,'2014-01-14 23:03:12','2014-01-15 15:03:31','40330971','NANCY BETANCOUR','3105791947','',23,'','KR 18 ESTE N 21 14 PINILLA  '),(194,'2014-01-14 23:03:31','2014-01-15 15:03:54','91232606','GUSTAVO SALAZAR','3104870125','',23,'','KR 15 ESTE N 22 27 PINILLA  '),(195,'2014-01-14 23:03:50','2014-01-15 15:04:10','40411195','SONIA YANIRA CUERVO','3115388629','',23,'','CALLE 25 N 14 35 ESTE MARACOS  '),(196,'2014-01-14 23:04:32','2014-01-15 15:04:40','41914357','ESTELA BERMUDEZ','3143463109','',23,'','CALLE 25 N 15- 15 PINILLA  '),(197,'2014-01-14 23:04:56','2014-01-15 15:05:03','1121347398','YINA BERMUDEZ','3143463109','',23,'','CALE 25 15- 15 PINILLA '),(198,'2014-01-14 23:05:10','2014-01-15 15:05:27','40293079','NILZA MARIA LEON ','3114642229','',23,'','CALLE 22 - N 18- 23 PINILLA '),(199,'2014-01-14 23:05:44','2014-01-15 15:06:21','51796078','MARIA INES RODRIGUEZ','3107951977','',23,'','CRA 19*21-33 PINILLA '),(200,'2014-01-14 23:06:03','2014-01-15 15:06:56','74862282 ','JOSE FERLEY ESPINOSA','3133726238','',23,'','CRA 17 A *31-21 SAN CARLOS '),(201,'2014-01-14 23:06:28','2014-01-15 15:06:38','79050720','JESUS BALLESTEROS','3135316111','',23,'','CALLE 25*12-88 MARACOS '),(202,'2014-01-14 23:07:05','2014-01-15 15:07:15','52130786','LILIANA CIRO PARDO','3142603430','',23,'','CLLE 27 11-13  MARACOS '),(203,'2014-01-14 23:07:41','2014-01-15 15:07:41','4037341','DIOMIDILO SANTOS','3214040353','',23,'','CRA 14 *25A 21 MARACOS '),(204,'2014-01-14 23:08:13','2014-01-15 15:07:57','39624229','JHOANA CARRILLO','3114716689','',23,'','CALLE27*11-14 MARACOS BAJO '),(205,'2014-01-14 23:08:36','2014-01-15 15:08:34','86061424','LUIS MAHECHA URREGO','3133755830','',23,'','CALLE 25B-11-012 MARACOS BAJO '),(206,'2014-01-14 23:09:05','2014-01-15 15:08:56','40270972','NUBIA CAPERA','3124080039','',23,'','CLLE 25 ESTE 14-15 SUR ESTE  '),(207,'2014-01-14 23:09:20','2014-01-15 15:09:13','1121855714','YURI RIAÑO','3143636897','',23,'','CALLE40*17A35 DELIRIO COVISAN '),(208,'2014-01-14 23:09:52','2014-01-15 15:09:28','40390309','YOLANDA CULMA','3118977623','',23,'','CRA 18E*31-16 SAN CARLOS '),(209,'2014-01-14 23:10:19','2014-01-15 15:09:44','4040037','MARIELA NAVARRO','3115965999','',23,'','MANZANA F CASA 13 SAN CARLOS '),(210,'2014-01-14 23:10:53','2014-01-15 15:10:08','40188166','ADOLFA AROCA RICO','3114526301','',23,'','CRA 17*31-30 SAN CARLOS '),(211,'2014-01-14 23:11:16','2014-01-15 15:10:44','21175332','ANA LEONOR AMAYA','3102131372','',23,'','CALLE 32*17A -07 SAN CARLOS '),(212,'2014-01-14 23:12:14','2014-01-15 15:11:15','40326550','ANDREA DEL PILAR','3214440027','',23,'','MANZANA R CASA * 22 SAN CARLOS '),(213,'2014-01-14 23:12:39','2014-01-15 15:11:35','17342856','JHON JAIME GUTIERREZ','3114525991','',23,'','CRA 12 ESTE * 22-22 MARACOS '),(214,'2014-01-14 23:13:01','2014-01-15 15:12:21','11344068','LUIS ALBERTO GOMEZ ROBAYO','3107658136','',23,'','CRA 27*14-19 MARACOS BAJO '),(215,'2014-01-14 23:13:28','2014-01-15 15:12:36','36087608','YAZMIN RODRIGUEZ','3144674442','',23,'','CALLE 25 ESTE *14-31 MARACOS '),(216,'2014-01-14 23:14:02','2014-01-15 15:12:57','521425511','LUZ MIREYA NIÑO','3203760204','',23,'','CALLE 25 ESTE*14-39 MARACOS '),(217,'2014-01-14 23:14:42','2014-01-15 15:14:15','23489502','ELIZABETH FISCARRIAGA','3116902398','',23,'','CALLE 25E*14-40 MARACOS '),(218,'2014-01-14 23:15:11','2014-01-15 15:13:59','40396131','MARISOL AGUIRRE','3132172981','',23,'','CALLE 24*15-08 PINILLA '),(219,'2014-01-14 23:16:19','2014-01-15 15:14:32','35283746','NUBIA MORENO','3125018088','',23,'','CALLE 22*18-51 PINILLA '),(220,'2014-01-14 23:16:43','2014-01-15 15:14:49','40327200','PAULINA CARO','3202322026','',23,'','CRA19*21-27 PINILLA '),(221,'2014-01-14 23:18:02','2014-01-15 15:15:12','1121827337','JASBLEIDI HERNANDEZ','3134569134','',23,'','CALLE 25B*14-12 MARACOS '),(222,'2014-01-14 23:18:40','2014-01-15 15:15:27','1121875159','JHON ALEXANDER LEDESMA','3114779591','',23,'','CALLE25B *14-54 MARACOS '),(223,'2014-01-14 23:19:04','2014-01-15 15:16:25','40395793','YORMARY HERNANDEZ','3115405992','',23,'','CALLE 28B*18-10 MARACOS '),(224,'2014-01-14 23:51:23','2014-01-15 16:40:52','21180764','ELDA JIMENEZ','3213697253','',13,'','CRA 12 No 21-67'),(225,'2014-01-14 23:51:54','2014-01-14 23:51:54','40330687','MARIELINA BOLIVAR','3167305911','',13,'',''),(226,'2014-01-14 23:52:27','2014-01-15 16:41:33','21182617','ELIZABETH RUBIANO','3124318630','',13,'','CRA 7 No 8-61 MI LLANURA'),(227,'2014-01-14 23:52:55','2014-01-15 16:42:10','86078611','MIGUEL SAENZ','3203327382','',13,'','CALLE 24 No 37-39 EMPORIO'),(228,'2014-01-14 23:53:23','2014-01-15 16:42:42','1122121886','YURY ESMERALDA ORTIZ','3142775694','',13,'','CALLE 10 No 9A-15 MI LLANURA'),(229,'2014-01-14 23:54:04','2014-01-14 23:54:04','40325627','ALBA INES PINTO','3123891208','',23,'',''),(230,'2014-01-15 00:56:14','2014-01-15 15:08:10','40366542','VINDA HERRERA','3125051089','',24,'','MZ J 2 CS 15 CHARRASCAL'),(231,'2014-01-15 00:57:29','2014-01-15 15:09:00',' 51971516','MARLEN MORA','3202826491','',24,'','MZ J 2 # 16 CHARRASCAL'),(233,'2014-01-15 00:58:08','2014-01-17 17:17:31','40374267','MARTHA JIMENEZ','313305502','',103,'','MZ L 2 # 6 CHARRASCAL'),(234,'2014-01-15 00:58:53','2014-01-15 15:11:04','51728955','MARTHA VALERA','321486501','',24,'','MZ A # 5 CHARRASCAL'),(236,'2014-01-15 01:01:06','2014-01-15 15:12:39','40219255','JENNY MARQUEZ','3102432815','',24,'','MZ I 2 # 13 CHARRASCAL'),(238,'2014-01-15 01:19:51','2014-01-15 01:19:51','21363163','INES LOAIZA ','6829129','',26,'',''),(239,'2014-01-15 01:24:41','2014-01-15 01:24:41','40390705','SANDRA PATRICIA MENDEZ','6837127','',26,'',''),(240,'2014-01-15 01:26:20','2014-01-15 01:26:20','35285067','LUZ MARINA CULMA','3124670711','',26,'',''),(241,'2014-01-15 01:27:58','2014-01-15 15:13:21','40391904','RUTH A. FRANCO','3157017177','',24,'','MZ I # 2 CHARRASCAL'),(242,'2014-01-15 01:28:12','2014-01-15 01:28:12','40369768','ANA MERCHAN ','3142335611','',26,'',''),(243,'2014-01-15 01:29:43','2014-01-15 01:29:43','1121841560','DERLY HERNANDEZ ','3134360156','',26,'',''),(244,'2014-01-15 01:29:48','2014-01-15 15:14:27','40365792','ISLENA REY','3134620137','',24,'','MZ R 2 # 6 CHARRASCAL'),(245,'2014-01-15 01:30:43','2014-01-15 01:30:43','1121883195','DIANA ACOSTA ','3102101979','',26,'',''),(246,'2014-01-15 01:30:56','2014-01-15 15:15:28','21184871','BLANCA VILLALOBOS','3144753169','',24,'','MZ O2 # 16 CHARRASCAL'),(247,'2014-01-15 01:32:00','2014-01-15 01:32:00','21236507','HERMENCIA SOLANO','3202767658','',26,'',''),(248,'2014-01-15 01:33:26','2014-01-15 01:33:26','21214329','LUZ MARY HERRERA ','3213233995','',26,'',''),(249,'2014-01-15 01:34:38','2014-01-15 15:17:13','40367777','ROSA BELTRAN C.','3142507621','',24,'','MZ I2 # 13 CHARRASCAL'),(250,'2014-01-15 01:35:42','2014-01-15 01:37:50','40404480','SARA IRENE  CARDONA LOAIZA','6829129','',26,'',''),(251,'2014-01-15 01:37:44','2014-01-17 23:03:25','28917009','BENILDA BARRIOS','3212354583','',24,'','MZ I 2 CASA Nº13 CHARRASCAL'),(252,'2014-01-15 01:38:23','2014-01-15 16:09:43','21199988','NUBIA FLORES','3124463991','',24,'','MZ B CASA 2 CHARRASCAL'),(253,'2014-01-15 01:39:02','2014-01-15 01:39:02','40443191','JAQUELIN OLIVEROS ','3102045227','',26,'',''),(254,'2014-01-15 01:40:05','2014-01-15 01:40:05','40361763','LUCERO DIAZ LOZADA','3214887904','',26,'',''),(255,'2014-01-15 01:41:09','2014-01-15 01:41:09','86043658','ALBEIRO MARTINEZ ','3106168670','',26,'',''),(256,'2014-01-15 01:41:54','2014-01-15 16:34:52','40412677','SANDRA CALDERON','3203082271','',24,'','CRA 54 31-31 PLAYA RICA'),(257,'2014-01-15 01:43:14','2014-01-15 01:43:14','52704328','PATRICIA RODRIGUEZ','0000000','',26,'',''),(258,'2014-01-15 01:53:40','2014-01-17 23:11:55','40410113','ROSALBA GARCIA','3132289134','',24,'','MZ A2 CASA No 3 CHARRASCAL'),(259,'2014-01-15 01:54:31','2014-01-17 23:17:30','51895877','YOLANDA PARRA','3118678190','',24,'','MZ A2 CASA Nº 6 CHARRASCAL'),(260,'2014-01-15 01:55:44','2014-01-17 23:19:13','21076973','BETTY ROMERO','3134742747','',24,'','MZ AC CASA Nº 7 CHARRASCAL'),(261,'2014-01-15 01:57:28','2014-01-17 23:33:45','2972354','WILLIAM PUENTES','3142119574','',24,'','MZ AC CASA Nº 19 '),(262,'2014-01-15 01:58:41','2014-01-15 01:58:41','26534178','LIGIA GIRALDO','3142482606','',24,'',''),(263,'2014-01-15 01:59:33','2014-01-15 01:59:33','1121857763','YINA PALACIOS','3124355163','',24,'',''),(264,'2014-01-15 02:00:04','2014-01-17 23:57:24','40328741','LUZ HELENA REINA','3103176378','',24,'','SECTOR 7 LA NOHORA'),(265,'2014-01-15 02:00:40','2014-01-17 23:58:17','17325864','GUILLERMO GARCIA','3115515785','',24,'','SECTOR 6 LA NOHORA'),(266,'2014-01-15 02:01:27','2014-01-15 14:32:07','1121898514','ANGELICA DIAZ CHINCHILLA','3208197504','',27,'','CLLE 15 A 33-51 ESPERANZA VII ETAPA'),(267,'2014-01-15 02:15:01','2014-01-15 15:56:33','1121824236','VIVIANA TELLO','3134111166','',27,'','CRA 37 11 A 17 VII ETAPA ESPERANZA'),(268,'2014-01-15 02:15:41','2014-01-15 14:33:41','40412623','NURY MORENO','3114491555','',27,'','CRA 33 14-46 VII ESPERANZA'),(269,'2014-01-15 02:27:28','2014-01-15 14:35:01','40187701','ERIKA RODRIGUEZ ','3213283556','',27,'','CRA 32 13-22 VII ETAPA ESPERANZA'),(270,'2014-01-15 02:28:12','2014-01-15 14:36:55','40400309','GABRIELA ACOSTA','3202053539','',27,'','CRA 31 10 B 31 VII ETAPA ESPERANZA'),(271,'2014-01-15 02:29:27','2014-01-17 23:59:58','29898374','MARLENY  AGUDELO','3143383307','',27,'','CRA 26 B 10-72 VII ETAPA ESPERANZA'),(272,'2014-01-15 02:30:58','2014-01-15 14:48:33','40343241','YULY PAOLA SUTA','3212380812','',27,'','CLLE 12 A 32 A 31 VII ETAPA ESPERANZA '),(273,'2014-01-15 02:32:29','2014-01-15 14:55:30','21235484','GLADIS CARDENAS','3214559435','',27,'','CLL 12 B # 32 B- '),(274,'2014-01-15 02:33:11','2014-01-15 14:56:50','21240787','LUZ MAGALY ANGEL','3138845363','',27,'',' CLL 12 # 47 -21 VII ESPERANZA '),(275,'2014-01-15 02:34:08','2014-01-15 14:58:01','40377316','ALBA ROCIO ANGEL','3138845363','',27,'','CLL 12 # 47-21 VII ESPERANZA '),(276,'2014-01-15 02:36:16','2014-01-15 15:00:20','1121426540','MONICA PEÑA LEMUS','3213157293','',27,'','CLLE 14 32 B 23 VII ESPERANZA'),(277,'2014-01-15 02:38:33','2014-01-15 14:59:21','40380454','ALBA EDITH JARAMILLO','3138716419','',27,'','CRA 26 A 10 B 45 VII ESPERANZA'),(278,'2014-01-15 02:40:51','2014-01-15 15:01:07','40443385','ISLENA CERVERA ','3135302864','',27,'','CLLE 10 C 4-32 VII ETAPA ESPERANZA'),(279,'2014-01-15 02:42:22','2014-01-15 15:01:46','211228460','ANITA RODRIGUEZ','3102746744','',27,'','CLLE 12 33-09 VII ETAPA ESPERANZA'),(280,'2014-01-15 02:43:59','2014-01-18 00:07:13','21171904','MARINA ALEJO DE GUAVITA','3118517283','',27,'','CLLE 12 32 B 04 VII ETAPA ESPERANZA'),(281,'2014-01-15 02:44:45','2014-01-15 15:04:53','40397756','SONIA DOLORES MONROY','3214282497','',27,'','CLL 12 # 32 B-04 VII ETAPA ESPERANZA'),(282,'2014-01-15 14:25:55','2014-01-15 15:05:55','21239659','LIGIA CECILIA MATUS','3203373724','',27,'','CLLE 12 # 25-39 VII ETAPA ESPERANZA'),(283,'2014-01-15 14:30:31','2014-01-15 14:30:31','1121841340','VIVIANA GUTIERREZ','3118225300','',27,'','MZ 5 CASA 19 '),(284,'2014-01-15 14:59:49','2014-01-15 14:59:49','3293204','LUIS SUAREZ P','3203395363','',28,'','52 CLL18B 7MA'),(285,'2014-01-15 15:01:57','2014-01-15 15:01:57','1121860788','JENNY C BETANCOURTH ','3142858870','',28,'','CLL 20 SUR 23-25'),(286,'2014-01-15 15:03:19','2014-01-15 15:03:19','40218550','LUISA FERNANDA CHAVEZ','3212343315','',28,'','MZNA 15C 38 JARDIN'),(287,'2014-01-15 15:05:36','2014-01-15 15:05:36','63307850','MARIA ISABEL GARZON ','6638547','',28,'','CRA 33A 14B-04 7MA'),(288,'2014-01-15 15:06:58','2014-01-15 15:06:58','21223698','ESTHER VALENCIA E','6675771','',28,'MADRE CABEZA DE HOGAR ','CRA 35 12-04 7MA'),(289,'2014-01-15 15:08:55','2014-01-15 15:08:55','40440262','NAYIBER VALENCIA ','3115227882','',28,'','SECTOR 21C CLL7 7MA'),(290,'2014-01-15 15:11:06','2014-01-15 15:11:06','14273183','WILLIAM FUENTES ','3202724632','',28,'','MZNA E CASA 2 S/AGUSTIN'),(291,'2014-01-15 15:17:52','2014-01-15 15:17:52','86058727','WILLIAM PIRAQUIVE ','3143319596','',28,'','CLL 26A SUR 36A GUATAPE '),(292,'2014-01-15 15:19:12','2014-01-15 15:19:12','86088972','JORGE ARDILA S','3213991196','',28,'','CLL 41A 31-39 TRIUNFO'),(293,'2014-01-15 15:20:49','2014-01-15 15:20:49','79128986','JAVIER MORENO RINCON','3123598687','',28,'','CLL 31B 26-48 POPULAR'),(294,'2014-01-15 15:23:00','2014-01-15 15:23:00','21227857','CARLOTA VANEGAZ','3103273183','',28,'','CRA 35 12A-04 7MA'),(295,'2014-01-15 15:24:52','2014-01-15 15:24:52','40381637','ANA GRACIELA VANEGAZ ','3202937532','',28,'','CLL 56 13-12 COMUNEROS'),(296,'2014-01-15 15:26:21','2014-01-15 15:26:21','3296450','CESAR RUBIO','3212872991','',28,'','SECTOR 18-1 7MA'),(297,'2014-01-15 15:27:43','2014-01-15 15:27:43','86089025','LEONARDO MUÑOZ ','3132424147','',28,'','VILLA BOLIVAR MZNA 36-27'),(298,'2014-01-15 15:29:30','2014-01-15 15:29:30','80525669','YARIT FERNANDO HERNANDEZ','3204013354','',28,'','CLL 4A 34B-05 V-BOLIVAR'),(299,'2014-01-15 15:37:40','2014-01-15 15:37:40','1121816856','JOAQUIN MENA','3133711212','',8,'','CLLE 16 B 11-57 BUENOS AIRES '),(300,'2014-01-15 15:44:01','2014-01-15 15:44:01','40439955 ','ESTELLA GALLO ','3123574019','',8,'','C20-7-15 CAMELIAS '),(301,'2014-01-15 16:00:42','2014-01-15 16:00:42','17344132','NELSON TOLEDO CARDENAS','3133117002','',28,'','MZNA 24 CASA 10 MADRID'),(302,'2014-01-15 16:01:50','2014-01-15 16:01:50','51816570','LUZ MARINA BELTRAN','','',28,'','CRA26 16A-30 POPULAR'),(303,'2014-01-15 16:03:45','2014-01-15 16:03:45','17321105','MANUEL RICARDO BARRERA','3132240429','',28,'','CLL 27B 50-42 M/CARO'),(304,'2014-01-15 16:04:53','2014-01-15 16:04:53','3289924','JOSE ANTONIO MIRANDA RIOS','3144403637','',28,'ADULTO MAYOR','CLL 36A 22-6 SANTANDER'),(305,'2014-01-15 16:27:50','2014-01-15 16:27:50','40379235','LUZ MARIA PAEZ GAITAN','3102114973','',29,'','CLL 63 46A-09'),(306,'2014-01-15 16:28:53','2014-01-15 16:28:53','40442009','LUZ MARY CRUZ HERNANDEZ','3124612540','',29,'','MZNA D CASA 25'),(307,'2014-01-15 16:29:46','2014-01-15 16:29:46','1121904880','ANLLY ZULEIMA VERA PAEZ','3138300548','',29,'','CLL 68 43-105'),(308,'2014-01-15 16:30:42','2014-01-15 16:30:42','40395668','JAKELINE MORENO GUEVARA','3112486534','',29,'','CLL 63 46A-08'),(309,'2014-01-15 16:30:43','2014-01-15 16:30:59','40219431 ','EDELMIRA GUERRA ','683-7127 ','',26,'','MZ 13 CS 8 '),(310,'2014-01-15 16:31:32','2014-01-15 16:31:32','35264940','JAZMIN RODRIGUEZ GARZON','3125189505','',29,'','CLL 64 46-02'),(311,'2014-01-15 16:32:06','2014-01-15 16:32:06','40216055 ','MARICEL GUERRA ','3108534977','',26,'','MZ 13 CS 18 '),(312,'2014-01-15 16:32:43','2014-01-15 16:32:43','1121858884','ANGIE DIAZ ','','',26,'','MZ 14 CS 9 '),(313,'2014-01-15 16:33:11','2014-01-15 16:33:11','40396483','LILIA MARTINEZ PAEZ','3124186679','',24,'','MZ L 2 CASA 17'),(314,'2014-01-15 16:33:23','2014-01-15 16:33:23','1121833224','SANDRA MILENA DIAZ','3202756160','',29,'','CLL 63 46-106'),(315,'2014-01-15 16:33:54','2014-01-15 16:33:54','1121884258','MAICOL DIAZ ','3138858070','',26,'','MZ 14 CS 9 '),(316,'2014-01-15 16:34:08','2014-01-15 16:34:08','40439922','LUZ MIREYA SOTO RIVERO','3144605589','',29,'','CLL 64 46-63'),(317,'2014-01-15 16:34:44','2014-01-15 16:34:44','17166611 ','HECTOR HORACIO ZARATE  ','3102170235','',26,'','MZ 14 CS 21 '),(318,'2014-01-15 16:35:12','2014-01-15 16:35:12','1121854357','MARILIN RODRIGUEZ','3142002446','',29,'','CLL 64 46-82'),(319,'2014-01-15 16:35:36','2014-01-15 16:35:36','17356280 ','ALEXANDER MATIAS ','3214887904','',26,'','MZ 13 CS 9 '),(320,'2014-01-15 16:36:18','2014-01-15 16:36:18','1121858465','CHELMAR ZARATE LEON ','3102757711','',26,'','MZ 14 CS 21 '),(321,'2014-01-15 16:36:35','2014-01-17 22:09:48','38255448','MARIA DEISY MATEUS ','3102729682','',29,'','ISLA SANCIPRIANO'),(322,'2014-01-15 16:37:26','2014-01-15 16:37:26','40328169','VIVIANA ALEXANDRA LOPEZ','3113811704','',29,'','CLL 65 40-10'),(323,'2014-01-15 17:03:05','2014-01-15 17:03:05','40384653','SANDRA SUAREZ','3138050318','',31,'','MZNA CS 5B B/GIRASOLES'),(324,'2014-01-15 17:04:14','2014-01-15 17:04:14','40188110','MAYRA PERDOMO','3138905710','',31,'','CRA 21D 26-34 20 DE JULIO'),(325,'2014-01-15 17:04:50','2014-01-15 17:04:50','19495093','HUMBERTO AGUIRRE','3147602892','',31,'','20 DE JULIO'),(326,'2014-01-15 17:05:46','2014-01-15 17:05:46','1121898964','ANDREA ALFONSO','3133024230','',31,'','CLL 20 47-45 B/SANBENITO'),(327,'2014-01-15 17:06:33','2014-01-18 14:53:28','40375685','YAIRA RINCON','3202710074','',31,'','CLL 20A 36-32 B/SAN BENITO'),(328,'2014-01-15 17:06:41','2014-01-15 17:06:41','80498209','ALBERTO REY ','3115187902','',30,'','RESTREPO'),(329,'2014-01-15 17:07:25','2014-01-15 17:07:25','63285157','ALBA ROSARIO SARMIENTO','3123009131','',31,'','CRA 33 25-28 B/SANBENITO'),(330,'2014-01-15 17:08:39','2014-01-15 17:08:39','30021341','ADELINA PEREZ','3143114178','',30,'','TRANSV. 26 39 B 30 EMPORIO'),(331,'2014-01-15 17:09:49','2014-01-18 14:56:49','1121838266','VIVIANA CUELLAR','3108507058','',31,'','TRASN 25 24 -119  B/SAN MARCOS'),(332,'2014-01-15 17:09:55','2014-01-15 17:09:55','21235977','MIRIAM AMPARO  BLANCO','3132618896','',30,'','CRA 38 35 A 50 BARZAL'),(333,'2014-01-15 17:10:25','2014-01-15 17:10:25','21227420','LILIA BAQUERO','664-4344','',30,'','TRANSV. 26 39 A 18  EMPORIO'),(334,'2014-01-15 17:11:43','2014-01-15 17:11:43','20940468','ROSA FORERO PAEZ','3208507374','',30,'','CLLE 39 B 21- 17 EMPORIO'),(335,'2014-01-15 17:12:23','2014-01-15 17:12:23','19316952',' OMAR FORERO','3124996918','',30,'','CLL39 A BIS 24-35 EMPORIO'),(336,'2014-01-15 17:13:06','2014-01-15 17:13:06','494386','LUIS ALFONSO BLANCO','3202734133','',30,'','TRANSV. 26 39 B 30 EMPORIO'),(337,'2014-01-15 17:13:49','2014-01-15 17:13:49','40385350','LUZ MARINA BLANCO','3124812775','',30,'','TRANSV. 26 39 B 30 EMPORIO'),(338,'2014-01-15 17:45:59','2014-01-15 17:45:59','1121844350','MAYRA FERNANDA BELTRAN','3205158308','',31,'','CRA 40 45 -28 B/ SAN BENITO'),(339,'2014-01-15 17:47:19','2014-01-15 17:47:19','40430574','DINORA GARAVITO','3132401928','',31,'','ESPERANZA 7ª ETAPA'),(341,'2014-01-15 17:54:03','2014-01-15 17:54:03','3289323','NOE RINCON','3214822829','',31,'','CALL 20A 36-34'),(342,'2014-01-15 17:55:24','2014-01-15 17:55:24','61614727','CLAUDIA YEPES','3142534823','',31,'','CALL 25A 20-08'),(344,'2014-01-15 17:58:05','2014-01-15 17:58:05','21236674','AMPARO CUYARES','3133611868','',31,'','CRA 12A 25A-28'),(345,'2014-01-15 17:59:25','2014-01-15 17:59:25','40402119','MARTHA CHIA','3202623147','',31,'','CRA 38 24-03 B/VILLA SUAREZ'),(348,'2014-01-15 18:03:40','2014-01-18 15:00:32','1121827682','LAURA HERRERA','3218322749','',31,'','CALL 20A 36-32 B/SAN BENITO'),(350,'2014-01-15 19:44:08','2014-01-15 19:44:08','20437124','ANTONIA PRIETO','3142784519','',30,'','TRANSV. 26 38 B 31 EMPORIO'),(351,'2014-01-15 19:45:08','2014-01-15 19:45:08','37670733','SANDRA MILENA','3213688211','',30,'','TRANSV. 26 39 B 0 EMPORIO '),(352,'2014-01-15 19:45:53','2014-01-15 19:45:53','23752528','CLEMENCIA BOHORQUEZ','3132145399','',30,'','TRANSV. 25 36-30 EMPORIO'),(353,'2014-01-15 19:50:27','2014-01-15 19:50:27','22011698','ALBA CENED LOPEZ CARDENAS','','',33,'','CALLE 43 - 46A-43 12 OCTUBRE'),(354,'2014-01-15 19:51:06','2014-01-15 19:51:06','1121921262','AURA MILENA SUTACHAN ALGECIRA','','',33,'','CALLE 43 - 46A-43 12 OCTUBRE'),(355,'2014-01-15 19:51:37','2014-01-15 19:51:37','52517099','ADELAIDA TORRES CABALLERO','','',33,'','KRA 45 - 43A - 68 12 OCTUBRE'),(356,'2014-01-15 19:52:08','2014-01-15 19:52:08','1121892506','DANIELA LOPEZ CARDENAS','','',33,'','CALLE 43 - 46A-43 12 OCTUBRE'),(357,'2014-01-15 19:52:31','2014-01-15 19:52:31','1121840502','YINA PAOLA MURCIA','','',33,'','KRA 50 43-17 12 DE OCTUBRE'),(358,'2014-01-15 20:09:39','2014-01-15 20:09:39','1125822330','JULIA ESTELLA RIVEROS','3114395885','',34,'','SANTA FE'),(359,'2014-01-15 20:10:19','2014-01-15 20:10:19','40373117','BLANCA LILIA BERNAL','3134472615','',34,'','GUATIQUIA'),(360,'2014-01-15 20:12:14','2014-01-15 20:12:14','40183435','ZORAIDA LADINO','3118410871','',34,'','GUATIQUIA'),(361,'2014-01-15 20:13:13','2014-01-15 20:13:13','86043611','MARLON ALBERTO ORTIZ','3213327825','',34,'','GUATIQUIA'),(362,'2014-01-15 20:14:39','2014-01-15 20:14:39','40366192','MAGDALENA PINTO','3132172790','',35,'','CRA 16 ESTE 36-09 B/PRADO DE SIVERIA'),(363,'2014-01-15 20:15:54','2014-01-15 20:15:54','40390955','YOLANDA OCHOA','3125216475','',35,'','CALL 36 15A-37 B/ PRADOS DE SIVERIA'),(364,'2014-01-15 20:17:29','2014-01-15 20:17:29','40367129','MARLENY NOVOA','3115200299','',6,'REFERIDO DE LA COMUNA 3\r\n','CALLE 21-37B-13 INDUSTRIAL'),(365,'2014-01-15 20:17:37','2014-01-15 20:17:37','40394153','RECCY RAMOS','3138486568','',35,'','CALL 2 26-13 B/ POPULAR'),(366,'2014-01-15 20:19:50','2014-01-15 20:19:50','17329623','JOSE HELY NOVOA VIGOYA','3114908830','',6,'REFERIDO DE LA COMUNA 3','CRA 21 #37B-13 B. INDUSTRIAL'),(367,'2014-01-15 20:20:01','2014-01-15 20:20:01','40217965','CLAUDIA MILENA PEÑA','3203406281','',35,'','CALL 38 17A-38 ESTE MZNC CASA 8 B/LA GAITANA'),(368,'2014-01-15 20:21:16','2014-01-15 20:21:16','40439023','LILIANA PINZON','3208266548','',35,'','CALL 45A 21 -15 B/ CATUMARE'),(369,'2014-01-15 20:22:11','2014-01-15 20:22:11','1121854496','MARCELA CORREAL','3214985669','',35,'','MZN H CASA 9 B/ EL MILAGRO'),(370,'2014-01-15 20:31:41','2014-01-18 16:13:56','1120864631','YINETH CAÑAS GARCIA','3134701657','',36,'','41 A 16-56 COVISAN'),(371,'2014-01-15 20:33:21','2014-01-15 20:33:21','2194010','ORLANDO PEÑA PEÑA','3132049634','',36,'','CALL 41A 16-11 CASA 2 B/ COVISAN DELIRIO'),(372,'2014-01-15 20:34:26','2014-01-15 20:34:26','40384621','BEATRIZ SERNA VILLANUEVA','3115920059','',36,'','CALL 41A 16-56 B/DELIRIO'),(373,'2014-01-15 20:37:01','2014-01-15 20:37:01','40439249','LUZ HERMINDA ESPITIA DAZA','3125698119','',36,'','MZN 2 W CASA 13 B/ PORTALES DEL LLANO'),(374,'2014-01-15 20:41:20','2014-01-15 20:41:20','1193236388','ERICA JOHANNA VALENCIA','','',39,'','KRA 37 -37 -23'),(375,'2014-01-15 20:41:45','2014-01-15 20:41:45','1121865820','JESSENIA CAROLINA NIEVES BUITRAGO','3105974971','',37,'','CLL 72 41-76'),(376,'2014-01-15 20:42:17','2014-01-15 20:42:17','40387405','EMERITA GARCIA','3132676491','',39,'','CALLE 37 -21A - 42 48'),(377,'2014-01-15 20:43:13','2014-01-15 20:43:13','40392019','MARIA CECILIA MARTINEZ','3106660683','',39,'','KRA 22 -37-15'),(378,'2014-01-15 20:43:21','2014-01-15 20:43:21','40330610','CAROLINA CHACON ','3214121929','',38,'','CALL 63 44-99'),(379,'2014-01-15 20:44:13','2014-01-15 20:44:13','31031882','MARIA AZUCENA DUQUE','3142371717','',39,'','CALLE 37 - 21B - 02'),(380,'2014-01-15 20:44:23','2014-01-17 16:05:22','1121872783','JOHANA CAROLINA HERNANDEZ NUMPOQUE','3144292349','',37,'','CLL 70 40-97 PORFIA'),(381,'2014-01-15 20:44:25','2014-01-15 20:44:25','40332838','ANA YADIRA TAPIAS','3144808540','',38,'','CALL 60 46A-41'),(382,'2014-01-15 20:45:10','2014-01-15 20:45:10','40341715','TATIANA GUTIERREZ MACHADO','3107577196','',38,'','CALL 63SUR 44-76'),(383,'2014-01-15 20:47:19','2014-01-15 20:47:19','40328044','SANDRA MILENA FORRERO','3106747336','',38,'','CALL 69 SUR 42-07'),(384,'2014-01-15 20:48:02','2014-01-15 20:48:02','28810204','VILMA CHACON ','3115856915','',38,'','CALL 63 44-31'),(385,'2014-01-15 20:48:18','2014-01-15 20:48:18','1121891878','NELLY MARINELLA HUERFANO PARRADO','3118590647','',37,'','CLL 71 SUR 40-39'),(386,'2014-01-15 20:49:40','2014-01-15 20:49:40','40330088','LYSENIDA PEÑA VIDAL','3172408453','',38,'','CALL 61 48-18'),(387,'2014-01-15 20:51:28','2014-01-15 20:51:28','30082558','EUNICE TRASLAVIÑA','3046020281','',38,'','CALL 66 44-23'),(388,'2014-01-15 20:51:42','2014-01-15 20:51:42','1121842858','YINA CARABALI PALACIOS','3168535324','',37,'','MZNA K CASA 15 EL CHARRASCAL'),(389,'2014-01-15 20:52:21','2014-01-15 20:52:21','4018698','LUZ DIVIA TRANSLAVIÑA','3143880694','',38,'','CALL 63 44-23 B/ VILLA DEL CARMEN'),(390,'2014-01-15 20:52:26','2014-01-15 20:52:26','40340625','BLANCA JUNITH CHAVARRIA','3102769460','',40,'','KRA 19 C - 40-19 PARAISO'),(391,'2014-01-15 20:53:03','2014-01-15 20:53:03','40219048','DIANA MILENA CARABALY PALACIOS','3122004879','',37,'','CLL 71 44-39 PORFIA'),(392,'2014-01-15 20:53:20','2014-01-15 20:53:20','1049609055','YERLY KARINA BOHORQUEZ','3213265935','',40,'','KRA 19B-39A-21 JORDAN'),(393,'2014-01-15 20:54:09','2014-01-15 20:54:09','40185059','MARIBEL GUARIN CHAVEZ','3103353075','',38,'','MZN T CASA 29 B / VILLA DEL CARMEN'),(394,'2014-01-15 20:55:48','2014-01-15 20:55:48','40410189','SANDRA MILENA RIOS','3172992600','',40,'','KRA 19 C - 40 - 31 JORDAN'),(395,'2014-01-15 20:56:03','2014-01-15 20:56:03','1121891908','JINA PAOLA TOVAR AGUILAR','3142732926','',37,'','CLL 72 SUR 41-119'),(396,'2014-01-15 20:57:27','2014-01-15 20:57:27','1121911862','GUIOMAR SOLANYI SERRANO','3143264615','',40,'','KRA 19 C - 40 - 31 JORDAN'),(397,'2014-01-15 20:57:34','2014-01-15 20:57:34','52731578','JAKELIN MORENO LOPEZ','3204309380','',38,'','MZN J CASA 16 B/VILLA DEL CARMEN'),(398,'2014-01-15 20:57:42','2014-01-15 20:57:42','40442873','MARIA EUGENIA BARRERA LOPEZ','3123054920','',37,'','CLL 72 41-106 LAS PALMAS'),(399,'2014-01-15 20:58:36','2014-01-15 20:58:36','40401435','DEYANIRA LEON LOPEZ ','3212412055','',38,'','CALL 63 44-26'),(400,'2014-01-15 20:59:32','2014-01-15 20:59:32','3294763','JORGE ELIECER BERGARA','3142054506','',37,'','CRA 42 70-19'),(401,'2014-01-15 20:59:40','2014-01-15 20:59:40','3274535','FABIO PARRADO','3214635085','',40,'','MZ I CASA 4 PORTALES DEL LLANO'),(402,'2014-01-15 20:59:46','2014-01-15 20:59:46','40443648','MARIELA HURTADA GARZON','3114842872','',38,'','CALL 55 41-63'),(403,'2014-01-15 21:00:32','2014-01-15 21:00:32','40330750','ZAIDA RIVAS','3115244143','',38,'','CRA 43 64-12'),(404,'2014-01-15 21:00:35','2014-01-15 21:00:35','1090463306','JHORMAN DAVID ALFONSO NUÑEZ','3114884496','',40,'','CALLE 17C - 5 - 26 DANUBIO'),(405,'2014-01-15 21:00:54','2014-01-15 21:00:54','21234886','CARMEN BUITRAGO','3203165080','',37,'','CLL 67 44-99'),(406,'2014-01-15 21:01:17','2014-01-15 21:01:17','1121833446','WILLIAM ALEXANDER NIEVES','3158068797','',38,'','CALL 61 45-86'),(407,'2014-01-15 21:01:29','2014-01-15 21:01:29','40333708','CLAUDIA SERRANO','3123676101','',40,'','KRA 19 C - 40 - 31 JORDAN'),(408,'2014-01-15 21:02:14','2014-01-15 21:02:14','20440764','LEONOR BAQUERO GUTIERREZ','3202497187','',37,'','CLL 71 SUR 40-28'),(409,'2014-01-15 21:02:33','2014-01-15 21:02:33','86079015','MIGUEL ANDRES RODRIGUEZ','3143934937','',40,'','CALLE 35A  - 20A - 27 VAINILLA '),(410,'2014-01-15 21:03:03','2014-01-15 21:03:03','1121233629','SANDRA MILENA TAPIAS','3187612876','',38,'','CALL 59 45-15'),(411,'2014-01-15 21:04:05','2014-01-15 21:04:05','1121854819','YAMILE GUTIERREZ','3144136701','',38,'','CRA 41 51-57'),(412,'2014-01-15 21:05:22','2014-01-15 21:05:22','41740021','GLADYS CACERES','3213180725','',37,'','CLL 72 41-94 PORFIA'),(413,'2014-01-15 21:09:06','2014-01-15 21:09:06','86062302','HERNANDO RODRIGUEZ','3213841681','',41,'','CRA 16E 42-26 B/CANAAN'),(414,'2014-01-15 21:09:51','2014-01-15 21:09:51','40439937','LUZ ESTELA VEGA','338939258','',41,'','CRA 29 25-44'),(415,'2014-01-15 21:11:12','2014-01-15 21:11:12','40278392','NUBIA MARTINEZ','3215886612','',41,'','CALL 29 42-43'),(416,'2014-01-15 21:12:12','2014-01-15 21:12:12','40045605','ANA CECILIA REYES','3118061850','',41,'','CALL 43A 15E-74'),(417,'2014-01-15 21:12:50','2014-01-15 21:12:50','21174953','MARIA DE LOS ANGEL LADINO FUENTES','3102913021','',43,'','CL 35B #16A -22 B. ANTONIO VCIO'),(418,'2014-01-15 21:12:57','2014-01-15 21:12:57','1121828616','LESDI ACUÑA ','3114844776','',41,'','CRA 18A 44-21'),(419,'2014-01-15 21:13:26','2014-01-15 21:13:26','21242224','AURORA RAMIREZ ','3134161164','',42,'','MZ 6 CASA 6 '),(420,'2014-01-15 21:13:33','2014-01-15 21:13:33','86056511','ALEXANDER ROJAS','3105751357','',41,'','CALL 22E 11A-30'),(421,'2014-01-15 21:14:36','2014-01-15 21:14:36','1030609377','CAMILO FABIAN MURCIA','3212332272','',42,'','MZ 27 CASA 5'),(422,'2014-01-15 21:14:44','2014-01-15 21:14:44','94478231','WALTER LOPEZ','3204553625','',41,'','MZA J CASA 3 '),(423,'2014-01-15 21:15:25','2014-01-15 21:15:25','40377031','MARIA DUEÑAS','3134487882','',41,'','CRA 18A 44-23'),(424,'2014-01-15 21:15:29','2014-01-15 22:08:11','40395484','ACENED CATAÑO','3124988188','',43,'','CALL36 16 -33'),(425,'2014-01-15 21:17:15','2014-01-15 21:17:15','40186577','NANCY MARTINEZ ','3144057890','',42,'','MZ 6 CASA 7'),(426,'2014-01-15 21:17:55','2014-01-15 22:08:43','39747194','LUZ MERY CAMACHO OROZACO','3137807316','',43,'','CRA 16A 36-14'),(427,'2014-01-15 21:18:35','2014-01-15 21:18:35','1030647466','KATERINE RAMOS','3014856283','',42,'','MZ 16 CASA 8'),(428,'2014-01-15 21:20:00','2014-01-15 21:20:00','20878799','LILIANA GARCIA','3102859909','',42,'','MZ I CASA 3'),(429,'2014-01-15 21:21:16','2014-01-15 21:21:16','40403129','EMILCE RIVERA','3138953411','',42,'','MZ 3 CASA 15'),(430,'2014-01-15 21:22:12','2014-01-15 21:22:12','35261714','MIRIAM BUSTAMENTE','3214229938','',42,'','RIO NEGRITO'),(431,'2014-01-15 21:23:01','2014-01-15 21:23:01','1015412681','NELSON CASTRO','3118663513','',42,'','RIO NEGRITO'),(432,'2014-01-15 21:23:54','2014-01-15 21:23:54','21237762','MIRIAM MORALES SOTO','3105535983','',42,'','PORFIA'),(433,'2014-01-15 21:24:14','2014-01-15 22:10:03','1121874772','ARGENI JOHANA RUBIO','3142426602','',43,'','CALL 35C 18-68s '),(434,'2014-01-15 21:24:47','2014-01-15 21:24:47','1012339402','JULIO CARDENAS ','3134292779','',42,'','MZ 3 CASA 15'),(435,'2014-01-15 21:31:15','2014-01-15 21:31:15','86072948','JHON FREDY HERNANDEZ','3208578577','',44,'','SAN NICOLAS CABUYARO'),(436,'2014-01-15 21:32:18','2014-01-15 21:32:18','31016690','JINETH LUCIA NEIRA ORTIZ','3123463145','',44,'','MZ 70 CS 20 SAN NICOLAS CABUYARO'),(437,'2014-01-15 21:33:38','2014-01-15 21:33:38','1121303879','JEISON ANDRES NEIRA ORTIZ','3132565498','',44,'','MZ J CS 14 VILLA SUIZA PTO LOPEZ'),(438,'2014-01-15 21:34:33','2014-01-15 21:34:33','17318041','FABIO PERDOMO ALMEIDA','3132224325','',44,'','CALLE 77-43-76 PORFIA'),(439,'2014-01-15 21:40:47','2014-01-15 21:40:47','40384371','ANGELA MOSQUERA LUBRIQ','6638441','',45,'','CLL 13 35-23 7MA ESPERANZA'),(440,'2014-01-15 21:42:13','2014-01-15 21:42:13','21239785','MATILDE EMELINA VARGAS','3134131312','',45,'','CRA 36 14-10 7MA ESPERANZA'),(441,'2014-01-15 21:42:59','2014-01-15 21:42:59','51573064','JOSSIANI MARIA FERRER','3138786230','',44,'','CALLE 4A - 20B-04 VIZCAYA 2'),(442,'2014-01-15 21:46:42','2014-01-15 21:46:42','35263273','MARISOL RUBIANO CASAS','3103396647','',20,'','CRA 7A 8-61'),(443,'2014-01-15 21:55:13','2014-01-15 21:55:13','19303992','JUAN DE DIOS TORRES','','',44,'','CALLE 23 20C-02 RETIRO'),(444,'2014-01-15 21:56:14','2014-01-15 21:56:14','3295956','OSCAR CASTRO ROMERO','3122032884','',44,'','KRA 6 - 19 -  MANANTIAL'),(445,'2014-01-15 21:57:47','2014-01-15 21:57:47','33172399','NORMA CECILIA FERNANDEZ ','6823105','',45,'','CLL 7 31A-39 7MA ESPERANZA '),(446,'2014-01-15 21:58:40','2014-01-15 21:58:40','19235485','JORGE E. BOLAÑOS','','',44,'','CALLE 23 - 15 - 28 OLIMPICO'),(447,'2014-01-15 21:59:46','2014-01-15 21:59:46','86044271','ORLANDO SANCHEZ','3138127484','',44,'','CS 40 - 7C - 21 TOPACIO'),(448,'2014-01-15 22:00:09','2014-01-15 22:00:09','39729245','GLADYZ ARDILA GALVIZ','3138230613','',45,'','CLL 14 23-09 B/JARDIN'),(449,'2014-01-15 22:01:14','2014-01-15 22:01:14','17312546','CARLOS NOGUERA MARTINEZ','3134164868','',44,'','CALLE 33A - 14 - 30 LOS ROSALES PTO LOPEZ'),(450,'2014-01-15 22:13:25','2014-01-15 22:13:25','40402849','BLANCA RUIZ','VILLA DEL ','',46,'','VILLA DEL PROGRESO (FINCA)'),(451,'2014-01-15 22:14:11','2014-01-15 22:14:48','86065642','LERRY HOLDIMER','3203777166','',46,'','CALLE 21-40-35 SAN CRISTOBAL'),(452,'2014-01-15 22:15:34','2014-01-15 22:15:34','21238239','LUBER PARRADO','3213709756','',46,'','KRA 23-23-85 RETIRO'),(453,'2014-01-15 22:16:20','2014-01-15 22:16:20','40393564','CRISTINA CALDERON','3203202893','',46,'','KRA 22 - 24 - 86 RETIRO'),(454,'2014-01-15 22:17:18','2014-01-15 22:17:18','17349201','JORGE GONZALEZ','3134771068','',46,'','CALLE 25 - 22 - 03 RETIRO'),(455,'2014-01-15 22:18:27','2014-01-15 22:18:27','17322292','JORGE ORLANDO ORJUELA','3208462825','',46,'','KRA 22 - 24 -03 RETIRO'),(456,'2014-01-15 22:19:08','2014-01-15 22:19:08','40390527','PATRICIA HERRERA FUENTES','3123303130','',46,'','KRA 23 - 21 - 03 RETIRO'),(457,'2014-01-15 22:20:12','2014-01-15 22:20:12','3123303130','DIEGO HERNANDEZ ARDILA','3107989328','',46,'','KRA 24 - 24 -13'),(458,'2014-01-15 22:22:03','2014-01-15 22:22:03','1121862364','ELIANA BELTRAN LAMPREA ','3104850747','',47,'','CALLE 24 N 27 A BIS 39 SAN MARCOS '),(459,'2014-01-15 22:23:00','2014-01-15 22:23:00','86046508','WILSON BARRETO','3138819901','',47,'','CLLE 24 27 A BIS 39 SAN MARCOS'),(460,'2014-01-15 22:24:10','2014-01-15 22:24:10','21788513','LUZ DARY MARIN ','3132109590','',47,'','CLLE 24 27-105 SAN MARCOS'),(461,'2014-01-15 22:25:05','2014-01-15 22:25:05','40401816','FLORENTINA CHAVERRA','3134213724','',46,'','CLLE 24 27 A BIS 39 SAN MARCOS'),(462,'2014-01-15 22:25:55','2014-01-15 22:25:55','86048978','TEOFILO LAMPREA ','3213889599','',47,'','CALLE 24 N 27 A BIS 38 SAN MARCOS '),(463,'2014-01-15 22:28:01','2014-01-15 22:28:01','40341245','YULY ANDREA ARCILA','3103399773','',47,'','CRA 27 A 24-26 SAN MARCOS'),(464,'2014-01-15 22:28:42','2014-01-15 22:28:42','18223275','WILLIAM BARRETO ','3123521177','',47,'','CLLE 24 27-105 SAN MARCOS'),(465,'2014-01-15 22:29:59','2014-01-15 22:29:59','30081200','JULIA BARRETO AYALA','3125973681','',47,'','CLLE 24 A 27 A BIS 59 SAN MARCOS '),(466,'2014-01-15 22:39:12','2014-01-15 22:39:12','40438831','OLGA LUCIA ALVARADO','3146023532','',47,'','CLLE 24 A 27-27 SAN MARCOS'),(467,'2014-01-15 22:57:24','2014-01-15 22:57:24','79911825','ANDRES FELIPE AMAYA','3124306566','',48,'','CALLE 44 - 19A-21 VILLA SUAREZ'),(468,'2014-01-15 22:58:12','2014-01-15 22:58:12','17311413','ORLANDO BARRETO BARRETO','3107651979','',48,'','CALLE 18 B SUR 43 A -51 '),(469,'2014-01-15 23:01:23','2014-01-15 23:01:23','40185295','MARTHA CECILIA MORALES','3214595706','',42,'','MZ 10 CASA 2'),(470,'2014-01-15 23:01:36','2014-01-15 23:01:36','40391203','CLARA ISABEL MARTINEZ','3115886377','',48,'','MZ 19 CASA 16 SAMAN DE LA RIVERA'),(471,'2014-01-15 23:02:31','2014-01-15 23:02:31','11375542','EDGAR BELTRAN','3105028830','',48,'','CALLE 42 A -19 C - 21 VILLA SUAREZ'),(472,'2014-01-15 23:03:11','2014-01-15 23:03:11','1121859931','JOSE ERNESTO BELTRAN','3118994443','',49,'','CALLE 71 CASA 44-82 PORFIA'),(473,'2014-01-15 23:03:29','2014-01-15 23:03:29','35260544','ESPERANZA MORALES','3112629714','',42,'','MZ C CASA 7'),(474,'2014-01-15 23:04:03','2014-01-15 23:04:03','4196889','NORA MARITZA HOLGUIN','(312) 405-','',48,'','CALLE 44 A - 17A-68 PARAISO'),(475,'2014-01-15 23:04:27','2014-01-15 23:04:27','111854944','HILDER FERNANDO','3134429430','',42,'','MZ 27 CASA 27'),(476,'2014-01-15 23:04:34','2014-01-15 23:04:34','24657896','MARIA EUDALIA DUQUE','3107544734','',49,'','CALLE 61  CASA 44 - 52 PORFIA'),(477,'2014-01-15 23:05:19','2014-01-15 23:05:19','1121911813','ANDRES FELIPE CALDERON','3102949128','',48,'','KRA 24 BIS - 22A-23 NOGAL'),(478,'2014-01-15 23:06:18','2014-01-15 23:06:18','35269794','MIRIAM BUSTAMANTE','3214229938','',42,'','RIO NEGRITO'),(479,'2014-01-15 23:07:44','2014-01-15 23:07:44','40185429','MAIDE LADINO','3162366627','',50,'','CALLE 55-40-20 PORFIA'),(480,'2014-01-15 23:08:30','2014-01-15 23:08:30','86054833','JOSE ANGEL MIRO SANCHEZ','3102957110','',49,'','MANZANA G CASA 10  BRASILIA'),(481,'2014-01-15 23:09:25','2014-01-15 23:09:25','1122651645','DANIELA CARDENAS GARZON','3102425903','',49,'','MANZANA 12 CASA 1 VILLA JULIANA'),(482,'2014-01-15 23:09:50','2014-01-15 23:09:50','52076774','EDILMA BUITRAGO','3115093739','',50,'','CALLE 55-45-02 PORFIA'),(483,'2014-01-15 23:10:16','2014-01-15 23:10:16','40440093','BLANCA ESMERALDA DIAZ','3138000749','',49,'','MZ 12 CASA 6 VILLA JULIANA'),(484,'2014-01-15 23:10:38','2014-01-15 23:10:38','1121891126','LUIS ARMANDO PINTO','3112499831','',50,'','CALLE 60-45-82 PORFIA'),(485,'2014-01-15 23:11:09','2014-01-15 23:11:09','30081972','NELFI SANCHEZ DIAZ','3142036857','',49,'','MZ 8 CASA 19 VILLA JULIANA'),(486,'2014-01-15 23:11:59','2014-01-15 23:11:59','1121893678','CLINTON CARRILLO','CALLE 602-','',50,'','3133268354'),(487,'2014-01-15 23:12:32','2014-01-15 23:12:32','52738396','GLORIA SHIRLEY CRUZ','','',49,'','MZ G CASA 21 CAHARRASCAL'),(488,'2014-01-15 23:12:36','2014-01-15 23:12:36','1083864419','MAURICIO GOMEZ','3115363115','',50,'','TORRE 7 APT 204 CIUDAD MILENIO'),(489,'2014-01-15 23:13:22','2014-01-15 23:13:22','1123562851','YEISON GARZON MERCHAN','3044792079','',49,'','LOTE 2 CASA 22 VILLA JULIANA'),(490,'2014-01-15 23:13:33','2014-01-15 23:13:33','1121884545','GUILLERMO MENDOZA','3134148734','',50,'','CALLE 63 46-15 PORFIA'),(491,'2014-01-15 23:13:43','2014-01-15 23:13:43','109541268','NELSON CASTRO','3118663513','',42,'','RIO NEGRITO'),(492,'2014-01-15 23:14:40','2014-01-15 23:14:40','30080823','MIREYA CELIS','321454-253','',49,'','MZ 16 CASA 23 VILLA JULIANA'),(493,'2014-01-15 23:15:43','2014-01-15 23:15:43','1095803135','CRISTIAN BAUTISTA','3143887270','',49,'','MZ 8 CASA 84 - 52 VILLA JULIANA'),(494,'2014-01-15 23:16:36','2014-01-15 23:16:36','40445027','NELCY MENDOZA','3133656091','',49,'','CALLE 67-44-29 PORFIA'),(495,'2014-01-15 23:19:44','2014-01-15 23:19:44','52100886','MARLENY CARDENAS','3124630332','',50,'','CALLE 57-73-106'),(496,'2014-01-15 23:20:00','2014-01-15 23:20:00','1121838957','JAVIER REINEL RINCON BALLESTEROS ','3208508451','',51,'','MZ 25 CASA 27 '),(497,'2014-01-15 23:22:01','2014-01-15 23:22:01','1121905228','JUAN CAMILO ALMANZA','3125357049','',50,'','MZ E CS 14 SAN ANGUSTIN'),(498,'2014-01-15 23:22:19','2014-01-15 23:22:19','1121832817','ROSSY NORELLA GONZALEZ REITA','3118516381','',52,'','CL 6 MZ E LOTE 5 SEMILLAS DE PAZ'),(499,'2014-01-15 23:22:50','2014-01-15 23:22:50','1003481683','EYDA YURLEI PINILLA GOMEZ','3102603346','',50,'','CALLE 54 A SUR - 43 - 88 PORFIA'),(500,'2014-01-15 23:23:16','2014-01-15 23:23:16','40366626','MERY CONSTANZA ROJAS','3133073083','',52,'','CL 61 #46-03 SEMILLAS DE PAZ'),(501,'2014-01-15 23:24:18','2014-01-15 23:24:18','3005219','LUIS ENRIQUE NOGUERA','3118835957','',52,'','CL 59 #46-169 B. PORFIA'),(502,'2014-01-15 23:24:20','2014-01-15 23:24:20','40393678 ','AURORA ARIZA GODOY ','3124542005','',51,'','CALLE 59 -45- 69 '),(503,'2014-01-15 23:24:27','2014-01-15 23:24:27','40379496','ELSA RODRIGUEZ','3132917492','',50,'','CALLE 58 SUR-15-03 PORFIA'),(504,'2014-01-15 23:25:15','2014-01-15 23:25:15','17319577 ','JHON OLAYA ','3112686844','',51,'','CRA 43-54-02 Av principal '),(505,'2014-01-15 23:25:33','2014-01-15 23:25:33','35262354','SORAIDA PARRADO','3214076844','',50,'','SECTOR 1 LOTE 9 LA NORA'),(506,'2014-01-15 23:25:35','2014-01-15 23:25:35','19429146','ELIAS MORENO','','',52,'','CALLE 69 -46A - 165'),(507,'2014-01-15 23:26:03','2014-01-15 23:26:03','40442748','NORBELLY CUBIDES','','',52,'','CALLE 59 - 43 - 26'),(508,'2014-01-15 23:26:16','2014-01-15 23:26:16','65692529 ','MARTHA ORJUELA CAMPOS ','3134945506','',51,'','CALLE 59-44-44 PORFIA '),(509,'2014-01-15 23:27:15','2014-01-15 23:27:15','21189198 ','FLOR RAMOS ','3142245157','',51,'','CALLE 63-46B-35 '),(510,'2014-01-15 23:27:46','2014-01-15 23:27:46','30083667','CARMENZA ROZO','3214510673','',52,'','CALLE 57-45-81'),(511,'2014-01-15 23:28:08','2014-01-15 23:28:08','40371630 ','MARTHA SORAYA VARGAS CASTRILLON ','3153789118','',51,'','CALLE 59-46-29 PORFIA '),(512,'2014-01-15 23:28:52','2014-01-15 23:28:52','40382165','NANCY EDILMA RUEDA','','',52,'','MZ 19 CS 24 VILLA JULIANA'),(513,'2014-01-15 23:29:08','2014-01-15 23:29:08','30081115 ','FLORICEL CHAVEZ MORENO ','3125717040','',51,'','CALLE 59-16-86 PORFIA '),(514,'2014-01-15 23:29:25','2014-01-15 23:29:25','1121898868','YESSIKA ANDREA HERRERA','3208331151','',52,'','CALLE 59-46A-165 PORFIA'),(515,'2014-01-15 23:29:49','2014-01-15 23:29:49','40443381 ','YAKELINE CHAVEZ ','3108844299','',51,'','CALLE 58-86-14 PORFIA '),(516,'2014-01-15 23:30:09','2014-01-15 23:30:09','1121826514','EDISON ALEXANDER CUBIDES','3114491257','',52,'','CALLE 61-45-94'),(517,'2014-01-15 23:30:36','2014-01-15 23:30:36','1121918262','JAIVER ALBERTO RINCON ','3117800434','',51,'','CALLE 29-36-17  '),(518,'2014-01-15 23:30:53','2014-01-15 23:30:53','35264209','KATERINE GUASCO','3114990920','',52,'','CALLE 62 46 45'),(519,'2014-01-15 23:31:20','2014-01-15 23:31:20','39714652 ','MARIA ISABEL PARRADO MOLANO ','3105350404','',51,'','CALLE 59 LOTE 9 PORFIA '),(520,'2014-01-15 23:32:10','2014-01-15 23:32:10','21244456 ','HERMENCIA ORDUZ BERNAL ','','',51,'','CALLE 62 - 42 -09 PORFIA '),(521,'2014-01-15 23:32:19','2014-01-15 23:32:19','20618359','AMANDA JIMENEZ TORRES','3124271317','',53,'','SUPER MZ 3 MZ D CS 2. SEMILLAS DE PAZ'),(522,'2014-01-15 23:32:58','2014-01-15 23:32:58','40388557','YANETH PRIETO','3153537386','',52,'','CALLE 57-43-58 PORFIA'),(523,'2014-01-15 23:34:34','2014-01-15 23:34:34','86070764','JORGE PARRADO','3107601654','',53,'','MZ B CS 6 SEMILLAS DE PAZ'),(524,'2014-01-15 23:35:22','2014-01-15 23:35:22','52536478','MAIDER GUIZA','3142157907','',53,'','MZ C CASA 14 SEMILLAS DE PAZ'),(525,'2014-01-15 23:36:11','2014-01-15 23:36:11','30002237','MARIA HELENA TORO','3122750653','',53,'','MZ D CASA 23 SEMILLAS DE PAZ'),(526,'2014-01-15 23:40:36','2014-01-15 23:40:36','40361320','TATIANA MARYURI VALLEJO','3123959396','',56,'','MZ 17 CASA 4 VILLA JULIANA'),(527,'2014-01-15 23:41:01','2014-01-15 23:41:01','52100963','MARTHA PATRICIA CUBILLOS','3114474746','',54,'','MZ 44 CS 31 LA MADRID'),(528,'2014-01-15 23:41:52','2014-01-15 23:41:52','40185835','ANGELICA PATRICIA GARCIA','3144576803','',54,'','MZ 48 CS 31 LA MSDRID'),(529,'2014-01-15 23:44:28','2014-01-15 23:44:28','40265890','OLINDE NARANJO','3132685731','',56,'','MZ J CASA 9 CAMBULOS'),(530,'2014-01-15 23:45:04','2014-01-15 23:45:04','40334515','FLORALBA CASTAÑEDA RODRIGUEZ','3143254234','',56,'','MZ 28 CASA 2 VILLA JULIANA'),(531,'2014-01-15 23:46:46','2014-01-15 23:46:46','40400549','ZULMA GOMEZ MEZA','(320) 269-','',56,'','3202692703'),(532,'2014-01-15 23:47:34','2014-01-15 23:47:34','1121914965','BRAYAN ALEXANDER MARULANDA','3144104528','',56,'','MZ 8 CASA 12 VILLA JULIANA'),(533,'2014-01-16 01:46:58','2014-01-16 01:46:58','40403835','BLANCA NIDIA MOSQUERA','','',2,'','CLLE 67 43-94'),(534,'2014-01-16 01:49:11','2014-01-16 01:49:11','55143523','ELSY JIMENEZ','3132529600','',2,'','MZ 25 CASA 8 VILLA JULIANA'),(535,'2014-01-16 01:50:31','2014-01-16 01:50:31','1121901622','WILLIAM GONZALEZ POVEA','3111847644','',2,'','VISTA HERMOSA META'),(536,'2014-01-16 13:45:34','2014-01-16 13:45:34','1121816941','LUCERO GARCIA NIEVA','3142968956','',59,'','MZN C CASA 1 CUMUNEROS'),(537,'2014-01-16 13:47:36','2014-01-16 13:47:36','1121836880','MARIA LEONOR LEON','','',59,'','JARDIN 24A 13A-03'),(538,'2014-01-16 13:48:19','2014-01-16 13:48:19','35264669','SANDRA MILENA RUIZ','3123754045','',59,'','CALL 9 SUR B/ LA ROSITA'),(539,'2014-01-16 13:49:04','2014-01-16 13:49:04','1122826707','KEIDY PEREA','3208098056','',59,'','MZN 2 CASA 6 B/LA ROSITA'),(540,'2014-01-16 13:50:03','2014-01-16 13:50:45','1121819075','JONATHAN MARTIN SALAZAR','3142186588','',59,'','CALL 5C 04 B/ VILLA BOLIVAR'),(541,'2014-01-16 13:52:02','2014-01-16 13:52:02','40326893','MAGDA KATHERINE CASTILLO GAITAN','3208366334','',59,'','CRA 39 5C-10 B/ VILLABOLIVAR'),(542,'2014-01-16 13:54:41','2014-01-16 13:54:41','71988759','CRISTIAN MARIO LADINEZ','3217178286','',60,'','MZN 17 CASA 22'),(543,'2014-01-16 13:55:29','2014-01-16 13:55:29','40377325','LUZ FANCEDY BENITEZ','3114331129','',60,'','CALL 42 14-102'),(544,'2014-01-16 13:56:24','2014-01-16 13:56:24','16718240','ARCESIO BARREIRO TRUJILLO','3184974289','',60,'','CRA 9B 31-26 B/RECREO'),(545,'2014-01-16 14:00:43','2014-01-16 14:00:43','13846447','FELIX JOAQUIN RUEDA','3115421750','',60,'','CALL 42A 16-18 B/ VILLA SUAREZ'),(546,'2014-01-16 14:02:14','2014-01-16 14:02:14','40411475','NORMA COSTANZA ALVAREZ','3202028456','',60,'','MNZAA CASA 1 B/DOS MIL'),(547,'2014-01-16 14:03:07','2014-01-16 14:03:07','40372881','YANETH GONZALEZ GUZMAN','3214763192','',60,'','CRA 14 44-10 B/ CALAMAR'),(548,'2014-01-16 14:03:53','2014-01-16 14:03:53','35260513','MARTHA ISABEL TORRES','3112788328','',60,'','CALL 42 15-44B/MADRIGAL'),(549,'2014-01-16 14:04:35','2014-01-16 14:04:35','1121838156','GEIDY LUCIA CAMELO','3213300873','',60,'','B/ SAMAN DE LA RIVERA'),(550,'2014-01-16 14:07:16','2014-01-16 14:07:16','40441574','LILIANA JARAMILLO','3204513786','',61,'','CRA 29A 23-21 MNZ 2 '),(551,'2014-01-16 14:08:14','2014-01-16 14:08:14','40329997','DORA LILIA BALANTA COLLAZOS','3204617543','',61,'','CRA28 7-16 B/ SERRANIA '),(552,'2014-01-16 14:09:17','2014-01-16 14:09:17','35260685','AURORA YANETH CORREALES','3153532574','',61,'','CALL 6B 29-35 B/ COMUNEROS'),(553,'2014-01-16 14:10:27','2014-01-16 14:10:27','1121917554','DEISY YANETH AHUMADA','3138917880','',61,'','CALL 6A 29C-02 B/ COMUNEROS'),(554,'2014-01-16 14:11:29','2014-01-16 14:11:29','86044168','JUAN CARLOS CORREALES','3143287282','',61,'','CALL 6B 29C -02 B/ COMUNEROS'),(555,'2014-01-16 14:12:18','2014-01-16 14:12:18','52060544','CARMEN DELIA RINCON','3132371635','',61,'','CRA 28 7-16B/ SERRANIA'),(556,'2014-01-16 14:13:04','2014-01-16 14:13:04','21175801','MARIA JOSEFINA ROSO','3142193543','',61,'','CRA 29 4-67'),(557,'2014-01-16 14:13:51','2014-01-16 14:13:51','40403346','BLANCA GONZALEZ HERRERA','3213233995','',61,'','MZN 13 CASA 17 B/ REMANZOS ROSA BLANCA'),(558,'2014-01-16 14:20:11','2014-01-16 14:20:11','1121893035','LUDY TATIANA RUIZ SANCHEZ','3134551186','',63,'','DIAG 5-28A-36 B/VILLA HUMBERTO'),(559,'2014-01-16 14:20:46','2014-01-16 14:20:46','40404920','MARTHA LUCIA RUIZ','311285252','',63,'','CRA 26 10B-53B/CENTAUROS'),(560,'2014-01-16 14:23:53','2014-01-16 14:23:53','40368795','MARIA MAGNOLIA GONZALES','3123688522','',63,'','DIAG MZN2 CASA 16 B/ PORTALES'),(561,'2014-01-16 14:25:22','2014-01-16 14:25:22','24717053','JASMIN TERESA MOSQUERA','3204489698','',63,'','CALL 15A 29-30S '),(562,'2014-01-16 14:26:15','2014-01-16 14:26:15','40219023','MARIA ISABEL LOPEZ','3213635922','',63,'','MZN CASA 4 B/SERRANIA'),(563,'2014-01-16 14:28:42','2014-01-16 14:28:42','40443709','ANDREA LOPEZ GONZALES','3115043482','',65,'','MZN N CASA15'),(564,'2014-01-16 14:29:30','2014-01-16 14:29:30','1121899305','DIEGO ALEJANDRO MACHADOR','3142674532','',65,'','CALL 5 18-29 B/ SAN CARLOS'),(565,'2014-01-16 14:32:32','2014-01-16 14:32:32','1121852397','CAROLINA RODRIGUEZ','3128555165','',65,'','CONJUNTO SUNDAMONOY -74'),(566,'2014-01-16 14:33:12','2014-01-16 14:33:12','86058397','JAVIER RUIZ ALARCON','3202808353','',65,'','MZN 5C -19B/ PORTALES'),(567,'2014-01-16 14:42:01','2014-01-16 14:42:01','403266881','STELLA DIAZ','3123960802','',66,'','CRA 29 AF 23-21 MZN 2 C5B/ COMUNEROS'),(568,'2014-01-16 14:47:35','2014-01-16 14:47:35','26620622','GLORIA CARVAJAL VALENCIA','3104229370','',62,'','CRA 20A No 4-10'),(569,'2014-01-16 14:48:13','2014-01-16 14:48:13','1121875992','AMELIA MONTENEGRO','3102924234','',66,'','DIAG 5A 25B -28 B/ VILLA HUMBERTO'),(570,'2014-01-16 14:48:23','2014-01-16 14:48:23','1121837199','KELLY JOHANNA DIAZ','3103358820','',62,'','CLL 4A No 19-70'),(571,'2014-01-16 14:49:12','2014-01-16 14:49:12','40219198','CATALINA CASTILLO OLAYA','3213843373','',62,'','CLL 18 No 13-11 VILLA ORTIZ'),(572,'2014-01-16 14:50:08','2014-01-16 14:50:08','1121826356','CLAUDIA VIRGUEZ NAVARRO','3102924234','',62,'','CLL 28 B No 5A-09'),(573,'2014-01-16 14:51:25','2014-01-16 14:51:25','86067495','DARIO GIBERTO CARRILLO','3143988368','',66,'','MZN B CS 1'),(574,'2014-01-16 14:52:10','2014-01-16 14:52:10','1077431513','YURLEIDY PALACIOS CUESTA','3118424058','',62,'','MZ C3 CASA No 12'),(575,'2014-01-16 14:52:22','2014-01-16 14:52:22','51607005','ESPERANZA  VARGAS','3102373141','',66,'','CALL 2A 28-44B'),(576,'2014-01-16 14:53:37','2014-01-16 14:53:37','40403946','LUZ DARY ESPINOSA','3107593651','',62,'','CLL 6 No 28-07'),(577,'2014-01-16 14:53:41','2014-01-16 14:53:41','39521946','UVALDINA MORENO VERA','3103167574','',66,'','CRA 40 10C 15B B/ ESPERANZA'),(578,'2014-01-16 14:54:48','2014-01-16 14:54:48','40404419','SANDRA YOLIMA BARBOSA','3143968683','',66,'','MZN 6 CS 14 B/REMANSOS DE ROSA BLANCA'),(579,'2014-01-16 14:55:19','2014-01-16 14:55:19','34371089','BIVIER ZAPATA','3112468565','',62,'','CLL 4E No 5-06 COMUNEROS'),(580,'2014-01-16 14:55:44','2014-01-16 14:55:44','1121875755','KAREN LORENA ESCOBAR PARRADO ','3144322341','',66,'','CALL 2A 28-44B B/CAROLINA'),(581,'2014-01-16 14:56:46','2014-01-16 14:56:46','35262224','DIANA MILENA VARGAS','3118204079','',62,'','CRA 18D No 11-04'),(582,'2014-01-16 14:56:47','2014-01-16 14:57:44','1121832409','DIEGO JULIAN LEON ACEVEDO ','3124311636','',66,'','CALL 5 18-29B/ SAN CARLOS'),(583,'2014-01-16 15:00:36','2014-01-16 15:00:36','1121906538','ERIKA ROCIO BOLAÑOS','3127242696','',66,'','CALL 6A B/ COMUNEROS'),(584,'2014-01-16 15:02:37','2014-01-16 15:02:37','40369559','MARIA IRENE BUSTOS VELASQUEZ','3203385017','',62,'','CRA 18D No 11-04'),(585,'2014-01-16 15:04:18','2014-01-16 15:04:18','40403633','ANGELA ADRIANA GONZALEZ','3204636197','',62,'','CLL 5A No 12A-16'),(586,'2014-01-16 15:05:44','2014-01-16 15:05:44','40218175','ROSMIRA DAZA','3132543044','',62,'','CLL 37 No 22BIS -62 SANTA FE'),(587,'2014-01-16 15:40:23','2014-01-16 15:40:23','1121920266','JAVIER ALEJANDRO BERMUDEZ','3125863586','',69,'','CASA No 13 MALVINAS'),(588,'2014-01-16 15:41:35','2014-01-16 15:41:35','40215304','NINI JOHANNA RODRIGUEZ','3138837504','',69,'','CASA No 28MALVINAS'),(589,'2014-01-16 15:42:27','2014-01-16 15:42:27','40368345','NANCY RUIZ CARDENAS','3104768219','',69,'','CASA No 26 MALVINAS'),(590,'2014-01-16 15:43:45','2014-01-16 15:43:45','1121852322','ANGELLY GALEANO','3104768219','',69,'','CASA No 16  MALVINAS'),(591,'2014-01-16 15:46:33','2014-01-16 15:46:33','40439321','JOHANNA MOSQUERA','3202403525','',69,'','CASA No 132 MALVINAS'),(592,'2014-01-16 15:46:43','2014-01-16 15:46:43','1124','LIDERES SOLOS 2','5858228','',2,'','CLL 0000'),(593,'2014-01-16 15:50:52','2014-01-16 15:50:52','1121841883','JHON GARCIA ROJAS','3214034184','',70,'LIDER SOLO DE LA COMUNA 2','CLL 39 44-16'),(594,'2014-01-16 15:51:21','2014-01-16 15:51:21','41551521','CECILIA AGUDELO','3143299821','',61,'','CALL 5 5B -08 B/ COMUNEROS'),(595,'2014-01-16 15:52:05','2014-01-16 15:52:05','860668216','WILLIAM ALEXANDER HERRERA','','',61,'','CRA 40 37A-80'),(596,'2014-01-16 15:52:57','2014-01-16 15:52:57','1121847060','SANDRA MIREY RAMIREZ GARZON','3124443045','',61,'','CLL 5 5B-08 B/ COMUNEROS'),(597,'2014-01-16 15:53:56','2014-01-16 15:53:56','1121855805','BREIDY GUTIERREZ','3124540274','',61,'','CRA 26 40-13 B/ ALBORADA'),(598,'2014-01-16 15:56:46','2014-01-16 15:56:46','3142382','JESUS QUEVEDO','3143226320','',61,'','DIAG  5B 40-13 B/ VILLA HUMBERTO '),(599,'2014-01-16 15:58:10','2014-01-16 15:58:10','1121891839','JUAN CAMILO HORTUA','3142103160','',61,'',''),(600,'2014-01-16 15:59:18','2014-01-16 15:59:18','1010001053','JHONY GOMEZ','3125419689','',61,'','CALL 5 5B-21 B/ COMUNEROS'),(601,'2014-01-16 16:00:07','2014-01-16 16:00:07','86048583','ELISEO ARENAS','3207931381','',61,'','CALL 5 5B-45 B/ COMUNEROS'),(602,'2014-01-16 16:01:03','2014-01-16 16:01:03','1121891907','FABIAN DELGADO','3145261727','',61,'','CRA 26 4A-12 B/ALBORADA'),(604,'2014-01-16 16:04:13','2014-01-16 16:04:13','70113959','SILVIO GOMEZ','3208867080','',61,'','CALL 5 5B 29-39 B/ COMUNEROS'),(605,'2014-01-16 16:06:10','2014-01-16 16:06:10','40443635','ASTRID ELENA OCHOA','3143357217','',61,'','CALL 5  5B-08 2º PISO B/ COMUNEROS'),(607,'2014-01-16 16:07:39','2014-01-16 16:07:39','21231766','BLANCA GLADYS PEREA','3125594307','',61,'','CALL 5 5B-33 B/ COMUNEROS'),(609,'2014-01-16 16:08:33','2014-01-16 16:08:33','1121867798','DAVID CALENTURA','3123094929','',61,'','CALL 6 29-121 B/ COMUNEROS'),(610,'2014-01-16 16:09:36','2014-01-16 16:09:36','40401709','JANETH OCHOA','3118317547','',61,'','CRA 28 4D-105 B/ ALBORADA'),(611,'2014-01-16 16:10:10','2014-01-16 16:10:10','40445332','MAARISOL QUINTERO SALAZAR','3202707713','',71,'','VILLAS DEL BUQUE'),(612,'2014-01-16 16:10:28','2014-01-16 16:10:28','1121881330','KILLIAM GUTIERREZ','3202662113','',61,'','CRA 26 40-13 B/ ALBORADA'),(613,'2014-01-16 16:11:04','2014-01-16 16:11:04','1121866714','DIEGO ANTONIO CRUZ','3214739887','',61,'',''),(614,'2014-01-16 16:11:14','2014-01-16 16:11:14','40438672','RUBI HELENA QUEVEDO','3125616384','',71,'','CLL 29 No 43 CASA No 32'),(615,'2014-01-16 16:11:52','2014-01-16 16:11:52','1121907550','LUIS HELMAN QUINTERO','3102944744','',61,'','CLL 15A 15A-42 B/ EL REMANSO'),(616,'2014-01-16 16:12:36','2014-01-16 16:12:36','65787664','EULINA CRUZ GIL','3217438987','',61,'',''),(617,'2014-01-16 16:12:51','2014-01-16 16:28:36','1121926274','GABRIELA ANDREA SUAREZ','3133016739','',71,'','CLL 29 No 43 CASA No 32'),(618,'2014-01-16 16:13:17','2014-01-16 16:13:17','17329326','MIGUEL MATIZ BOSA','3102700325','',61,'','CRA 28 4D -105 B/ ALBORADA'),(619,'2014-01-16 16:13:55','2014-01-16 16:13:55','28853045','LUZ MARINA GIL','3115406139','',61,'',''),(620,'2014-01-16 16:14:04','2014-01-16 16:14:04','40220010','LUZ MARINA LOPEZ','3132273740','',71,'','CLL 29 No 43-38'),(621,'2014-01-16 16:14:57','2014-01-16 16:14:57','17446968','OLIVERIO AGUDELO','3123564992','',61,'','CALL 5 5B-26 B/COMUNEROS'),(622,'2014-01-16 16:15:31','2014-01-16 16:15:31','1121890651','ANGIE PERDOMO','3112013601','',61,'',''),(623,'2014-01-16 16:16:43','2014-01-16 16:16:43','35264765','LILIANA OCHOA AGUDELO','3115261468','',61,'','CALL 5 5B-08 B/COMUNEROS'),(624,'2014-01-16 16:17:19','2014-01-16 16:17:19','1121898236','INGRID SORLEY SANCHEZ ','3115349407','',71,'','CLL 29 No 43-55'),(625,'2014-01-16 16:17:22','2014-01-16 16:17:22','40399819','OLGA BERNAL','3213322134','',61,'','B/ SERRAMONTE'),(626,'2014-01-16 16:17:55','2014-01-16 16:17:55','1121834020','JHONY SMITH GARNICA','3143703231','',61,'',''),(627,'2014-01-16 16:18:46','2014-01-16 16:18:46','1121822357','FANY QUEVEDO ','3132072482','',61,'','CALL 5 5B-26 B/COMUNEROS'),(628,'2014-01-16 16:19:57','2014-01-16 16:19:57','1121875850','MARYBEL MATIZ','3135261483','',61,'','CRA 28 4D-105 B/ ALBORADA'),(629,'2014-01-16 16:20:57','2014-01-16 16:20:57','17305712','LUZ HELENA RIVERA ','3125464781','',61,'','B/COMUNEROS'),(630,'2014-01-16 16:22:24','2014-01-16 16:22:24','40189626','GRACIELA GALLO ARIAS','3208067592','',71,'','CLL 29  CASA No 27'),(632,'2014-01-16 16:39:50','2014-01-16 16:39:50','40372923','MARIA RUTH CESPEDES','3124836669','',73,'','CRA 19C 23-23'),(633,'2014-01-16 16:41:03','2014-01-16 16:41:03','40777325','TERESA MARIN','3138293127','',73,'','20-01 CS 78 B/ ESPERANZA'),(634,'2014-01-16 16:41:59','2014-01-16 16:44:03','65660011','ROSALBA LOZANO ACOSTA','3118016495','',73,'','CALL 39 VUS 24A-63'),(635,'2014-01-16 16:43:13','2014-01-16 16:43:13','86060157','NORBERTO SALDAÑA LOZANO','3143835602','',73,'','CALL 39 24-03'),(636,'2014-01-16 16:45:12','2014-01-16 16:45:12','21229776','ANA JUAQUIN ROCILLO PARRA','3107924292','',73,'','CALL 13 37-38'),(637,'2014-01-16 16:50:39','2014-01-16 16:50:39','17321909','EDILBERTO GONZALES HERRERA','3202514549','',70,'TRABAJA CON DORA LOPEZ COORDINADORA DE LA COMUNA 2','CLL 37 37-77 CAMILO TORRES'),(638,'2014-01-16 16:51:08','2014-01-16 16:51:08','40368374','MIREYA ROCIO PATIÑO','3214147592','',73,'','CRA 42A 11-77'),(639,'2014-01-16 16:59:04','2014-01-16 16:59:04','86087462','CAMILO ANDRES BIJUAVITA','3152347706','',73,'','CALL 25 7A-37'),(640,'2014-01-16 16:59:17','2014-01-16 21:39:39','39728169','ISABEL ROJAS ','3142877882','',74,'','CLLE 46 52-05 CHAPINERITO ALTO'),(641,'2014-01-16 16:59:58','2014-01-16 16:59:58','40396903','ALIZ FUENTES VELAZQUES','3124534192','',73,'','CRA 19 5-68'),(642,'2014-01-16 17:00:46','2014-01-16 17:00:46','68301348','LUZ ESTELA VASQUEZ','3142624416','',73,'','MZN 4  CASA -9'),(643,'2014-01-16 17:01:34','2014-01-16 17:01:34','40384969','YOLIMA PATIÑO','3102350369','',73,'','CALL B 41-101'),(644,'2014-01-16 17:01:53','2014-01-16 17:01:53','40384845','BEANY EDNIS SUAREZ','','',31,'','CLL 13 No 44-09 8 LA ESPERANZA'),(645,'2014-01-16 17:02:19','2014-01-16 17:02:19','40384541','SONIA MORALES','3134690183','',73,'','CRA 38 DIAG 24A0-129 SUR'),(646,'2014-01-16 17:03:18','2014-01-16 17:03:18','1121879178','WILFER ALEXANDER HERNANDEZ','3133506696','',73,'','CALL 5 SUR B/ LLANO LINDO '),(647,'2014-01-16 17:06:32','2014-01-16 17:06:32','17336529','ALVARO BAQUERO ','3112731127','',45,'','CRA 32 14-51'),(648,'2014-01-16 17:07:22','2014-01-16 17:07:22','17303840','EDUARDO ROJAS','3134796457','',45,'','CALL 14 25-59 B/ NUEVO RICAUTE'),(649,'2014-01-16 17:08:31','2014-01-16 17:08:31','2235785','MATILDE VARGAS','3134131312','',45,'','CRA 36 14-10 7ªESPERANZA'),(651,'2014-01-16 17:12:54','2014-01-16 17:12:54','31046054','FABIOLA VALENCIA ','3124009237','',31,'LIDER DE MAIRA PERDOMO','CRA 21D 26-37'),(652,'2014-01-16 17:13:59','2014-01-16 17:13:59','1121832263','PAOLA MONTERO','3202362319','',31,'LIDER DE MAIRA PERDOMO ','CLL 21 10A-14 OLIMPICO'),(653,'2014-01-16 17:15:05','2014-01-16 17:15:05','494921','FIDEL MANRIQUE','3148462675','',31,'LIDER DE MAIRA PERDOMO','CRA 21 27-36'),(654,'2014-01-16 17:15:23','2014-01-16 17:15:23','30082561','ANDREA CRUZ ALVIS','3179531317','',45,'','CRA 34 11B-15'),(655,'2014-01-16 17:16:06','2014-01-16 17:16:06','1121816125','BLANCA PAOLA HERNANDEZ','3123536006','',31,'LIDER DE MAIRA PERDOMO','CRA 21 27-46'),(656,'2014-01-16 17:17:34','2014-01-16 17:17:34','86087127','FABER BONILLA','3112669065','',31,'LIDER DE MAIRA PERDOMO','CLL 42B 19-63 VILLA SUAREZ'),(657,'2014-01-16 17:17:55','2014-01-16 17:17:55','21179904','LUZ MARINA ALEJO','3118517283','',45,'','CALL 12 32B-47 7ª ESPERANZA'),(658,'2014-01-16 17:18:26','2014-01-16 17:18:26','1121842448','PAOLA SUAREZ','3104580070','',31,'LIDER DE MAIRA PERDOMO','CRA 21 30-42'),(659,'2014-01-16 17:19:01','2014-01-16 17:19:01','40331556','ALEJANDRA ZULETA','311595797','',45,'','CALL 12 32B-04 7ª ESPERANZA'),(660,'2014-01-16 17:19:47','2014-01-16 17:19:47','1121842680','ALEXANDER RODRIGUEZ','3213053872','',31,'LIDER DE MAIRA PERDOMO','CRA 20 25-37 VAINILLA'),(661,'2014-01-16 17:20:43','2014-01-16 17:20:43','3940361','LUZ HELENA LONDOÑO','3138997239','',31,'LIDER DE MAIRA PERDOMO','CLL 26C 22-10'),(662,'2014-01-16 17:20:45','2014-01-16 17:20:45','17324951','ARMANDO GUAVITA','3118302299','',45,'','CALL 12 32B -04 7ª ESPERANZA'),(663,'2014-01-16 17:21:37','2014-01-16 17:21:37','21236932','BERTA REYES','3104636591','',45,'','CALL 13 35-29 7ªESPERANZA'),(664,'2014-01-16 17:21:44','2014-01-16 17:21:44','40412286','CAROL GUERRERO','3134697858','',31,'LIDER DE MAIRA PERDOMO','CLL 26C 22-10'),(665,'2014-01-16 17:22:49','2014-01-16 17:22:49','52516734','LUZ EMILCE CARRILLO','6384117','',31,'LIDER DE MAIRA PERDOMO','CRA 21D 27-28'),(666,'2014-01-16 17:23:25','2014-01-16 17:23:25','40370646','NOHORA BELTRAN ','3132424945','',45,'','CRA 32B 12-04'),(667,'2014-01-16 17:24:51','2014-01-16 17:24:51','1121859164','LIZETH VILLAREAL MURCIA','3115190610','',31,'','CLL 37 ESTE No 21-28 MORICHAL'),(668,'2014-01-16 17:25:29','2014-01-18 00:06:09','21228460','ANITA RODRIGUEZ','3102741744','',27,'','CALL 12 33-09'),(669,'2014-01-16 17:27:33','2014-01-16 17:27:33','40186792','MARIA ANGELA MIRANDA','3135511680','',45,'','CALL 12 35-09 '),(670,'2014-01-16 17:27:35','2014-01-16 17:27:35','40342376','ORIANA MARCELA VANEGAS','3142649438','',31,'','CRA 21 No 45-26'),(671,'2014-01-16 17:28:28','2014-01-16 17:28:28','40327756','SONIA MONROY','3214282497','',45,'','CALL 12 33-09'),(672,'2014-01-16 19:14:56','2014-01-16 19:14:56','21227953','BLANCA LILIA CASTAÑEDA','3118847079','',75,'','CLL 63 37-94 B/ VILLA BOLIVAR'),(673,'2014-01-16 19:19:06','2014-01-16 19:19:06','40368553','ROSALBA CHIPATECUA','3118288158','',75,'','CRA 39 6B -04 B/ VILLA BOLIVAR'),(674,'2014-01-16 19:19:51','2014-01-16 19:19:51','20441278','HILDA HERNANDEZ ZARATE','3202928619','',75,'','CALL 6B 33B-52 B/ ROSABLANCA'),(675,'2014-01-16 19:20:56','2014-01-16 19:20:56','40219274','MARTHA GUTIERREZ','3134590636','',75,'','CALL 22A BIS 35-34 B/MARGARITAS'),(676,'2014-01-16 19:22:11','2014-01-16 19:22:11','21240565','DURLEY DIAZ','313274332','',75,'','CALL 6B 37-64 B/ VILLA BOLIVAR'),(677,'2014-01-16 19:22:38','2014-01-16 19:22:38','86075030','ANDRES SUÑIGA','3125033179','',31,'','MZ D CASA No 40 LOS GIRASOLES'),(678,'2014-01-16 19:23:47','2014-01-16 19:23:47','23774433','ANA SISTA GUERRERO','3203307238','',75,'','CALL 5D 37 -87 B/ VILLA BOLIVAR'),(679,'2014-01-16 19:24:25','2014-01-16 19:24:25','1121875904','LALY MARCELA BASTO','3135437023','',31,'','MZ D CASA No 13 LOS GIRASOLES'),(680,'2014-01-16 19:24:59','2014-01-16 19:24:59','20343283','RUBY GARCIA ','3186940094','',75,'','CALL 7 31B CS 12 B/ PORTAL DE ROSA BLANCA'),(681,'2014-01-16 19:25:56','2014-01-16 19:25:56','1022092125','DUBAN ANCIZAR URREGO ','3208138151','',31,'','MORICHAL'),(682,'2014-01-16 19:26:03','2014-01-16 19:26:03','21236790','CARMENELISA JARA','3144357447','',75,'','CALL 6A 37 94 B/ VILLA BOLIVAR'),(683,'2014-01-16 19:27:46','2014-01-16 19:27:46','17314879','OLIVER CATAÑO','3123212202','',75,'','CALL 5D 37-82 B/ VILLA BOLIVAR'),(684,'2014-01-16 19:28:44','2014-01-16 19:28:44','40442581','JOHANA ROJAS','3137194197','',75,'','CALL 9 26A-52 B/ COMUNEROS'),(685,'2014-01-16 19:29:24','2014-01-16 19:29:24','21236084','LAURA ROSA TORRES','3103012211','',75,'','CALL 6B 39-20 B/ VILLA BOLIVAR'),(686,'2014-01-16 19:31:10','2014-01-16 19:31:10','42009726','LILIANA CAROLONA','3107643082','',75,'','CALL 6 B 37-34 B/ VILLA BOLIVAR'),(687,'2014-01-16 19:32:27','2014-01-16 19:32:27','40377755','JULY GUTIERREZ','3107643082','',75,'','CALL 31 15-92 B/ LA CEIBA'),(688,'2014-01-16 19:33:05','2014-01-16 19:33:05','40340575','SANDY PARDO','3103362127','',31,'','CLL 26 No 20A-16'),(689,'2014-01-16 19:33:47','2014-01-16 19:33:47','41480731','CECILIA HERNANDEZ','3103448159','',75,'','CALL 6B 37-11 B/ VILLA BOLIVAR'),(690,'2014-01-16 19:34:51','2014-01-16 19:34:51','17302233','OMAR DIAZ PEREZ','3133127105','',76,'','CLL 40A 24-13'),(691,'2014-01-16 19:35:35','2014-01-16 19:35:35','40398905','NUBIA SANCHEZ','3105776430','',75,'','CALL 10A 31-27 B/ VILLA BOLIVAR'),(692,'2014-01-16 19:35:49','2014-01-16 19:35:49','121842235','MILLER ALEXANDER ','3102804714','',31,'','CLL 26 No 20D-36'),(693,'2014-01-16 19:36:10','2014-01-16 19:36:10','1121817500','JORGE ARMANDO QUINTERO','3112543533','',76,'','CLL 12 SUR 9-15 VILLAMELIA'),(694,'2014-01-16 19:36:13','2014-01-16 19:36:13','86083330','ALBERTO GUTIERREZ','3115705215','',75,'','CALL 21N 45-47 B/ CATUMARE'),(695,'2014-01-16 19:37:02','2014-01-16 19:37:02','40372481','PATRICIA ESPITIA','3203198785','',75,'','CALL 6B 37-22'),(696,'2014-01-16 19:37:52','2014-01-16 19:37:52','26419301','ROSA DELIA BRIÑEZ','3127462485','',75,'','CALL 6B 37-02 B/ VILLA  BOLIVAR'),(697,'2014-01-16 19:37:57','2014-01-16 19:37:57','40389611','BLANCA CECILIA BOBADILLA','3106787852','',76,'','CLL 41 24-40 EMPORIO'),(698,'2014-01-16 19:38:13','2014-01-16 19:38:13','21180200','ADELINA MURCIA','3115920191','',31,'','CLL 37E No 21-10'),(699,'2014-01-16 19:39:20','2014-01-16 19:39:20','40187665','MAIVELLINE GAMBOA','3004744004','',76,'','CLL 28 22 C33 20DEJULIO'),(700,'2014-01-16 19:39:39','2014-01-16 19:39:39','1010205836','MAIRA ALEXANDRA LOPEZ','3103549917','',31,'','MZ 26 No 18 MORICHAL'),(701,'2014-01-16 19:40:36','2014-01-16 19:40:36','21239262','BLANCA LILIA FUENTES RINCON','3205008617','',76,'','CRA 24 40-15 EMPORIO'),(702,'2014-01-16 19:40:42','2014-01-16 19:40:42','86071329','PEDRO ANDREY TARAZONA','3102021292','',75,'','CRA 39 6A-16 B/ VILLA BOLIVAR'),(703,'2014-01-16 19:42:11','2014-01-16 19:42:11','1121882671','MAIRA ALEJANDRA VARGAS LARA','3102051478','',76,'','CLL 39D 24-21'),(704,'2014-01-16 19:42:14','2014-01-16 19:42:14','86079723','FABIAN DASSIRE','3123610268','',75,'','CRA 39 6C -10 B/ VILLA BOLIVAR'),(705,'2014-01-16 19:43:30','2014-01-16 19:43:30','21238866','AMALIA ABELLA','3142559879','',76,'','TRNS 24A 40-29 EMPORIO'),(706,'2014-01-16 19:44:47','2014-01-16 19:44:47','21174393','FLOR LARA DE VARGAS','3118148668','',76,'','CRA 24A 40-30 EMPORIO'),(707,'2014-01-16 19:51:36','2014-01-16 19:51:36','40343174','NUBIA ASTRID RIVERA','3108627262','',77,'','CLL 42 35C-20 TRUINFO'),(708,'2014-01-16 19:54:14','2014-01-16 19:54:14','40217153','ANA SHIRLEY TORRES','3158110445','',77,'','CLL 42 35B-75 TRUINFO'),(709,'2014-01-16 19:55:59','2014-01-16 19:55:59','40376672','DORIS VARGAS','3118169132','',77,'','CUIDADELA SAN ANTONIO'),(710,'2014-01-16 19:58:32','2014-01-16 19:58:32','40396974','LUZ AMPARO MELO','3166622986','',77,'','CLL 42 35C-101'),(711,'2014-01-16 20:00:01','2014-01-16 20:00:01','40440173','GLADIS RIVERA','3132012216','',77,'','MZ A 26 CASA 10 COLINAS'),(712,'2014-01-16 20:05:57','2014-01-16 20:05:57','1121819969','SULEIDY BUITRAGO NOGUERA','3128760159','',79,'','CRA 43 63-10 LOCAL 1'),(713,'2014-01-16 20:06:06','2014-01-16 20:06:06','40401008','NEREIDA CASTRO','3143529635','',80,'LISTA DE FELIPE MARTINEZ','SAN MARCOS'),(714,'2014-01-16 20:06:48','2014-01-16 20:06:48','1121896785','HAIDY CAMPOS','3115534791','',79,'','CLL 56 44-69 PORFIA'),(715,'2014-01-16 20:06:58','2014-01-16 20:06:58','40397747','GLENDA PULIDO','3133457421','',80,'LISTA DE FELIPE MARTINEZ','RETIRO'),(716,'2014-01-16 20:07:37','2014-01-16 20:07:37','30004335','MIRIAN DIAZ','3172280555','',80,'LISTA DE FELIPE MARTINEZ','ANTONIO RICAUTE'),(717,'2014-01-16 20:07:50','2014-01-16 20:07:50','40390296','ROSA NELY GUTIERREZ','3203949587','',79,'','CLL 69 45-68 PORFIA'),(718,'2014-01-16 20:09:00','2014-01-16 20:09:00','20398102','ELVIRA RAMIREZ','3134380391','',80,'LISTA DE FELIPE MARTINEZ','B/ LA MACARENA'),(719,'2014-01-16 20:12:20','2014-01-16 20:12:20','40336708','MONICA LILIANA CASTILLO','3166092775','',79,'','CLL 63 46-14 PORFIA'),(720,'2014-01-16 20:12:27','2014-01-16 20:12:27','35264489','CLAUDIA CRUZ','3182593336','',78,'','MZ G CASA No 2 SALITRE'),(721,'2014-01-16 20:12:36','2014-01-16 20:12:36','1121901843','ALEJANDRA GUTIEREZ','3145592006','',80,'LISTA DE FELIPE MARTINEZ','AY MI LLANURA'),(722,'2014-01-16 20:13:46','2014-01-16 20:13:46','86051418','JORGE ELIECER GUTIERREZ','3112433866','',78,'','MZ G CASA No 2 SALITRE'),(723,'2014-01-16 20:13:50','2014-01-16 20:13:50','40385219','MELIDA MORENO','3125672164','',80,'LISTA DE FELIPE MARTINEZ','ANTONIO RICAUTE'),(724,'2014-01-16 20:14:29','2014-01-16 20:14:29','17338256','ADRIANA REYES','3108977005','',80,'LISTA DE FELIPE MARTINEZ','6 DE ABRIL'),(725,'2014-01-16 20:15:13','2014-01-16 20:15:13','86071921','FERFEY CAMELO','3138200260','',80,'LISTA DE FELIPE MARTINEZ','SAN MARCOS'),(726,'2014-01-16 20:16:12','2014-01-16 20:16:12','23421987','TRANSITO PORE','3155780632','',80,'LISTA DE FELIPE MARTINEZ','SAN MARCOS'),(727,'2014-01-16 20:16:16','2014-01-16 20:16:16','19440440','PEDRO CRUZ','6667300','',78,'','MZ G CASA No 2 SALITRE'),(728,'2014-01-16 20:16:58','2014-01-16 20:16:58','1121891372','LEIDY TATIANA VARGAS','3112111768','',79,'','CLL 52 SUR 45-40 PORFIA'),(729,'2014-01-16 20:17:04','2014-01-16 20:17:04','14247863','RAUL CASTAÑEDA','3142508953','',80,'LISTA DE FELIPE MARTINEZ','RETIRO'),(730,'2014-01-16 20:17:40','2014-01-16 20:17:40','21220847','ELSA OLAYA','','',80,'LISTA DE FELIPE MARTINEZ','SAN MARCOS'),(731,'2014-01-16 20:18:31','2014-01-16 20:18:31','3140008','SILBERIO RODRIGUEZ','3124246779','',78,'','CLL 26B No 21D-52 20 DE JULIO'),(732,'2014-01-16 20:18:44','2014-01-16 20:18:44','35260598','NANCY HERNANDEZ','3133031515','',80,'LISTA DE FELIPE MARTINEZ','MACARENA'),(733,'2014-01-16 20:19:21','2014-01-16 20:19:21','17326730','CARLOS GUTIERREZ','3103407159','',80,'LISTA DE FELIPE MARTINEZ','RETIRO'),(734,'2014-01-16 20:20:02','2014-01-16 20:20:02','86041219','JAIRO MURILLO','3185300189','',80,'LISTA DE FELIPE MARTINEZ','AY MI LLANURA'),(735,'2014-01-16 20:20:56','2014-01-16 20:20:56','40382924','LUZ ORFIDIA TORRES','3202331517','',80,'LISTA DE FELIPE MARTINEZ','SAN MARCOS'),(736,'2014-01-16 20:22:06','2014-01-16 20:22:06','40216969','MARIA LOPEZ ROJAS','3132198446','',79,'','CLL 64 44-98 PORFIA'),(737,'2014-01-16 20:23:17','2014-01-16 20:23:17','1121816388','RODRIGO CRUZ VALERO','3205091953','',79,'','CLL 58 SUR 45-45 PORFIA'),(738,'2014-01-16 20:25:19','2014-01-16 20:25:19','40327144','YINY JHOANA ROJAS','3203103502','',79,'','CLL 63 CASA 6 LA INVASIÓN PORFIA'),(739,'2014-01-16 20:26:25','2014-01-16 20:26:25','1121904743','YUFRY LORENA RODRIGUEZ','3203708031','',79,'','CLL 56 45-88 PORFIA'),(740,'2014-01-16 20:27:40','2014-01-16 20:27:40','1121885285','LICETH VIVIANA MENDEZ POSADA','3165370821','',79,'','CLL 67 SUR 44-21 PORFIA'),(741,'2014-01-16 20:27:59','2014-01-16 20:27:59','40383041','OMEGA TORRES RODRIGUEZ','3144434135','',81,'','CRA 22 37-27 B/MORICHAL'),(742,'2014-01-16 20:30:07','2014-01-16 20:30:07','1121905613','YENNI ALEJANDRA PRIETO','3113046426','',81,'','CALL 37A 22-35'),(743,'2014-01-16 20:32:12','2014-01-16 20:32:12','1121834664','SILVIA VERNAZA','3115791609','',81,'','CALL 37A 22A-35'),(744,'2014-01-16 20:32:45','2014-01-16 20:32:45','40404044','LUZ MARI CORTES','3132733473','',82,'','CASA 37B 23-18 MORICHAL'),(745,'2014-01-16 20:33:13','2014-01-16 20:33:13','40342266','BIBIANA  PAOLA CASTAÑEDA RINCON','3134797917','',81,'','CALL 35C 20-18 B/ MORICHAL'),(746,'2014-01-16 20:34:33','2014-01-16 20:34:33','40384228','ELVIA MARTINEZ','3214858952','',81,'','CALL 37A 21-03 B/ ESTE MORICHAL'),(747,'2014-01-16 20:35:40','2014-01-16 20:35:40','52431237','NANCY HELENA VELAZQUES CUEVAS','3187298132','',82,'',''),(748,'2014-01-16 20:37:21','2014-01-16 20:37:21','1033678899','LUZ ANGELA CORRAL','3204185782','',82,'','CLL 35B 18-70 MORICHAL'),(749,'2014-01-16 20:37:31','2014-01-16 20:37:31','40382641','FABIOLA RODRIGUEZ','3125598883','',78,'','CLL 26B No 21D-52'),(750,'2014-01-16 20:38:19','2014-01-16 20:38:19','40392755','ROSA ELVIRA GAMBOA','3213561351','',82,'','CLL 37 19-10E'),(751,'2014-01-16 20:39:32','2014-01-16 20:39:32','1117485793','CAROLINA DIAZ TRUJILLO','3134526229','',82,'','CLL37 19-04 MORICHAL'),(752,'2014-01-16 20:41:03','2014-01-16 20:41:03','40395466','CAROLINA PIEDRAHITA','3124246779','',78,'','CLL 26B No 21D-52'),(753,'2014-01-16 20:43:07','2014-01-16 20:43:07','40388460','LUZ MARINA RODRIGUEZ','3137642479','',78,'','CLL 26C No 22-04'),(754,'2014-01-16 20:45:10','2014-01-16 20:45:10','17320262','ANDRES GOMEZ RAMIREZ','3208173703','',78,'','CLL 26 B No 21D-44'),(755,'2014-01-16 20:47:41','2014-01-16 20:47:41','36161113','GLADYS RAMIREZ','3125635174','',83,'','B/ LA ROSITA 3 ACOSTADO DERECHO CAÑO'),(756,'2014-01-16 20:47:42','2014-01-16 20:47:42','11319391','HECTORIO TRIANA','3143681815','',78,'','CLL 26C No 22-41'),(757,'2014-01-16 20:48:34','2014-01-16 20:48:34','1024563649','LEYDI NAYIBE BERMUDEZ','3128752986','',83,'','CRA 34 12-09 B/ LA ROSITA 3'),(758,'2014-01-16 20:49:19','2014-01-16 20:49:19','40340502','SOL OSPINA OSPINA','3123496417','',84,'','CLL 37 19-09 MORICHAL'),(759,'2014-01-16 20:49:54','2014-01-16 20:49:54','39802953','LUZ NIDIA ZIPAGUAUTA','3144471294','',83,'','CRA34 15-65 B/ LA ROSITA 3'),(760,'2014-01-16 20:50:22','2014-01-16 20:50:22','40393375','CARMENZO PEÑA','3123102041','',78,'','CLL 26C No 9D-70'),(761,'2014-01-16 20:50:22','2014-01-16 20:50:22','51858454','LUZ MARINA SANTANA AMORTEGUI','3217413240','',84,'','CLL 35B 18-76E MORICHAL'),(762,'2014-01-16 20:51:29','2014-01-16 20:51:29','1121846771','MAYERLY MATOMA BENAVIDEZ','3213491489','',84,'','CLL 37 18-64'),(763,'2014-01-16 20:51:56','2014-01-16 20:51:56','4220600','ANA MENDEZ','3102257342','',78,'','MAIZARO BAJO'),(764,'2014-01-16 20:53:59','2014-01-16 20:53:59','404000629','MARITZA DEL PILAR VANEGAS','','',85,'','CALL 11 SUR 21-10 B/ DOÑA LUZ'),(765,'2014-01-16 20:55:30','2014-01-16 20:55:30','52278516','SANDRA LILIANA RAMOS RODRIGUEZ','3144707074','',85,'','CALL 10B 29-30 B/ COMUNEROS'),(766,'2014-01-16 20:56:22','2014-01-16 20:56:22','79602796','HORACIO ALZATE ARANGO ','3105466326','',85,'','CRA 26 4D-45 B/ ALBORADA'),(767,'2014-01-16 20:56:58','2014-01-16 20:56:58','79601185','FABIO ANDRES GUERRERO MOSCOSO','3103197748','',85,'','CALL 31 12-22 B/ RECREO'),(768,'2014-01-16 20:57:57','2014-01-16 20:57:57','1121872666','LAURA LIZETH ZAPATA CALDAS','3202896255','',85,'','CALL  31 12-22 B/ RODEO '),(769,'2014-01-16 20:59:28','2014-01-16 20:59:28','40360424','CLAUDIA LUCIA VIDAL ARIZA ','3145662672','',86,'','CLL 41A 16-56 DELIRIO'),(770,'2014-01-16 21:00:31','2014-01-16 21:02:00','1121908926','ANGIE XIOMARA VALERO CHIZABAS','3214218823','',86,'','CLL 36 16A-28 ANTONIO VILLAVICENIO'),(771,'2014-01-16 21:02:52','2014-01-16 21:02:52','20485704','CIELO DIAZ GARCIA','3142522636','',86,'','CLL 37 10A-56 ESTERO'),(772,'2014-01-16 21:03:55','2014-01-16 21:03:55','40384943','DORA JANETH DELGADO POVEDA','3144701598','',86,'','CLL 40 18A ESTE COVISAN'),(773,'2014-01-16 21:05:55','2014-01-16 21:05:55','1121840759','ALEXANDRA HURTADO MONROY','3142137435','',86,'','CRA 18B 39-05 COVISAN'),(774,'2014-01-16 21:07:50','2014-01-16 21:07:50','40440825','LUZ MARINA MUÑOZ','3105510248','',87,'','CALL 26B 21D 56 B/ 20 DE JULIO'),(775,'2014-01-16 21:08:53','2014-01-16 21:08:53','40444927','YOLANDA OZUNA','321300493','',87,'','CALL 30 20C -32 B/ 20 DE JULIO'),(776,'2014-01-16 21:09:40','2014-01-16 21:09:40','3238615','LUIS ERNESTO GARZON','3134803207','',87,'','CRA 29 26A-008 B/ GAITAN'),(777,'2014-01-16 21:11:32','2014-01-16 21:11:32','17334142','LUIS ALFREDO TAMAYO','1313830696','',87,'','CRA 22A 26-14 B/ 20 DE JULIO'),(778,'2014-01-16 21:12:54','2014-01-16 21:12:54','10397057','GLORIA GONZALEZ','3131815951','',87,'','CALL 26B 21D-68 B/20 DE JULIO'),(779,'2014-01-16 21:13:47','2014-01-16 21:13:47','1121827384','MARLEXBBY TORO','3212390776','',87,'','CAR 31 27-35 B/ BARRIO PORVENIR'),(780,'2014-01-16 21:14:17','2014-01-16 21:14:17','1121841489','FABIO GOMEZ SANABRIA','3106697676','',88,'','CLL 57 26-35 PORFIA'),(781,'2014-01-16 21:14:32','2014-01-16 21:14:32','1121833916','JENNIFFER PUERTAS','3106981246','',87,'','CRA 31 26C-24 B/ PORVENIR'),(782,'2014-01-16 21:16:09','2014-01-16 21:16:09','1121826157','ZULMA MARINA AGUILERA','3142080534','',88,'','CRA 42 54-08'),(783,'2014-01-16 21:16:37','2014-01-16 21:16:37','30381511','ZORAIDA MEDINA','3142018064','',87,'','CARR 22A 30-05 B/ 20 DE JULIO'),(784,'2014-01-16 21:17:30','2014-01-16 21:17:30','1121837197','DURLAY AGUILERA LINARES','3105832391','',88,'','CLL 54 84-05'),(785,'2014-01-16 21:18:58','2014-01-16 21:18:58','1122238495','JHON EVER RUBIANO','3212149560','',88,'','CRA 42 51-04'),(786,'2014-01-16 21:19:42','2014-01-16 21:19:42','40385890','THOL VELASQUEZ MORENO','3134209560','',88,'','CLL 66 42-28'),(787,'2014-01-16 21:20:45','2014-01-16 21:20:45','1121902717','YESICA PAOLA PERILLA','3103642728','',88,'','CRA 42 54-12'),(788,'2014-01-16 21:24:53','2014-01-16 21:24:53','1121890421','NILSON MEJIA RAMIREZ','3212149560','',88,'','MZ 34 CASA 13 LA MADRID'),(789,'2014-01-16 21:25:41','2014-01-16 21:25:41','1115855021','VANESA CORZO','3132140579','',88,'','CRA 42 54-04 PORFIA'),(790,'2014-01-16 21:26:01','2014-01-16 21:26:01','35262342','SONIA YOLANDA CRUZ','3118275855','',89,'','CALL 6B -29-11 B/ COMUNEROS'),(791,'2014-01-16 21:26:23','2014-01-16 22:26:06','30081504','OLGA LUCIA RINCON','3102206072','',88,'','CLL 69 SUR 42-17 PORFIA'),(792,'2014-01-16 21:27:07','2014-01-16 21:27:07','40380696','SUSANA VAQUERO CASTRO','3126829339','',89,'','CALL 6A 28-33 B/ COMUNEROS'),(793,'2014-01-16 21:27:16','2014-01-16 21:27:16','40392426','ROSA MARIA PARRADO','3125678613','',88,'','CLL 68 44-39 PORFIA'),(794,'2014-01-16 21:28:33','2014-01-16 21:28:33','40306009','EFIGENIO BALAGUERA','3204914419','',88,'','CLL 67 MZ 15'),(795,'2014-01-16 21:29:03','2014-01-16 21:29:03','1121868800','MARTHA ISABELA MORENO','3133434254','',89,'','CRA 30 9-29 B/COMUNEROS'),(796,'2014-01-16 21:30:23','2014-01-16 21:30:23','40397476','SUANY SULANYI SUAN SALAMANCA','3114793451','',89,'','CALL 4C 28-15 B/ ALBORADA'),(797,'2014-01-16 21:31:02','2014-01-16 21:31:02','52286742','VIVIANA TORRES','3114211927','',88,'','MZ CASA 12 PORFIA'),(798,'2014-01-16 21:32:00','2014-01-16 21:32:00','21239709','TERESA RINCON','3142264679','',88,'','CLL 67 45-69'),(799,'2014-01-16 21:32:21','2014-01-16 21:32:21','1121824815','VIVIANA ESPINAL','3155836589','',88,'','CALL 40-27-03 B/ CATUMARE'),(800,'2014-01-16 21:32:55','2014-01-16 21:32:55','35260204','ELIZABETH RENGIFO','3112577315','',88,'','CLL 63 43-104 PORFIA'),(801,'2014-01-16 21:33:07','2014-01-16 21:33:07','40387762','MARIELA MORENO','3212084809','',88,'','CALL 46 31-37 B/ CATUMARE'),(802,'2014-01-16 21:33:56','2014-01-16 21:33:56','17321751','EDGAR ANCIZAR','3132186849','',88,'','CRA 48 24-41 B/ CATUMARE'),(803,'2014-01-16 21:34:03','2014-01-16 21:34:03','86035328','AURORA GARCIA','3118574112','',88,'','MZ D CASA 11 PORFIA-VILLA OCOA'),(804,'2014-01-16 21:34:45','2014-01-16 21:34:45','40365258','LUZ MARINA FORERO','6838066','',88,'','CALL 27 40-38 B/ CATUMARE'),(805,'2014-01-16 21:34:56','2014-01-16 21:34:56','24116935','CARMEN CISVAJANTE','3138427554','',88,'','CLL 66 45-15 PORFIA'),(806,'2014-01-16 21:35:47','2014-01-16 21:35:47','40383991','CLARIVEL JIMENEZ','3102989867','',88,'','MZN B CS 15 B/ CATUMARE'),(807,'2014-01-16 21:36:11','2014-01-16 21:36:11','17350004','ALIRIO SANCHEZ','3105213552','',88,'','CLL 50 43-56 PORFIA'),(808,'2014-01-16 21:36:28','2014-01-16 21:36:28','21237458','ANA ELCY DIAZ','3118958609','',88,'','CRA 45 5B-19-87 B/ CATUMARE'),(809,'2014-01-16 21:37:10','2014-01-16 21:37:10','1121912110','ROBINSON RAMOS','3186212639','',88,'','MZ F CASA 10 PORFIA-VILLA OCOA'),(810,'2014-01-16 21:37:16','2014-01-16 21:37:16','38215021','JOSEFINA CRUZ','3115051403','',88,'','CRA 45D 19-28 B/ CATUMARE'),(811,'2014-01-16 21:37:53','2014-01-16 21:37:53','40341217','PILAR VELAZCO','3132301469','',88,'','CRA 45D 19-56 B/ CATUMARE'),(812,'2014-01-16 21:38:12','2014-01-16 21:38:12','40187742','ANDREA MUÑOZ','3138046825','',88,'','CLL 66 45-64 PORFIA'),(813,'2014-01-16 21:38:42','2014-01-16 21:38:42','29794807','MARTINA ORTIZ','3142337936','',88,'','MZN A CS 2 B/ NUEVO AMANECER'),(814,'2014-01-16 21:39:12','2014-01-16 21:39:12','40365325','MIREYA SIERRA','3103016919','',88,'','CLL 54 45-18 PORFIA'),(815,'2014-01-16 21:39:37','2014-01-16 21:39:37','30187921','AURA ARIZA AGUILAR','3118024295','',88,'','MZN D CS 5 B/ NUEVO AMANECER'),(816,'2014-01-16 21:40:43','2014-01-16 21:40:43','1121850671','LEIDY JOHANA GARCIA','3144875109','',88,'','MZ F CASA 12 PORFIA-VILLA OCOA'),(817,'2014-01-16 21:40:44','2014-01-16 21:40:44','21202637','CORNELIA FONTELLA','3142274223','',88,'','MZN B CS 9 B/ NUEVO AMANECER '),(818,'2014-01-16 21:41:46','2014-01-16 21:41:46','1121871736','YULI CONTRERAS','3118574112','',88,'','CLL 60 43-57 PORFIA'),(819,'2014-01-16 21:41:50','2014-01-16 21:41:50','86054363','JORGE HUMBERTO DIAZ','3105547487','',88,'','CLL 57 SUR No 45-81 PORFIA'),(820,'2014-01-16 21:41:57','2014-01-16 21:41:57','1121869751','CAROLINA MOLANO','3207427443','',88,'','MZN B CS 10 B/ NUEVO AMANECER'),(821,'2014-01-16 21:42:32','2014-01-16 21:42:32','40438989','ARELIS LONDOÑO','6695013','',88,'','CLL 67 46-22 PORFIA'),(822,'2014-01-16 21:42:47','2014-01-16 21:42:47','31427665','GLORIA OSORIO RIOS','3203424666','',88,'','MZN C CS 13 B/ NUEVO AMANECER'),(823,'2014-01-16 21:42:55','2014-01-16 21:42:55','40367469','SUSANA PARRA','3138055221','',88,'','TORRE 3 Apto No 404 MILENIO'),(824,'2014-01-16 21:43:21','2014-01-16 21:43:21','1121854964','LEIDY HERRERA','3133376611','',88,'','MZN L CS 5 B/ NUEVO AMANCER'),(825,'2014-01-16 21:43:37','2014-01-16 21:43:37','51921728','HERMELINDA CASTRO','3115732734','',88,'','MZ E CASA 2 PORFIA-VILLA OCOA'),(826,'2014-01-16 21:44:03','2014-01-16 21:44:03','40331521','LINA PAOLA SAAVEDRA','3207393443','',88,'','MZN B CS 19 B/ NUEVO AMANECER'),(827,'2014-01-16 21:44:27','2014-01-16 21:44:27','40403429','MARIA YOLIMA BARRERO','3214950208','',88,'','MZ 9 CASA No 5'),(828,'2014-01-16 21:44:34','2014-01-16 21:44:34','16796005','OLIMPO ORDOÑEZ','3166284539','',88,'','CLL 40C 27-03 CATUMARE'),(829,'2014-01-16 21:44:44','2014-01-16 21:44:44','21189842','MARIA EUGENIA PIÑEROS ','3134659595','',88,'','CRA 40 27-81 B/ NUEVA GERUSALEN'),(830,'2014-01-16 21:45:48','2014-01-16 21:45:48','41579254','RESURRECION ORJUELA','3118282322','',88,'','CRA 40 27-03 B/ NUEVO JERUSALEN'),(831,'2014-01-16 21:46:35','2014-01-16 21:46:35','40189321','JULIETH SALINAS','3125217379','',88,'','CRA 40 27-69 B/ NUEVO JERUSALEN'),(832,'2014-01-16 21:49:37','2014-01-16 21:49:37','40444590','MARIA CARBONERO','3123442830','',88,'','NUEVA JERUSALEN'),(833,'2014-01-16 21:50:25','2014-01-16 21:50:25','16226979','RAFAEL ANTONIO PAVON','3132748610','',88,'','CALL 20 SUR 36-03 B/ SAN JORGE'),(834,'2014-01-16 21:51:59','2014-01-16 21:51:59','30966361','BLANCA CECILIA PARRA','3214950208','',88,'','MZ 8 CASA No 10 '),(835,'2014-01-16 21:52:08','2014-01-16 21:52:08','40781103','IRLEY MORENO GARZON','3132748610','',88,'','CALL 20 SUR 36-09 B/ SAN JORGE'),(836,'2014-01-16 21:52:59','2014-01-16 21:52:59','35264120','BLANCA ROCIO VALDERRAMA','3115890494','',88,'','CALL 19A SUR 37-76 B/ SAN JORGE'),(837,'2014-01-16 21:53:18','2014-01-16 21:53:18','40390450','MARTHA HELENA OCHOA','3212487721','',88,'','MZ 8 CASA No 21'),(838,'2014-01-16 21:53:42','2014-01-16 21:53:42','1121924804','YENY ARBELADES','3138858412','',88,'','CALL 20 SUR 43A-85 B/ SAN JORGE'),(839,'2014-01-16 21:54:21','2014-01-16 21:54:21','40444959','PATRICIO HERNANDEZ ','3138473019','',88,'','MZ 12 CASA NO 9'),(840,'2014-01-16 21:54:46','2014-01-16 21:54:46','1121869955','VIVIANA ROZO CASTRO','3102392417','',88,'','CALL 17 SUR 43A-60 B/ SAN JORGE'),(841,'2014-01-16 21:55:20','2014-01-16 21:55:20','1121923338','CRISTIAN ARAGON','3108617659','',88,'','CALL 17A 48-08 B/ SAN JORGE '),(842,'2014-01-16 22:09:12','2014-01-16 22:09:12','40368603','SOFIA CASTAÑEDA','3132273559','',90,'SENADO  MARITZA MARTINEZ ','CHAPINERITO ALTO'),(843,'2014-01-16 22:09:49','2014-01-16 22:10:13','20749190','LUZ  NELIDA AMAYA','3123554789','',90,'SENADO MARITZA MARTINEZ','EMPORIO BAJO'),(844,'2014-01-16 22:11:05','2014-01-16 22:11:05','21237559','MARY LUZ CASTAÑEDA','3124299421','',90,'SENADO MARITZA MARTINEZ','CHAPINERITO BAJO'),(845,'2014-01-16 22:13:46','2014-01-16 22:13:46','86070430','WILLIAM GONZALEZ','','',90,'SENADO MARITZA MARTINEZ','EMPORIO'),(846,'2014-01-16 22:14:48','2014-01-16 22:14:48','17349256','JOSE DIXON ARAGON','3142804394','',90,'SENADO MARITZA MARTINEZ','CHAPINERITO ALTO'),(847,'2014-01-16 22:15:22','2014-01-16 22:15:22','1121824876','RICARDO CESPEDES','3133011819','',90,'SENADO MARITZA MARTINEZ','SAN FELIPE'),(848,'2014-01-16 22:15:59','2014-01-16 22:15:59','1121833731','ALBERTO QUINTERO','3103204417','',90,'SENADO MARITZA MARTINEZ','12 DE OCTUBRE'),(849,'2014-01-16 22:16:30','2014-01-16 22:16:30','40384220','SARA ROCIO HERNANDEZ','3112425653','',90,'SENADO MARITZA MARTINEZ','ESMERALDA'),(850,'2014-01-16 22:16:57','2014-01-16 22:16:57','40394917','ROCIO RODRIGUEZ','3204924521','',90,'SENADO MARITZA MARTINEZ','ESMERALDA'),(851,'2014-01-16 22:18:00','2014-01-16 22:18:00','40394934','SANDRA ROJAS','3114415291','',90,'SENADO MARITZA MARTINEZ','CHAPINERITO ALTO'),(852,'2014-01-16 22:19:21','2014-01-16 22:19:21','40444404','MAGDA CARRILLO GUTIERREZ','3144744606','',90,'SENADO MARITZA MARTINEZ',' LOS CEREZOS'),(853,'2014-01-16 22:20:03','2014-01-16 22:20:03','20440735','ROSA PEÑUELA','3115247362','',90,'SENADO MARITZA MARTINEZ','ESMERALDA'),(854,'2014-01-16 22:21:28','2014-01-16 22:21:28','30083132','GLORIA GUTIERREZ','3209890794','',88,'','CRA 68 SUR 43-106 PORFIA'),(855,'2014-01-16 22:25:13','2014-01-16 22:25:13','3203872447','MANUELA BEJARANO','3203872447','',88,'','CRA 46 53-25 PORFIA'),(856,'2014-01-16 22:27:13','2014-01-16 22:27:13','28781612','CECILIA LOZANO','3116793025','',88,'','CRA 37 19B-16 SUR LA ROCHELA'),(857,'2014-01-16 22:28:10','2014-01-16 22:28:10','30971326','OFELIA RODRIGUEZ','3103002272','',88,'','SECTOR UNO LA NOHORA'),(858,'2014-01-16 22:28:51','2014-01-16 22:28:51','21225800','MARIA  LINA ROZO NIÑO','3103259305','',90,'SENADO MARITZA MARTINEZ','TRIUNFO'),(859,'2014-01-16 22:29:40','2014-01-16 22:29:40','17322010','ALONSO PARRA CHACON','3203274320','',88,'','CRA 44 49-134 PORFIA-SECTOR UNO'),(860,'2014-01-16 22:30:20','2014-01-16 22:30:20','1004095307','CLAUDIA MONTERO PEDRAZA','3203380403','',90,'SENADO MARITZA MARTINEZ','TRIUNFO'),(861,'2014-01-16 22:31:11','2014-01-16 22:31:11','112188640','LEONARDO VALDERRAMA','3112182696','',88,'','CLL 64 44-SUR PORFIA'),(862,'2014-01-16 22:31:18','2014-01-16 22:31:18','40438005','MONICA ALFONSO  ZAMBRANO','3123556190','',90,'SENADO MARITZA MARTINEZ','TRIUNFO'),(863,'2014-01-16 22:33:20','2014-01-16 22:33:20','1121920342','JEISON CAICEDO','3124612540','',88,'','MZ D CASA 25 LA NOHORA'),(864,'2014-01-16 22:34:58','2014-01-16 22:34:58','52977685','DIANA DONCEL','3215675065','',88,'','SECTOR UNO LA NOHORA'),(865,'2014-01-16 22:36:05','2014-01-16 22:36:05','86058134','JOSE RAMON PEÑA','3208724711','',88,'','CLL 72 41-89'),(866,'2014-01-16 22:41:19','2014-01-16 22:41:19','35261579','SANDRA GUEVARA','3162369022','',88,'','CLL 72 41-65'),(867,'2014-01-16 22:43:29','2014-01-16 22:43:29','3295922','FRANCISCO ALCANTARA','3208053857','',88,'','CRA 18 31-20 EL BOSQUE'),(868,'2014-01-16 22:44:28','2014-01-16 22:44:28','30080435','DORA NELLY ROZO','3124414214','',88,'','CLL 60 46-81 PORFIA'),(869,'2014-01-16 22:45:47','2014-01-16 22:45:47','1121925465','LOREN YULIANA MORENO','3214307350','',88,'','CLL 19B SUR 37-77 NVO HORIZONTE'),(870,'2014-01-16 22:47:36','2014-01-16 22:47:36','40331948','ISNELDI ARENAS','3113273826','',88,'','CLL 72 41-98 PORFIA'),(871,'2014-01-16 22:48:26','2014-01-16 22:48:26','40341692','FELISA CATALINA SILIO RODRIGUEZ ','3213220105','',90,'SENADO MARITZA MARTINEZ','TRIUNFO'),(872,'2014-01-16 22:48:51','2014-01-16 22:48:51','1121835441','DIMER DAZA','3132097427','',88,'','CLL 72 41-88 PORFIA'),(873,'2014-01-16 22:49:01','2014-01-16 22:49:01','40400877','SANDRA ROZO','3203438341','',90,'SENADO MARITZA MARTINEZ','TRIUNFO'),(874,'2014-01-16 22:50:40','2014-01-16 22:50:40','35264609','CLAUDIA LILIANA GARAVITO','3143233184','',88,'','CLL 72 41-94 PORFIA'),(875,'2014-01-16 22:51:25','2014-01-16 22:51:25','40365058','ELISA BENAVIDES','3214973478','',90,'SENADO MARITZA MARTINEZ','EMPORIO BAJO'),(876,'2014-01-16 22:52:11','2014-01-16 22:52:11','40437517','NELLY DUQUE','3133363880','',88,'','CLL 72 41-124 PORFIA'),(877,'2014-01-16 22:55:10','2014-01-16 22:55:10','11406739','JUAN CARLOS BENAIL','3112959513','',90,'SENADO MARITZA MARTINEZ','ESMERALDA'),(878,'2014-01-16 22:56:10','2014-01-18 18:02:39','25669648','MELBA ZUÑIGA QUINTERO','3133354698','',88,'','CLL 72 SUR 41-83'),(879,'2014-01-16 22:56:39','2014-01-16 22:56:39','40441451','GLADIS RUIZ PARRA','3213915184','',90,'SENADO MARITZA MARTINEZ','EL RECUERDO'),(880,'2014-01-16 22:58:16','2014-01-16 22:58:16','40330110','DAYANA ABRIL','3143632577','',88,'','CAÑO PENDEJO '),(881,'2014-01-16 22:58:46','2014-01-16 22:58:46','1122650734','CRISTIAN CAMILO LOZANO','3214438704','',90,'SENADO MARITZA MARTINEZ','VILLA PATRICIA'),(882,'2014-01-16 22:59:31','2014-01-16 22:59:31','40329952','VIVIANA MARTINEZ','3123242114','',88,'','CAÑO PENDEJO'),(883,'2014-01-16 23:00:02','2014-01-16 23:00:02','86047213','JOSE LISANDRO REINA','3203801011','',90,'SENADO MARITZA MARTINEZ','GALAN'),(884,'2014-01-16 23:00:24','2014-01-16 23:00:24','20910796','NIDIA MARTINEZ','3123357024','',88,'','CAÑO PENDEJO'),(885,'2014-01-16 23:00:43','2014-01-16 23:00:43','40276672','ANA LORENZA CAMACHO','3138772922','',90,'SENADO MARITZA MARTINEZ','LOS CEREZOS'),(886,'2014-01-16 23:00:47','2014-01-16 23:00:47','31006490','ARACELY QUIROGA','3143210475','',88,'','MZ 4 -24 CASA No 03 VILLA JULIANA PORFIA'),(887,'2014-01-16 23:01:20','2014-01-16 23:01:20','86060054','JACOBO SANCHEZ','3105539221','',88,'','CLL 64 No 42T-17'),(888,'2014-01-16 23:01:24','2014-01-16 23:01:24','6828781','MADELEINE DELGADO','3102290002','',88,'','CLL 69 43-70 PORFIA'),(889,'2014-01-16 23:01:33','2014-01-16 23:01:33','1121835076','GUSTAVO REYES TORRES','3142084492','',90,'SENADO MARITZA MARTINEZ','12 DE OCTUBRE'),(890,'2014-01-16 23:02:06','2014-01-16 23:02:06','12489095','JUAN CRSITOBAL LOZANO','3143180982','',88,'','CLL 56 NBo 32-19 BRASILIA PORFIA'),(891,'2014-01-16 23:03:33','2014-01-16 23:03:33','36533450','GLORIA BERNAL','','',88,'','CLL 69 43-70 PORFIA'),(892,'2014-01-16 23:03:54','2014-01-16 23:03:54','17343630','JUAN ALBERTO ESPITIA','3123971018','',88,'','CLL 63 NO 46-76 CHARRASCAL'),(893,'2014-01-16 23:04:10','2014-01-16 23:04:10','1121842977','LUCERO MARTINEZ','','',88,'','CLL 67 45-69 PORFIA'),(894,'2014-01-16 23:05:34','2014-01-16 23:05:34','40369385','GLORIA MUÑOZ','3143496004','',88,'','MZ D CASA 3-27'),(895,'2014-01-16 23:06:23','2014-01-16 23:06:23','1121862753','BRIGIT VELASQUEZ','3218923209','',88,'','CLL 66 No 41-21 PORFIA'),(896,'2014-01-16 23:07:14','2014-01-16 23:07:14','40437775','LUZ MARINA GOMEZ BELTRAN','3114001952','',88,'','CLL 55 CASA NO 4 GAVIONES INVASION'),(897,'2014-01-16 23:07:55','2014-01-16 23:07:55','1121917495','NATALIA ANDREA URREGO','3147473591','',88,'','CLL 55 CASA No 8 GAVIONES INVASION'),(898,'2014-01-16 23:08:43','2014-01-16 23:08:43','40442517','FRANCY CASTAÑEDA ','3102258171','',88,'','CLL 52 No 44-87 PORFIA'),(899,'2014-01-16 23:12:24','2014-01-16 23:12:24','1121916772','TATIANA PULIDO','3103971586','',88,'','CLL 55 NO 46-36 GAVIONES INVASION'),(900,'2014-01-16 23:13:27','2014-01-16 23:13:27','40384008','MIRIAN MARTINEZ PEÑALOZA','3115862112','',91,'SENADO WILLIAM BARBOSA','MZN C CS 28 B/ VILLA HUMBERTO'),(901,'2014-01-16 23:13:29','2014-01-16 23:13:29','79718410','MAURICIO MACIAS','3114829754','',88,'','VILLA DEL LAGO '),(902,'2014-01-16 23:14:10','2014-01-16 23:14:10','1121828252','CARLOS ANDRES CRUZ','3103424957','',88,'','CLL 37 CASA 40 LGBT'),(903,'2014-01-16 23:15:01','2014-01-16 23:15:01','40328191','YANETH MILENA OSPINA','3124225625','',88,'','TORRES DEL MEDITERRANES'),(904,'2014-01-16 23:15:28','2014-01-16 23:15:28','1121864517','YESICA URREGO MARTINEZ','3104779379','',91,'SENADO WILLIAM BARBOSA','MZN C CS 27 B / COMUNEROS'),(905,'2014-01-16 23:16:29','2014-01-16 23:16:29','1121833663','DUMAR HAMILTON SANCHEZ','3185422682','',88,'','CLL 4C NO 19A-08 VIZCAYA'),(906,'2014-01-16 23:16:30','2014-01-16 23:16:30','35260554','DORIS MARTINEZ','3142669491','',91,'SENADO WILLIAM BARBOSA','DIAG 5A 28A -25 B/ VILLA HUMBERTO'),(907,'2014-01-16 23:17:27','2014-01-16 23:17:27','40340060','DIANA SHIRLEY RODRIGUEZ','3107586808','',88,'','MZ E CASA LT PORFIA'),(908,'2014-01-16 23:18:08','2014-01-16 23:18:08','1121902879','SAMUEL BEJARANO','3128238812','',88,'','CLL 28 NO 27-73 PORVENIR'),(909,'2014-01-16 23:18:41','2014-01-16 23:18:41','28846155','NURY LEAL ZUÑIGA','3132609017','',91,'SENADO WILLIAM BARBOSA','CALL 46 5B-53 B/COMUNEROS'),(910,'2014-01-16 23:18:42','2014-01-16 23:18:42','1121826070','MARIA PATRICIA LEGUIZAMON','3133064843','',88,'','PORFIA'),(911,'2014-01-16 23:19:12','2014-01-16 23:19:12','86085523','EDWIN LINARES','3166165220','',88,'','CLL 17 No 10-20'),(912,'2014-01-16 23:19:20','2014-01-16 23:19:20','40402802','OFELIA SANCHEZ','3144566986','',91,'SENADO WILLIAM BARBOSA','CALL 46 5B-53 B/COMUNEROS'),(913,'2014-01-16 23:21:05','2014-01-16 23:21:05','3270121','PEREGRINO RODRIGUEZ','3123179571','',91,'SENADO WILLIAM BARBOSA','CRA 26A 4B-121'),(914,'2014-01-16 23:22:05','2014-01-16 23:22:05','40370991','MERY RAMIREZ','3203828955','',91,'SENADO WILLIAM BARBOSA','CALL 11B 25B-40'),(915,'2014-01-16 23:23:40','2014-01-16 23:23:40','86078497','VICENTE ROZO','3123585194','',91,'SENADO WILLIAM BARBOSA','CALL 26B 5B-15 '),(916,'2014-01-16 23:24:45','2014-01-16 23:24:45','40219443','MARIA NAIDU RODRIGUEZ','3204082616','',91,'SENADO WILLIAM BARBOSA','CALL 4 28-101'),(917,'2014-01-16 23:24:53','2014-01-16 23:24:53','86078549','JUAN CARLOS MORALES GAVIRIA','3142613111','',92,'','CRA 22 No 37-38'),(918,'2014-01-16 23:25:38','2014-01-16 23:25:38','1116436098','CLAUDIA CAROLINA VALERO ORTIZ','3108590616','',92,'','CLL 37A NO 22A -46'),(919,'2014-01-16 23:25:39','2014-01-16 23:25:39','403966456','HELENA CAMACHO','3214058547','',91,'SENADO WILLIAM BARBOSA','CRA 55B 29A-23 B/ COMUNEROS'),(920,'2014-01-16 23:26:11','2014-01-16 23:26:11','40445925','MARGARITZA GARZON','3204422516','',92,'','CLL 37 NO 22A-85'),(921,'2014-01-16 23:26:31','2014-01-16 23:26:31','40381532','YANETH ROZO','3212345454','',91,'SENADO WILLIAM BARBOSA','TRANS 29 5A-26 B/ COMUNEROS'),(922,'2014-01-16 23:27:14','2014-01-16 23:27:14','40399182','GLORIA DIAZ GONZALEZ','3115026115','',91,'SENADO WILLIAM BARBOSA','MZN A CS 13 B/ COMUNEROS'),(923,'2014-01-16 23:28:25','2014-01-16 23:28:25','35604345','YASNEY CORDOBA CUESTA','3204252065','',91,'SENADO WILLIAM BARBOSA','DIAG 5B 29-34 B/ COMUNEROS'),(924,'2014-01-16 23:29:38','2014-01-16 23:29:38','40441114','NORMA NURY VIAFARA VALENCIA','3134596489','',92,'','CLL 31D NO 21-24'),(925,'2014-01-16 23:30:16','2014-01-16 23:30:16','28731310','CELMIRA DIAZ','3144819683','',91,'SENADO ARMANDO BENEDETTI','CALL 4F 5C-03 B/ COMUNEROS'),(926,'2014-01-16 23:30:20','2014-01-16 23:30:20','40354594','JULIETA VALENCIA','3143031812','',92,'','CRA 22 NO 37-04'),(927,'2014-01-16 23:31:04','2014-01-16 23:31:04','1121818019','YEIMY PAOLA MORALES','3132519844','',92,'','MZ 53 CASA No 23'),(928,'2014-01-16 23:31:11','2014-01-16 23:31:11','86082682','OSCAR FERNEY RODRIGUEZ','3115305059','',91,'SENADO WILLIAM BARBOSA','CRA 28 18-121 B/ ALBORADA'),(929,'2014-01-16 23:31:51','2014-01-16 23:31:51','19154148','JOSE MANUEL MORALES','3123653289','',92,'','CLL 37A No 22A - 44'),(930,'2014-01-16 23:31:58','2014-01-16 23:31:58','40441573','ARACELI DIAZ GONZALES','','',91,'SENADO ARMANDO BENEDETTI','DIAGC 5-13 B/ COMUNEROS'),(931,'2014-01-16 23:32:35','2014-01-16 23:32:35','1121900775','BRENDA JAZMIN MINA','31325198','',92,'','CLL 22C INT 4'),(932,'2014-01-16 23:33:40','2014-01-16 23:33:40','1122125840','JESSICA SOLER','3203853195','',92,'','CLL 36 NO 37-45'),(933,'2014-01-16 23:34:12','2014-01-16 23:34:12','40374967','MARTHA CECILIA JIMENEZ','3133055029','',92,'','CLL 37 No 22-31'),(934,'2014-01-16 23:52:03','2014-01-16 23:52:03','1121865894','MARCELA TRIVIÑO','3142188097','',93,'','CRA 9 14-23  MZN L CS 5 VALLE DE ARAGON'),(935,'2014-01-16 23:53:02','2014-01-16 23:53:02','40401283','MARTHA JANETH TRIVIÑO SANTIAGO','3102126442','',93,'','KM 27 VIA PTO LOPEZ (POMPEYA)'),(936,'2014-01-16 23:53:18','2014-01-16 23:53:18','38244126','ARAMINTA CBRERA','3214396633','',95,'','CRA 45 Nº 43A-09'),(937,'2014-01-16 23:53:54','2014-01-16 23:53:54','30081069','SANDRA MILENA TRIVIÑO SANTIAGO','3134499459','',93,'','KM 27 VIA PTO LOPEZ (POMPEYA)'),(938,'2014-01-16 23:54:19','2014-01-16 23:54:19','40393870','YOLANDA PISCO DIAZ','3203398477','',95,'','CLL 43 No 32-45 EL TRIUNFO'),(939,'2014-01-16 23:54:52','2014-01-16 23:54:52','40404239','GLORIA ASTRID GOMEZ','3166036660','',95,'','CRA 45A No 43A-27'),(940,'2014-01-16 23:54:59','2014-01-16 23:54:59','21235274','ROSABEL HERNANDEZ','3208329072','',94,'','carrera  No 48 A 48 chapinerito'),(941,'2014-01-16 23:55:46','2014-01-16 23:55:46','40440332','DEISY LUZ GOMEZ','3118474631','',95,'','CRA 45A Nº 43A-09'),(942,'2014-01-16 23:56:18','2014-01-16 23:56:18','382577142','GLADYS CABRERA ','3131168569','',95,'','CHAPINERO'),(943,'2014-01-16 23:56:35','2014-01-16 23:56:35','71944516','GUILLERMO CASTAÑO VALENCIA','3174459978','',93,'','CALL 23 SUR 16-MZN U CS 3B B/ CAROLINA'),(944,'2014-01-16 23:56:50','2014-01-16 23:56:50','17334411','VICTOR MANUEL TORRES','3133718712','',95,'','CLL 44 No 45-35'),(945,'2014-01-16 23:56:53','2014-01-16 23:56:53','40400039','RUBIELA  MORALES','3134326411','',94,'','CALLE 47 No 51-57 CHAPINERITO ALTO'),(946,'2014-01-16 23:57:35','2014-01-16 23:57:35','1121927114','ASTRID DANIELA ZAPATA GOMEZ','3166036660','',95,'','CRA 45A Nº 43A-27'),(947,'2014-01-16 23:59:55','2014-01-16 23:59:55','40326563','SARA RODRIGEZ ','3202744820','',94,'','CARRERA 51 No 48 A 42 CHAPINERITO BAJO'),(948,'2014-01-17 13:50:27','2014-01-17 13:50:27','1121891519','JHOANA MONRROY JAIMES','3143632024','',96,'','MZN 28C 19 B/13 DE MAYO'),(949,'2014-01-17 13:51:09','2014-01-17 13:51:09','18224714','JAIME BUSTO BONILL','3132285801','',96,'','MZN 87C 13 B/ RELIQUIA'),(950,'2014-01-17 13:51:42','2014-01-17 13:51:42','86084230','HECTOR ALEXIS CAMACHO','3203853721','',96,'','MZN 28 CS 22 B/ 13 DE MAYO'),(951,'2014-01-17 13:52:25','2014-01-17 13:52:25','1121901195','YANDRY ZULEIMA ARIAS','3132285601','',96,'','MZA 87 CS 13 B/ RELIQUIA'),(952,'2014-01-17 13:57:52','2014-01-17 13:57:52','17658414','OSCAR LOAIZA','3102646460','',89,'SENADO ARMANDO BENEDETTI','CONJUNTO ESPERAZA 2001 CAS 72'),(953,'2014-01-17 13:59:52','2014-01-17 13:59:52','40386407','NAYFE LUZ VALENCIA CASTRO','3142846349','',89,'SENADO ARMANDO BENEDETTI','CRA 38 70-31 B/ 6ª ETAPA'),(954,'2014-01-17 14:00:37','2014-01-17 14:00:37','40383583','YADIRA BARRIOS','3143672150','',89,'','CRA 38 8A-36 6ª ETAPA'),(955,'2014-01-17 14:04:42','2014-01-17 14:04:42','40436252','MONICA YASMIN CASPOCA','3134774214','',89,'SENADO ARMANDO BENEDETTI','CALL 4 SUR 52 -09 B/ LLANO LINDO'),(956,'2014-01-17 14:05:49','2014-01-17 14:05:49','3292182','AVELINO PINTO VEGA','3208990530','',89,'SENADO ARMANDO BENEDETTI','PARQUEADERO LA 30 ( CENTRO PROVEEDOR)'),(957,'2014-01-17 14:08:28','2014-01-17 14:08:28','1122126596','CAMILO PARRADO','3142177922','',89,'SENADO ARMANDO BENEDETTI','CAL 43 11-70 2ª ETAPA'),(958,'2014-01-17 14:18:04','2014-01-17 14:18:04','1121882409','YOIS TORRES LEAL','3106965891','',89,'SENADO ARMANDO BENEDETTI','CALL 16 37D -68 8ªETAPA'),(959,'2014-01-17 14:19:27','2014-01-17 14:19:27','80058344','HUMBERTO BENAVIDES','3142199135','',89,'SENADO ARMANDO BENEDETTI','CALL 10C 40-49'),(960,'2014-01-17 14:20:23','2014-01-17 14:20:23','52205746','OLGA MARTINEZ MUÑUZ','3133119576','',89,'SENADO ARMANDO BENEDETTI','CALL 11B 42A -40'),(961,'2014-01-17 14:23:54','2014-01-17 14:23:54','40361947','MARIVEL VALLEJO HERRERA','3214990216','',3,'','CLL 17B 14-40 SAN IGNACIO'),(962,'2014-01-17 14:30:19','2014-01-17 14:30:19','7277227','GERALDO CALVERA','3103385964','',97,'CABEZA DE GRUPO JHON TORO','MZA 22 CS4 B/ LA SALLE'),(963,'2014-01-17 14:31:33','2014-01-17 14:31:33','1121832842','VIVIANA PAOLA ULLUA','3145479627','',70,'CABEZA DE GRUPO JHON TORO','MZN 15  CS 67 B/ LA SALLE'),(964,'2014-01-17 14:32:45','2014-01-17 14:32:45','86063407','ROBISON GARCIA','3142119467','',97,'CABEZA DE GRUPO JHON TORO','MZN 22 CS 38 B/ LA SALLE'),(965,'2014-01-17 14:34:27','2014-01-17 14:34:27','40383558',' LIDIA ISABEL TORO','3204300267','',97,'CABEZA DE GRUPO JHON TORO','CRA 38A 17 B/ LA SALLE'),(966,'2014-01-17 14:35:20','2014-01-17 14:35:20','40401819','AIDA NARANJO','311892585','',97,'CABEZA DE GRUPO JHON TORO','MZA 22 CS 37 B/ LA SALLE'),(967,'2014-01-17 14:36:26','2014-01-17 14:36:26','40396413','LUZ MILI TORO','3203622107','',70,'CABEZA DE GRUPO JHON TORO','PRESIDENTE J.A.C BARRIO LA SALLE'),(968,'2014-01-17 14:39:08','2014-01-17 14:39:08','21243201','MIRIAN TURRIAGO','3130669680','',70,'CABEZA DE GRUPO JHON TORO','JUNTA ACCION COMUNA B/ LA SALLE'),(969,'2014-01-17 14:40:11','2014-01-17 14:40:11','1121891872','MARCELA VALENCIA','3212807060','',97,'CABEZA DE GRUPO JHON TORO','CRA 37B 39B -27 B/ J.A.C LA SALLE'),(970,'2014-01-17 14:42:27','2014-01-17 14:42:27','86082854','JOSE DIEGO LIZCANO','3118626888','',97,'CABEZA DE GRUPO JHON TORO','MZA 22 CS 20 B/ COLINAS'),(971,'2014-01-17 14:43:52','2014-01-17 14:43:52','40331535','BLANCA SUAREZ','3204716873','',70,'CABEZA DE GRUPO JHON TORO','MZN 22 CS 57 B/ COLINAS'),(972,'2014-01-17 14:45:08','2014-01-17 14:45:08','40439873','ANA SILVIA DIAZ CRUZ','3214420783','',97,'CABEZA DE GRUPO JHON TORO','MZA 22 CS 5 B/ COLINAS'),(973,'2014-01-17 14:46:08','2014-01-17 14:46:08','40189279','GLORIS WALTEROS','3124676663','',97,'CABEZA DE GRUPO JHON TORO','MZA 22 CS 5 B/ COLINAS'),(974,'2014-01-17 14:47:23','2014-01-17 14:47:23','40399788','MARY LUZ BARRERA','3107984644','',97,'CABEZA DE GRUPO JHON TORO','CALL 39S 37-21 B/ LA SALLE PARTE ALTA'),(975,'2014-01-17 14:48:24','2014-01-17 14:48:24','17325870','OTTO WILSON LIZCANO TRIANA','3125856351','',97,'CABEZA DE GRUPO JHON TORO','CALL 39 39B-09B B/ LA SALLE PARTE ALTA'),(976,'2014-01-17 15:01:28','2014-01-17 15:01:28','30054008','ANA BLANCA CASTAÑO','3204895359','',98,'CABEZA DE GRUPO JHON TORO','CALL 21 36-61 B/ SAN BENITO'),(977,'2014-01-17 15:03:18','2014-01-17 15:03:18','1024525102','YEISON CAÑON','3132285439','',98,'CABEZA DE GRUPO JHON TORO','CRA 38 21-19 B/ SAN BENITO'),(978,'2014-01-17 15:09:45','2014-01-17 15:09:45','13249003','EDWIN FRANCISCO HUERTAS','3205527095','',98,'CABEZA DE GRUPO JHON TORO','CRA 38 21B B/ SAN BENITO'),(979,'2014-01-17 15:09:55','2014-01-17 15:09:55','21182445','DORIS DAZA CHALA','3132606933','',99,'','CRA 24 Nº 41-10B EMPORIO'),(980,'2014-01-17 15:10:55','2014-01-17 15:10:55','1121926600','JENNI MARCELA TEJEIRO','3102858687','',98,'CABEZA DE GRUPO JHON TORO','CRA 28 27-25 B/ SAN MARCOS'),(981,'2014-01-17 15:11:58','2014-01-17 15:11:58','28713139','MERCEDES REPIZO','3124661338','',98,'CABEZA DE GRUPO JHON TORO','CRA 28 27-27 B/ SAN MARCOS'),(982,'2014-01-17 15:18:10','2014-01-17 15:18:10','40396791','MARIA DEL PILAR RICO','3118010833','',99,'YADISLENY CARDONA COLABORADORA','CRA 41A Nº15 EL ROSAL'),(983,'2014-01-17 15:20:36','2014-01-17 15:24:46','40380817','MARINA NAVARRETE','3204517702','',100,'CABEZA DE GRUPO JHON TORO','CALL 51A SUR 45-25'),(984,'2014-01-17 15:23:51','2014-01-17 15:23:51','21189571','ANA PAULINA NEIRA','3138349098','',99,'YADISLENY CARDONA COLABORADORA','CLL 40 Nº 24A-32 EMPORIO'),(985,'2014-01-17 15:25:08','2014-01-17 15:25:34','40395259','FLOR MARIA DIAZ GONZALEZ','3132848699','',99,'YADISLENY CARDONA - COLABORADORA','CLL 34 No 16A-67 CEIBA'),(986,'2014-01-17 15:26:12','2014-01-17 15:26:12','35260091','MARIA SOLEDAD','3144395755','',100,'CABEZA DE GRUPO JHON TORO','CAL 55 SUR 45-28 B/ PORFIA'),(987,'2014-01-17 15:29:35','2014-01-17 15:29:35','40376854','JAIDIT PLAZAS BRAVO','3132461724','',99,'YADISLENY CARDONA COLABORADORA','CRA 50 Nº 42-35'),(988,'2014-01-17 15:30:36','2014-01-17 15:30:36','40333220','JOANNA LORENA MORENO','3126286943','',100,'CABEZA DEL GRUPO JHON TORO','MZN H CS 16 B/ CHARRASCAL '),(989,'2014-01-17 15:30:56','2014-01-17 15:30:56','40398182','AMELIESE MIGDONIA RODRIGUEZ PEÑUELA','3103424243','',99,'YADISLENY CARDONA COLABORADORA','CLL 43 No 45A-58B'),(990,'2014-01-17 15:32:26','2014-01-17 15:32:26','40075802','MARIA PARRA','3138643679','',100,'CABEZA DEL GRUPO JHON TORO','MZN H 2 CS 2 B/ CHARRASCAL'),(991,'2014-01-17 15:34:53','2014-01-17 15:34:53','40217715','LUZ RAMIREZ RAYO','3202492110','',99,'YADISLENY CARDONA COLABORADORA','CRA 41A Nº 103 CASA 16 EL ROSAL'),(992,'2014-01-17 15:35:05','2014-01-17 15:35:05','21183258','MARLENY ROMERO','3115720121','',100,'CABEZA DEL GRUPO JHON TORO','CRA 32 52-16 B/ PORFIA'),(993,'2014-01-17 15:36:21','2014-01-17 15:36:21','31036708','CLEOTILDE DEVIA NIÑO','3123120691','',99,'YADISLENY CARDONA COLABORADORA','CLL 45 Nº35C-4B'),(994,'2014-01-17 15:40:04','2014-01-17 15:40:04','40186284','FRANCI HELENA CARDENAS','3133250547','',100,'CABEZA DEL GRUPO JHON TORO','MZN J CS 24 B/ CHARRASCAL'),(995,'2014-01-17 15:40:25','2014-01-17 15:40:25','21229962','BLANCA LIGIA TELLEZ','3142669223','',99,'YADISLENY CARDONA COLABORADORA','CRA 50 Nº 42-27'),(996,'2014-01-17 15:41:00','2014-01-17 15:41:00','86070337','JAIRO ENRIQUE LIZCANO','3208168757','',100,'CABEZA DEL GRUPO JHON TORO','CALL 22 SUR 49-23 B/ PLAYA RICA '),(997,'2014-01-17 15:41:33','2014-01-17 15:42:17','17495365','NELSON MEJIA MONTALVO','3102684830','',99,'YADISLENY CARDONA COLABORADORA','CLL 41 No 27-18'),(998,'2014-01-17 15:42:59','2014-01-17 15:42:59','1121827843','NINI JHOANNA QUIROGA','3125800213','',100,'CABEZA DEL GRUPO JHON TORO','SUPER MZN 3 MZN E CS 13 B/ GUATAPE'),(999,'2014-01-17 15:43:32','2014-01-17 15:43:32','30081328','YUBELLY TORES CIFUENTES','3208569273','',99,'YADISLENY CARDONA COLABORADORA','CRA 24 No 40-39'),(1000,'2014-01-17 15:50:14','2014-01-17 15:50:14','86076121','YEIMY LOAIZA ','3125008955','',99,'YADISLENY CARDONA COLABORADORA - COMUNIDAD LGTB COMPROMISO ESPECIAL APROBADO POR LA DRA. LUCY','CRA 41A CASA No10 EL ROSAL'),(1001,'2014-01-17 15:53:47','2014-01-17 15:53:47','40327282','CARMEN YENIFER LIZCANO','3134669100','',101,'CABEZA DEL GRUPO JHON TORO','CALL 44 19D -32 B/ VILLA SUAREZ'),(1002,'2014-01-17 15:54:24','2014-01-17 15:54:24','51556032','GLADIS CARRANZA MEDINA','3143756096','',101,'CABEZA DEL GRUPO JHON TORO','CALL 13 43-81 B/ SAN ANTONIO'),(1003,'2014-01-17 17:03:08','2014-01-17 17:03:08','40374367','MARTHA PATRICIA MICAN','3208972979','',87,'','CALL 41 26-22 B/ EMPORIO'),(1004,'2014-01-17 17:04:00','2014-01-17 17:04:00','17328603','EDGAR ALFONSO TOMAYO','3202171133','',87,'','NUEVA COLOMBIA'),(1005,'2014-01-17 17:05:28','2014-01-17 17:05:28','17311180','JOSE GUTIERREZ','3143370012','',87,'','CALL 39A 17-66 B/ SANTA ELENA'),(1006,'2014-01-17 17:06:42','2014-01-17 17:10:11','40383605','NUBIA MARADONA CRUZ','3107742085','',87,'','CALL 39A 17-66 B/ SANTA ELENA'),(1007,'2014-01-17 17:08:34','2014-01-17 17:08:34','40189677','PATRICIA BELTRAN LAMPRA','3208839498','',87,'','CALL 39S 37-21 B/ LA SALLE PARTE ALTA'),(1009,'2014-01-17 17:18:32','2014-01-17 17:18:32','40381248','DIANA ORTIZ','3134781462','',103,'','CLL 37 CASA Nº21B-25'),(1010,'2014-01-17 21:18:30','2014-01-17 21:18:30','17290757','LUIS MONTAÑEZ','3115889598','',104,'','SECTOR 1 LA LOMA NOHORA'),(1011,'2014-01-17 21:21:13','2014-01-18 18:05:13','1121848106','YANID ASTRID DIAZ','3202084599','',104,'','SECTOR 1 LA LOMA NOHORA'),(1012,'2014-01-17 21:29:22','2014-01-17 21:29:22','1006776691','MALLERLI ARDILA TORO','3107758333','',104,'','SECTOR 1 LA LOMA NOHORA'),(1013,'2014-01-17 21:37:37','2014-01-17 21:37:37','21239566','LUCY ARMINDA ROJAS','3138510612','',103,'','SANTA INES'),(1014,'2014-01-17 21:55:57','2014-01-17 21:55:57','21221265','MARIELA CASTELLANOS UMAÑA','3168418224','',103,'','CRA 21 Nº 17C-14'),(1015,'2014-01-17 22:05:09','2014-01-17 22:05:09','1121890086','LEONARDO CAICEDO','3103326317','',106,'','CLL 17 A Nº 34-15'),(1016,'2014-01-17 22:06:20','2014-01-17 22:06:20','40401364','JAZMIN DIAZ','3143885450','',106,'','CRA 47D No RB-12 I E. LA ESPERANZA'),(1017,'2014-01-17 22:10:02','2014-01-17 22:10:02','40371439','AIDE ARCE  ','','',106,'','MZ CASA No 16 CASA 20'),(1018,'2014-01-17 22:11:26','2014-01-17 22:11:26','1121904608','KAREN AYALA','3142295534','',106,'','CLL7 No 45-52 '),(1019,'2014-01-17 22:13:56','2014-01-17 22:13:56','17345814','CARLOS OLAYA','3142295534','',106,'','CLL 7 No 45-52'),(1020,'2014-01-17 22:15:45','2014-01-17 22:15:45','1121888105','XIMENA TRUJILLO','3108074448','',106,'','CLL 26 Nº36-49'),(1021,'2014-01-17 22:17:21','2014-01-17 22:17:21','1121924989','LUIS DAVID DIAZ','3183425471','',106,'','CLL 36 Nº34-06'),(1022,'2014-01-17 22:18:49','2014-01-17 22:18:49','1121872780','JENNIFER AVENDAÑO','3133463451','',106,'','CLL 5 A Nº 29-58 COMUNEROS'),(1023,'2014-01-17 22:20:06','2014-01-17 22:20:06','40378727','LIGIA BASTELLEROS ','3133527166','',106,'','CLL 7 Nº 45-44'),(1024,'2014-01-17 22:21:19','2014-01-17 22:21:19','17335699','JAVIER CAICEDO','3132665595','',106,'','CLL 7 Nº 45-36'),(1025,'2014-01-17 22:25:28','2014-01-17 22:25:28','17319996','RUBEN DARIO MORA','3118627491','',106,'','CLL 3118627491'),(1026,'2014-01-17 22:32:32','2014-01-17 22:32:32','173366159','LUIS ENRIQUE ALZATE','3133124347','',106,'','CLL 10C Nº 43-15'),(1027,'2014-01-17 22:33:32','2014-01-17 22:33:32','14230845','LUIS VIVIESCAS','3142454856','',106,'','CLL 10 C No 42A-43'),(1028,'2014-01-17 22:34:52','2014-01-17 22:34:52','1121909661','ANDREA DEL PILAR CASTRO','3133582122','',106,'','MZ Y CASA No 15 VALLES DE ARAGON'),(1029,'2014-01-17 22:39:52','2014-01-17 22:39:52','54252766','GRACIELA ROBLEDOS','3105764760','',106,'','C.R MARCELLA  CASA No 13'),(1030,'2014-01-17 23:01:22','2014-01-17 23:01:22','40385792','YULENA REY','3134620137','',24,'','R2 Nº16 CHARRASCAL'),(1031,'2014-01-17 23:06:51','2014-01-17 23:06:51','40413821','OTILIA NIETO','3124655163','',24,'','MZ A2 CASA No 3 CHARRASCAL'),(1032,'2014-01-18 14:10:12','2014-01-18 14:10:12','17349088','JOSE FABIO ACOSTA','3115725761','',107,'','CLL 7 C Nº 33A BIS-02'),(1033,'2014-01-18 14:11:03','2014-01-18 14:14:56','40376157','GLORIA PATRICIA OTALVARO','3158102079','',107,'LIDER TRABAJA EN LA COMUNA 4','CLL 39 Nº 15-19'),(1034,'2014-01-18 14:13:54','2014-01-18 14:13:54','86080454','FABIAN ANDRES PARRADO','3212436662','',107,'','CLL 11B Nº 42A-24'),(1035,'2014-01-18 14:16:04','2014-01-18 14:16:04','40368399','NAYIBE SUPELANO MORA','3104459353','',107,'','CRA 33 Nº 7D -72'),(1036,'2014-01-18 14:17:18','2014-01-18 14:17:18','1121896977','EDUARD JAVIER JIMENEZ','311385679','',107,'','CRA 34 Nº 147-25'),(1037,'2014-01-18 14:18:44','2014-01-18 14:18:44','40216609','NELLY ALIZANDRA ARIZALA PINEDA','3123111499','',107,'',''),(1038,'2014-01-18 14:19:38','2014-01-18 14:19:38','40370490','VIRGELINA PINEDA ','3124055782','',107,'',''),(1039,'2014-01-18 14:20:48','2014-01-18 14:20:48','34511853','DENIIS LUCUMI SANCHEZ','3112119587','',107,'','DIAG. 5A Nº 18A-69'),(1040,'2014-01-18 14:29:43','2014-01-18 14:29:43','34509778','LUZ EDILMA ZAPATA','3213947769','',107,'','DIAG. 5C Nº 4E-16'),(1041,'2014-01-18 14:37:07','2014-01-18 14:37:07','40384301','CARMEN ROCIO GONZALEZ','3153456430','',107,'','CLL 4F Nº 5B-13'),(1042,'2014-01-18 14:39:23','2014-01-18 14:39:23','1123085397','JOHANA MARLY ACEVEDO','3143252711','',107,'','CLL 58 SUR Nº 45-89'),(1043,'2014-01-18 14:40:15','2014-01-18 14:40:15','17333095','RICARDO RAMIREZ OTALVARO','3144360036','',107,'','CRA 24 Nº 23A-04'),(1044,'2014-01-18 14:42:49','2014-01-18 14:42:49','1121873573','DIANA MILENA SUAREZ ','3214518033','',107,'','CLLE 4 Nº 20A-41'),(1045,'2014-01-18 14:43:46','2014-01-18 14:43:46','1121924420','LAURA DANIELA GONZALEZ','3144851893','',107,'','CLL 3A Nº 30A-03'),(1046,'2014-01-18 14:44:41','2014-01-18 14:44:41','40390918','ANAYIBER PERILLA GUTIERREZ','3114796859','',107,'','CRA 33A º 16-26'),(1047,'2014-01-18 15:05:37','2014-01-18 15:05:37','31423724','SANDRA JORDAN','3213481747','',107,'','CLL 36 Nº 25-65'),(1048,'2014-01-18 17:04:41','2014-01-18 17:04:41','20855372 ','CLARA CRISTINA MARTINEZ ','3145333456','',74,'','CL. 52 #32-34 B. GALAN '),(1049,'2014-01-18 17:06:36','2014-01-18 17:06:36','40374161 ','ERIKA LEON SANABRIA ','3138455761','',74,'','CRA 51 #42-23 B. 12 DE OCTUBRE '),(1050,'2014-01-18 17:08:24','2014-01-18 17:08:24','40393872 ','FANNY NOHELIA CARRILLO MONTENEGRO ','3138030575','',74,'','CRA 29 #44-105 B. LA GRAMA '),(1051,'2014-01-18 17:09:26','2014-01-18 17:09:26','40376982 ','GLORIA STELLA FISGATIVA CASTELLANOS ','3123638315','',74,'','CL 44 #53-45 APTO 102 B.12 DE OCT. '),(1052,'2014-01-18 17:13:41','2014-01-18 17:13:41','17305801 ','JORGE ENRIQUE SABOGAL RIOS ','3124472898','',74,'','CL 44 CRA 52 CS 4206 B. 12 DE OCTUBRE '),(1053,'2014-01-18 17:15:13','2014-01-18 17:15:13','28797497 ','MARIA MERCEDES TELLEZ SAAVEDRA ','3143632661','',74,'','CALLE 46 #19-10 B. LA GRAMA '),(1054,'2014-01-18 17:17:26','2014-01-18 17:17:26','1121871834','DIANA KATHERINE TRUJILLO MARTINEZ ','3214781081','',74,'','CRA 56 #35-20 B. 12 DE OCTUBRE '),(1055,'2014-01-18 17:43:30','2014-01-18 17:43:30','19394560','LUIS ENRIQUE RODRIGUEZ','3118667987','',108,'','CRA 47 43-29 12 DE OCTUBRE'),(1056,'2014-01-18 18:02:17','2014-01-18 18:02:17','52530456','CLAUDIA WILCHES','3143150358','',108,'','CRA 52 #42- 47 B. 12 DE OCTUBRE'),(1057,'2014-01-18 18:19:52','2014-01-18 18:19:52','40390742','MARIA FANNY PORTILLA','3103309146','',74,'','CLLE 46 BIS 52-95 CHAPINERITO ALTO');
/*!40000 ALTER TABLE `personas_lider` ENABLE KEYS */;
UNLOCK TABLES;

--
-- Table structure for table `personas_puesto`
--

DROP TABLE IF EXISTS `personas_puesto`;
/*!40101 SET @saved_cs_client     = @@character_set_client */;
/*!40101 SET character_set_client = utf8 */;
CREATE TABLE `personas_puesto` (
  `id` int(11) NOT NULL AUTO_INCREMENT,
  `creado` datetime NOT NULL,
  `actualizado` datetime NOT NULL,
  `ciudad_id` int(11) NOT NULL,
  `nombre` varchar(100) NOT NULL,
  `direccion` varchar(100) NOT NULL,
  `mesas` int(11) NOT NULL,
  PRIMARY KEY (`id`),
  KEY `personas_puesto_67a22d87` (`ciudad_id`),
  CONSTRAINT `ciudad_id_refs_id_d42b258d` FOREIGN KEY (`ciudad_id`) REFERENCES `personas_ciudad` (`id`)
) ENGINE=InnoDB AUTO_INCREMENT=235 DEFAULT CHARSET=latin1;
/*!40101 SET character_set_client = @saved_cs_client */;

--
-- Dumping data for table `personas_puesto`
--

LOCK TABLES `personas_puesto` WRITE;
/*!40000 ALTER TABLE `personas_puesto` DISABLE KEYS */;
INSERT INTO `personas_puesto` VALUES (1,'2014-01-11 03:44:13','0000-00-00 00:00:00',1,'BUENAVISTA','BUENAVISTA',3),(2,'2014-01-11 03:44:13','0000-00-00 00:00:00',1,'UNIDAD BASICA COL. SAN JOSE','CL 38 # 40',10),(3,'2014-01-11 03:44:13','0000-00-00 00:00:00',1,'TERMINAL DE TRANSPORTES','CARA 1 # 15-05 ANILLO VIAL',1),(4,'2014-01-11 03:44:13','0000-00-00 00:00:00',1,'COL. GILBERTO ALZATE AVENDAÑO','KR 30A CON CL 5A',17),(5,'2014-01-11 03:44:13','0000-00-00 00:00:00',1,'VANGUARDIA','VANGUARDIA',7),(6,'2014-01-11 03:44:13','0000-00-00 00:00:00',1,'COLEGIO SANTA INES','CL 37 A # 24-04 BR.STA INES',10),(7,'2014-01-11 03:44:13','0000-00-00 00:00:00',1,'ESC. MARCO ANTONIO PINILLA','VIA CATAMA KM 8 BR.MARCO ANTON',11),(8,'2014-01-11 03:44:13','0000-00-00 00:00:00',1,'COLEGIO CATUMARE','KR 46 CON CL 18 SUR',19),(9,'2014-01-11 03:44:13','0000-00-00 00:00:00',1,'CARCEL','TRANSVERSAL 26C # 22A-14 BR.',2),(10,'2014-01-11 03:44:13','0000-00-00 00:00:00',1,'ESCUELA FRANCISCO MIRANDA','CL 35 # 29-09',21),(11,'2014-01-11 03:44:13','0000-00-00 00:00:00',1,'ESC. ISAAC TACHA LA RELIQUIA','KM 8 VIA CATAMA',19),(12,'2014-01-11 03:44:13','0000-00-00 00:00:00',1,'COL. DPTAL LA ESPERANZA','KR 45 # 13B-25',24),(13,'2014-01-11 03:44:13','0000-00-00 00:00:00',1,'PUERTO COLOMBIA','PUERTO COLOMBIA',1),(14,'2014-01-11 03:44:13','0000-00-00 00:00:00',1,'ESCUELA ANTONIO RICAURTE','KR 24 C # 26C-09 BR. 20DE JULI',16),(15,'2014-01-11 03:44:13','0000-00-00 00:00:00',1,'ESCUELA NARCISO MATUS TORRES','CL 12 # 18B-21',24),(16,'2014-01-11 03:44:13','0000-00-00 00:00:00',1,'ESCUELA LA ROCHELA','CL 20 SUR # 44-15 BR.ROCHELA',25),(17,'2014-01-11 03:44:13','0000-00-00 00:00:00',1,'COLEGIO LA SALLE','CL 39 # 34-56 BR.CTRO',26),(18,'2014-01-11 03:44:13','0000-00-00 00:00:00',1,'ESC. ATANASIO GIRARDOT','CL 40A # 17-28 E BR.COVISAN',8),(19,'2014-01-11 03:44:13','0000-00-00 00:00:00',1,'COL. MIGUEL ANGEL MARTIN','KR 25 # 15-60 BR.NUEVO RICAURT',14),(20,'2014-01-11 03:44:13','0000-00-00 00:00:00',1,'MEGACOLEGIO PORFIA-PINARES D O','CL 67 SUR KR 47 BR.PORFIA',1),(21,'2014-01-11 03:44:13','0000-00-00 00:00:00',1,'SANTA MARIA LA BAJA','SANTA MARIA LA BAJA',1),(22,'2014-01-11 03:44:13','0000-00-00 00:00:00',1,'I.E. SIETE DE AGOSTO','CL L 7 # 38-57 B. SIETE DE A',16),(23,'2014-01-11 03:44:13','0000-00-00 00:00:00',1,'COL. EDUARDO CARRANZA','CL 25 # 12A-175 BR.POPULA',18),(24,'2014-01-11 03:44:13','0000-00-00 00:00:00',1,'ESCUELA LOS CENTAUROS','KR 27 Y 28 CL 9 LA ROSITA',3),(25,'2014-01-11 03:44:13','0000-00-00 00:00:00',1,'APIAY','APIAY',6),(26,'2014-01-11 03:44:13','0000-00-00 00:00:00',1,'ESCUELA POLICARPA SALAVARRIET','CL 25 # 42-22 BR.LA GRAM',14),(27,'2014-01-11 03:44:13','0000-00-00 00:00:00',1,'COL. NARCISO MATUS TORRES','KR 14 # 40B-02 BR.BASTILLA',25),(28,'2014-01-11 03:44:13','0000-00-00 00:00:00',1,'COL. ANTONY PHIIPPS','KR 37 CL 22A BIS',18),(29,'2014-01-11 03:44:13','0000-00-00 00:00:00',1,'COLEGIO JUAN B. CABALLERO M.','KM 1 NUEVA VIA BOGOTA',9),(30,'2014-01-11 03:44:13','0000-00-00 00:00:00',1,'PIPIRAL','PIPIRAL',1),(31,'2014-01-11 03:44:13','0000-00-00 00:00:00',1,'POLID. VILLAFLOREZ - AZOTEA','POLIDEPORTIVO LA AZOTEA',3),(32,'2014-01-11 03:44:13','0000-00-00 00:00:00',1,'COL. ALBERTO LLERAS CAMARGO','CL 5A # 10A-21 BR.ESTERO',19),(33,'2014-01-11 03:44:13','0000-00-00 00:00:00',1,'COL. SAN FRANCISCO DE ASIS','CL 11 # 25-15 BR.COOPERATIVO',9),(34,'2014-01-11 03:44:13','0000-00-00 00:00:00',1,'SANTA TERESA','SANTA TERESA',1),(35,'2014-01-11 03:44:13','0000-00-00 00:00:00',1,'INST. EDUCATIVO 12 DE OCTUBR','CL 46 # 50 BR.SANTA JOSEFA',20),(36,'2014-01-11 03:44:13','0000-00-00 00:00:00',1,'COLEGIO COFREM','AV.CIRCUNVALAR19-55 VIA CATAMA',1),(37,'2014-01-11 03:44:13','0000-00-00 00:00:00',1,'ESCUELA LAS GAVIOTAS','CL 23 SUR #10- 76 BR.LAS GAVIO',15),(38,'2014-01-11 03:44:13','0000-00-00 00:00:00',1,'UNIDAD EDUCATIVA PLAYA RICA','KR 54 # 21A-09',8),(39,'2014-01-11 03:44:13','0000-00-00 00:00:00',1,'LA CONCEPCION','INST. EDUCT. LA CONCEPCION',5),(40,'2014-01-11 03:44:13','0000-00-00 00:00:00',1,'COL NTRA SRA DE LA SABIDURIA','CL 40 # 31-42 CTRO',15),(41,'2014-01-11 03:44:13','0000-00-00 00:00:00',1,'MEGACOLEGIO LA RELIQUIA','BR. LA RELIQUIA',1),(42,'2014-01-11 03:44:13','0000-00-00 00:00:00',1,'COL. GERMAN ARCINIEGAS','KR 47B # 7B-20',18),(43,'2014-01-11 03:44:13','0000-00-00 00:00:00',1,'RINCON DE POMPEYA','RINCON DE POMPEYA',4),(44,'2014-01-11 03:44:13','0000-00-00 00:00:00',1,'HOGAR INFANTIL 20 DE JULIO','CL 27 # 22C-39 BR.20 DE JULIO',14),(45,'2014-01-11 03:44:13','0000-00-00 00:00:00',1,'ESCUELA SAN CARLOS','MZ B CASA 1 BR.SAN CARLOS',13),(46,'2014-01-11 03:44:13','0000-00-00 00:00:00',1,'ESC. LAS PALMAS-CIUDAD PORFIA','MZ. 35 LOTE 15 Y 16 SECTOR LAS',24),(47,'2014-01-11 03:44:13','0000-00-00 00:00:00',1,'UNIVERSIDAD DE LOS LLANOS','CL 37 # 41-02 SEDE SAN A',25),(48,'2014-01-11 03:44:13','0000-00-00 00:00:00',1,'COL. JORGE ELIECER GAITAN','CL 36A # 17-0 O BR.MORICHAL',24),(49,'2014-01-11 03:44:13','0000-00-00 00:00:00',1,'I.E. LA ALBORADA','KR 25 CL 48 BR.ALBORADA',18),(50,'2014-01-11 03:44:13','0000-00-00 00:00:00',1,'COL DE BACHILLERATO FEMENINO','KR 33 # 18 A-43',33),(51,'2014-01-11 03:44:13','0000-00-00 00:00:00',1,'ALTO DE POMPEYA','ALTO DE POMPEYA',4),(52,'2014-01-11 03:44:13','0000-00-00 00:00:00',1,'COLEGIO DON BOSCO','BR. EL BUQUE SECTOR BUGANIBLES',21),(53,'2014-01-11 03:44:13','0000-00-00 00:00:00',1,'ESCUELA LAS CAMELIAS','CL 19 # 8-62 BR.CAMELIAS',16),(54,'2014-01-11 03:44:13','0000-00-00 00:00:00',1,'MULTIFAMILIARES CENTAUROS','CL 4 SUR # 35-94',1),(55,'2014-01-11 03:44:13','0000-00-00 00:00:00',1,'SANTA ROSA DE RIONEGRO','SANTA ROSA DE RIONEGRO',2),(56,'2014-01-11 03:44:13','0000-00-00 00:00:00',1,'COLEGIO ANTONIO NARIÑO','CL L 45 # 39-40 B. ESMERALD',17),(57,'2014-01-11 03:44:13','0000-00-00 00:00:00',1,'UNIDAD BASICA 6 DE ABRIL','CL 32 CON KR 6',1),(58,'2014-01-11 03:44:13','0000-00-00 00:00:00',1,'COL. ABRAHAN LINCOLN','CL 25 # 23-150',25),(59,'2014-01-11 03:44:13','0000-00-00 00:00:00',1,'COL. LUIS CARLOS GALAN SARMIEN','KR 40 # 51-10 SUR',27),(60,'2014-01-11 03:44:13','0000-00-00 00:00:00',1,'SERVITA','SERVITA',1),(61,'2014-01-11 03:44:13','0000-00-00 00:00:00',1,'COL. FRANCISCO ARANGO','CL 33 B # 39-55',17),(62,'2014-01-11 03:44:13','0000-00-00 00:00:00',1,'COL. MANUELA BELTRAN','CL 25 # 6-115 BR.POPULAR',29),(63,'2014-01-11 03:44:13','0000-00-00 00:00:00',1,'ESC. JHON F. KENNEDY','KR 46 # 11- 28 2A ETP ESPERANZ',15),(64,'2014-01-11 03:44:13','0000-00-00 00:00:00',1,'COCUY','COCUY',3),(65,'2014-01-11 03:44:13','0000-00-00 00:00:00',1,'COLEGIO GENERAL SANTANDER','TRANSVERSAL 25 # 39D-46',15),(66,'2014-01-11 03:44:13','0000-00-00 00:00:00',1,'ESCUELA LA CEIBA','CL 30 KR 15 EQ',32),(67,'2014-01-11 03:44:13','0000-00-00 00:00:00',1,'ESC. NVA ARNULFO BRICEÑO','CIUDADELA SAN ANTONIO',7),(68,'2014-01-11 03:44:13','0000-00-00 00:00:00',1,'BEMPOSTA','FRENTE AL BR.LA NORA VIA ACACI',6),(69,'2014-01-11 03:44:13','0000-00-00 00:00:00',2,'VILLA OLIMPICA CRISTOBAL CASTI','CL 18 CON KR 13 ESQUINA',10),(70,'2014-01-11 03:44:13','0000-00-00 00:00:00',2,'COLISEO ANTIGUA NORMAL','CL 14 # 21-32 B. COOPERATIVO',10),(71,'2014-01-11 03:44:13','0000-00-00 00:00:00',2,'COL. MPAL LUIS CARLOS GALAN S','KR 12 NUM 13-44 B. JUAN MELLAO',17),(72,'2014-01-11 03:44:13','0000-00-00 00:00:00',2,'SAN JOSE DE LAS PALOMAS','ESC. SAN JOSE DE LAS PALOMAS',1),(73,'2014-01-11 03:44:13','0000-00-00 00:00:00',2,'COLEGIO COFREM','CL 11 # 24-44 B. EL DORADO',2),(74,'2014-01-11 03:44:13','0000-00-00 00:00:00',2,'CON. ESCOLAR GABRIELA MISTRAL','CL 13 NUM 14-55 B.CENTRO',13),(75,'2014-01-11 03:44:13','0000-00-00 00:00:00',2,'SAN CRISTOBAL','ESC. RURAL',1),(76,'2014-01-11 03:44:13','0000-00-00 00:00:00',2,'INST. EDUC. 20 DE JULIO','CL 11 NUM 36B-11 B. INDEPENDEN',16),(77,'2014-01-11 03:44:13','0000-00-00 00:00:00',2,'LA LOMA DE SAN JUAN','ESC. RURAL',1),(78,'2014-01-11 03:44:13','0000-00-00 00:00:00',2,'CONCENTRACION RAFAEL POMBO','CL 23 KR 24 Y 25 B. LA TIZA',1),(79,'2014-01-11 03:44:13','0000-00-00 00:00:00',2,'CARCEL','KM. 4 VIA VILLAVICENCIO',1),(80,'2014-01-11 03:44:13','0000-00-00 00:00:00',2,'I.E. MARIA MONTESORI','KR 17A # 9-49 B. CIUDAD JARDÍN',10),(81,'2014-01-11 03:44:13','0000-00-00 00:00:00',2,'ESCUELA NORMAL SUPERIOR','AV. 23 # 41-50 V. COLA DE PATO',1),(82,'2014-01-11 03:44:13','0000-00-00 00:00:00',2,'I.E. ENRIQUE DANIELS','CL 16 # 18-34 B. SAN CRISTOBAL',11),(83,'2014-01-11 03:44:13','0000-00-00 00:00:00',2,'SAN ISIDRO DE CHICHIMENE','INS.EDUC. SAN ISIDRO DE CHICHI',3),(84,'2014-01-11 03:44:13','0000-00-00 00:00:00',2,'I.E. LILIA CASTRO','CL 14 KR 44 Y 45 B. COLINA',11),(85,'2014-01-11 03:44:13','0000-00-00 00:00:00',2,'MANZANARES','ESC. RURAL',1),(86,'2014-01-11 03:44:13','0000-00-00 00:00:00',2,'I.E JUAN HUMBERTO BAQUERO','CL 16A KR 29 ESQUINA B.EL BOSQ',19),(87,'2014-01-11 03:44:13','0000-00-00 00:00:00',2,'DINAMARCA','INS.EDUC. INSPECCION DINAMARCA',4),(88,'2014-01-11 03:44:13','0000-00-00 00:00:00',3,'EL HIJOA','ESC. RURAL',1),(89,'2014-01-11 03:44:13','0000-00-00 00:00:00',3,'GUAICARAMO','ESC. RURAL',1),(90,'2014-01-11 03:44:13','0000-00-00 00:00:00',3,'PUESTO CABECERA MUNICIPAL','I.E.. FRANCISCO WALTER',10),(91,'2014-01-11 03:44:13','0000-00-00 00:00:00',3,'SAN IGNACIO (CARUTAL)','ESC. RURAL',1),(92,'2014-01-11 03:44:13','0000-00-00 00:00:00',4,'LOS MANGOS','I.E.EL YARICO SD NAGUAYAS',2),(93,'2014-01-11 03:44:13','0000-00-00 00:00:00',4,'PUESTO CABECERA MUNICIPAL','KRA 5A, VIA GUAYABAL',9),(94,'2014-01-11 03:44:13','0000-00-00 00:00:00',4,'VISO DE UPIA','I.E.EL YARICO SEDE VISO DE UPI',2),(95,'2014-01-11 03:44:13','0000-00-00 00:00:00',4,'GUAYABAL','I.E.EL YARICO SD GUAYABAL',1),(96,'2014-01-11 03:44:13','0000-00-00 00:00:00',5,'PUESTO CABECERA MUNICIPAL','I.E.CASTILLA LA NUEVA KR 8 # 4',17),(97,'2014-01-11 03:44:13','0000-00-00 00:00:00',5,'EL TORO','I.E.CASTILLA LA NUEVA SEDE EL',1),(98,'2014-01-11 03:44:13','0000-00-00 00:00:00',5,'SAN LORENZO','I.E.CASTILLA LA NUEVA SEDE ANT',4),(99,'2014-01-11 03:44:13','0000-00-00 00:00:00',5,'ARENALES','I.E.CASTILLA LA NUEVA SEDE EL',2),(100,'2014-01-11 03:44:13','0000-00-00 00:00:00',6,'PUESTO CABECERA MUNICIPAL','CL 10 # 7 ESQUINA B. CENTRO',15),(101,'2014-01-11 03:44:13','0000-00-00 00:00:00',7,'MONTEBELLO','INSTITUCIÓN EDUCATIVA SAN ISID',1),(102,'2014-01-11 03:44:13','0000-00-00 00:00:00',7,'EL CAIBE','CENTRO EDUCATIVO RURAL JOSÉ MA',1),(103,'2014-01-11 03:44:13','0000-00-00 00:00:00',7,'PUESTO CABECERA MUNICIPAL','CR 20 8-40 COLEGIO GALAN',34),(104,'2014-01-11 03:44:13','0000-00-00 00:00:00',7,'SAN NICOLAS','CENTRO EDUC. JOSÉ MARÍA GUIOTH',1),(105,'2014-01-11 03:44:13','0000-00-00 00:00:00',7,'PRESENTADO','INSTITUCIÓN EDUCATIVA SAN ISID',1),(106,'2014-01-11 03:44:13','0000-00-00 00:00:00',7,'GUACAVIA','INST. EDUCATIVA INSTITUTO AGRI',2),(107,'2014-01-11 03:44:13','0000-00-00 00:00:00',7,'CANEY MEDIO','CENTRO EDUCATIVO RURAL JOSÉ MA',1),(108,'2014-01-11 03:44:13','0000-00-00 00:00:00',7,'VARSOVIA','CASETA COMUNAL',1),(109,'2014-01-11 03:44:13','0000-00-00 00:00:00',7,'PUERTO PECUCA (VERACRUZ)','INSTITUCIÓN EDUCATIVA SAN ISID',3),(110,'2014-01-11 03:44:13','0000-00-00 00:00:00',8,'SAN FRANCISCO','COL SIMON BOLIVAR',2),(111,'2014-01-11 03:44:13','0000-00-00 00:00:00',8,'PUESTO CABECERA MUNICIPAL','I.E. JUAN BAU',3),(112,'2014-01-11 03:44:13','0000-00-00 00:00:00',8,'SAN PEDRO','ESC. NUEVA SAN PEDRO',1),(113,'2014-01-11 03:44:13','0000-00-00 00:00:00',8,'MONTFORT','CTRO DE SALUD MONFORT',1),(114,'2014-01-11 03:44:13','0000-00-00 00:00:00',8,'SAN RAFAEL','ESC. SAN RAFAEL',1),(115,'2014-01-11 03:44:13','0000-00-00 00:00:00',9,'MIRAVALLES','ESC. MIRAV.ALLES',1),(116,'2014-01-11 03:44:13','0000-00-00 00:00:00',9,'PUESTO CABECERA MUNICIPAL','I.E. DEPARTAMENTAL OVID',11),(117,'2014-01-11 03:44:13','0000-00-00 00:00:00',9,'MEDELLIN DEL ARIARI','CASETA COMUNAL',4),(118,'2014-01-11 03:44:13','0000-00-00 00:00:00',10,'SANTA ROSA ALTA','INST. EDUCATIVA CDR EL DORADO',1),(119,'2014-01-11 03:44:13','0000-00-00 00:00:00',10,'PUEBLO SANCHEZ','INST. EDUCATIVA CDR EL DORADO',1),(120,'2014-01-11 03:44:13','0000-00-00 00:00:00',10,'SAN ISIDRO','INST. EDUCATIVA CDR EL DORADO',2),(121,'2014-01-11 03:44:13','0000-00-00 00:00:00',10,'PUESTO CABECERA MUNICIPAL','INST. EDUC. CDR EL DORADO CALL',6),(122,'2014-01-11 03:44:13','0000-00-00 00:00:00',11,'PUERTO SANTANDER','I.E. PUERTO SANTANDR',2),(123,'2014-01-11 03:44:13','0000-00-00 00:00:00',11,'PUERTO ALJURE','CASETA COMUNAL',1),(124,'2014-01-11 03:44:13','0000-00-00 00:00:00',11,'PUESTO CABECERA MUNICIPAL','KR 14 13-17 I.E. SAN ANTONIO S',21),(125,'2014-01-11 03:44:13','0000-00-00 00:00:00',11,'LA COOPERATIVA','UNID EDUC LA COOPERATIVA',2),(126,'2014-01-11 03:44:13','0000-00-00 00:00:00',11,'PUERTO LIMON','UNID EDUC SAN JUAN BOSCO',2),(127,'2014-01-11 03:44:13','0000-00-00 00:00:00',11,'UNION DEL ARIARI (CAÑO BLANCO','I.E. UNION DEL ARIARI',2),(128,'2014-01-11 03:44:13','0000-00-00 00:00:00',12,'CARCEL','KR 14 # 14-25 B. EL CENTRO',1),(129,'2014-01-11 03:44:13','0000-00-00 00:00:00',12,'ESC. VALENTIN GARCIA','KR 13 CL 15 ESQUINA',25),(130,'2014-01-11 03:44:13','0000-00-00 00:00:00',12,'I.E. LUIS CARLOS GALAN SARMIE','KR 9 # 32-0 BR. PORVENIR',12),(131,'2014-01-11 03:44:13','0000-00-00 00:00:00',12,'PUERTO CALDAS','INST. ESCOLAR FRANCISCO. JOSE',4),(132,'2014-01-11 03:44:13','0000-00-00 00:00:00',12,'ESC. PRIMERO DE JUNIO','KR 15 CL 20 ESQUINA',12),(133,'2014-01-11 03:44:13','0000-00-00 00:00:00',12,'DOS QUEBRADAS','I.E TECNICO INSDUSTRIAL DOS QU',2),(134,'2014-01-11 03:44:13','0000-00-00 00:00:00',12,'HOGAR AG. VILLAS DE GRANADA','KR 4 CON CALE 11 POLIDEPORTIVO',1),(135,'2014-01-11 03:44:13','0000-00-00 00:00:00',12,'AGUAS CLARAS','I.E. JOSE ANTONIO GALAN',4),(136,'2014-01-11 03:44:13','0000-00-00 00:00:00',12,'ESCUELA CLUB DE LEONES','KR 14 BIS CL 7 ESQUINA',10),(137,'2014-01-11 03:44:13','0000-00-00 00:00:00',12,'COLEGIO CAMILO TORRES','CL 15 # 9-35',10),(138,'2014-01-11 03:44:13','0000-00-00 00:00:00',12,'ESC. ALFONSO MONTOYA PAVA','CL 24 KR 9 ESQUINA',13),(139,'2014-01-11 03:44:13','0000-00-00 00:00:00',12,'LA PLAYA','ESC. JUAN XXIII',3),(140,'2014-01-11 03:44:13','0000-00-00 00:00:00',12,'ESCUELA EL BOSQUE','ENTRE MZ 14 Y MZ 29 B. EL BOSQ',1),(141,'2014-01-11 03:44:13','0000-00-00 00:00:00',12,'CANAGUARO','ESC. LUIS LOPEZ DE MESA',4),(142,'2014-01-11 03:44:13','0000-00-00 00:00:00',12,'I.E. GENERAL SANTANDER','KR 12 CL 16 ESQUINA',19),(143,'2014-01-11 03:44:13','0000-00-00 00:00:00',13,'HUMADEA','C.E RURAL DE GUAMAL - SEDE NIC',1),(144,'2014-01-11 03:44:13','0000-00-00 00:00:00',13,'OROTOY','C.E RURAL DE GUAMAL - SEDE ORO',1),(145,'2014-01-11 03:44:13','0000-00-00 00:00:00',13,'PUESTO CABECERA MUNICIPAL','CALLE 13 NO.9 - 43 B. FUNDADOR',25),(146,'2014-01-11 03:44:13','0000-00-00 00:00:00',14,'SAN JUAN DE LOZADA','ESC. SAN JUAN DE LOZADA',4),(147,'2014-01-11 03:44:13','0000-00-00 00:00:00',14,'YARI','I.E. LAS BRISAS- POBLADO EL RE',2),(148,'2014-01-11 03:44:13','0000-00-00 00:00:00',14,'LA CATALINA','ESC. LA CATALINA',1),(149,'2014-01-11 03:44:13','0000-00-00 00:00:00',14,'PUESTO CABECERA MUNICIPAL','CL 9 #5-49 I.E.',16),(150,'2014-01-11 03:44:13','0000-00-00 00:00:00',15,'LA VEINTICUATRO','SEDE EDUCATIVA SANTA RITA',1),(151,'2014-01-11 03:44:13','0000-00-00 00:00:00',15,'ANGOSTURAS DEL GUAPE','SEDE EDUCATIVAANGOSTURA DEL GU',1),(152,'2014-01-11 03:44:13','0000-00-00 00:00:00',15,'CACAYAL','I.E. GABRIELA MISTRAL',5),(153,'2014-01-11 03:44:13','0000-00-00 00:00:00',15,'PUESTO CABECERA MUNICIPAL','KR 22 NO. 7 -17 BR.MODELO',18),(154,'2014-01-11 03:44:13','0000-00-00 00:00:00',16,'PUERTO ALVIRA','COL DIVINO NIÑO JESUS-PUERTO A',3),(155,'2014-01-11 03:44:13','0000-00-00 00:00:00',16,'LA COOPERATIVA','ESC. EL ROCIO-LA COOPERATIVA',2),(156,'2014-01-11 03:44:13','0000-00-00 00:00:00',16,'EL ANZUELO','ESC. RURAL POLICARPA SLABARRIE',1),(157,'2014-01-11 03:44:13','0000-00-00 00:00:00',16,'PUESTO CABECERA MUNICIPAL','ESC.JORGE ELIECER GAITAN-LA LO',10),(158,'2014-01-11 03:44:13','0000-00-00 00:00:00',16,'PUERTO SIARE','ESC. GABRIEL GARCIA MARQUEZ-PU',1),(159,'2014-01-11 03:44:13','0000-00-00 00:00:00',16,'LAS GUACAMAYAS','ESC. LA INDEPENDENCIA-GUACAMAY',2),(160,'2014-01-11 03:44:13','0000-00-00 00:00:00',16,'EL MIELON','CASETA COMUNAL-EL MELON',2),(161,'2014-01-11 03:44:13','0000-00-00 00:00:00',16,'BUENOS AIRES','CASETA COMUNAL',1),(162,'2014-01-11 03:44:13','0000-00-00 00:00:00',16,'SARDINATA','ESC. SIMON BOLIVAR-SARDINATA',1),(163,'2014-01-11 03:44:13','0000-00-00 00:00:00',17,'JARDIN DE LAS PEÑAS','ESC. JARDIN DE LAS PEÑAS',3),(164,'2014-01-11 03:44:13','0000-00-00 00:00:00',17,'BRISAS DEL DUDA','CASETA COMUNAL',2),(165,'2014-01-11 03:44:13','0000-00-00 00:00:00',17,'EL MIRADOR','ESC. EL MIRADOR',1),(166,'2014-01-11 03:44:13','0000-00-00 00:00:00',17,'PUESTO CABECERA MUNICIPAL','I.E. LOS FUNDADORES',18),(167,'2014-01-11 03:44:13','0000-00-00 00:00:00',18,'LA TIGRA','ESC. NUEVA ESPERANZA',0),(168,'2014-01-11 03:44:13','0000-00-00 00:00:00',18,'PUESTO CABECERA MUNICIPAL','POLIDEPORTIVO CUBIERTO BR.EL P',15),(169,'2014-01-11 03:44:13','0000-00-00 00:00:00',18,'LINDENAL','ESC. LINDENAL',2),(170,'2014-01-11 03:44:13','0000-00-00 00:00:00',18,'CRUCE DE PORORIO','ESC. LA VALLENATA',2),(171,'2014-01-11 03:44:13','0000-00-00 00:00:00',19,'RUBIALES PUERTO TRIUNFO','ESC. EL TRIUNFO',1),(172,'2014-01-11 03:44:13','0000-00-00 00:00:00',19,'PUENTE ARIMENA','ESC. GREGORIO GARAVITO',1),(173,'2014-01-11 03:44:13','0000-00-00 00:00:00',19,'LA CRISTALINA','ESC. CRISTALINA',2),(174,'2014-01-11 03:44:13','0000-00-00 00:00:00',19,'TILLAVA','ESC. ALTO TILLAVA',2),(175,'2014-01-11 03:44:13','0000-00-00 00:00:00',19,'PUESTO CABECERA MUNICIPAL','KR 10 Nº 33D-33 B MANACACIAS',37),(176,'2014-01-11 03:44:13','0000-00-00 00:00:00',19,'SAN MIGUEL O PESCADERO','ESC. SAN MIGUEL',1),(177,'2014-01-11 03:44:13','0000-00-00 00:00:00',19,'PUERTO TRUJILLO','ESC. PUERTO TRUJILLO',2),(178,'2014-01-11 03:44:13','0000-00-00 00:00:00',19,'PLANAS','ESC. PRIMAVERA',3),(179,'2014-01-11 03:44:13','0000-00-00 00:00:00',19,'EL PORVENIR','ESC. LA SABANA',1),(180,'2014-01-11 03:44:13','0000-00-00 00:00:00',19,'SAN PEDRO DE ARIMENA','ESC. GENERAL SANTANDER',1),(181,'2014-01-11 03:44:13','0000-00-00 00:00:00',20,'PUESTO CABECERA MUNICIPAL','COLEGIO INEMA CL 7 KRA 12 BR.G',13),(182,'2014-01-11 03:44:13','0000-00-00 00:00:00',20,'TIERRA GRATA','CTRO EDUCATIVO TIERRA GRATA CT',1),(183,'2014-01-11 03:44:13','0000-00-00 00:00:00',20,'CASIBARE','C.E.SAN FERNADO CTRO POBLADO',2),(184,'2014-01-11 03:44:13','0000-00-00 00:00:00',20,'VILLA DE LA PAZ','ESC. NTRA SRA DE LA PAZ CTRO P',1),(185,'2014-01-11 03:44:13','0000-00-00 00:00:00',20,'LA UNION','LA UNION CASETA COMUNAL CTRO P',2),(186,'2014-01-11 03:44:13','0000-00-00 00:00:00',21,'BOCAS DEL GUAYURIBA','ESC. BOCAS DEL GUAYURIBA',1),(187,'2014-01-11 03:44:13','0000-00-00 00:00:00',21,'PACHAQUIARO','I.E. SANTA TERESA',5),(188,'2014-01-11 03:44:13','0000-00-00 00:00:00',21,'LA BALSA','I.E. PONTON DE RIO NEGRO',2),(189,'2014-01-11 03:44:13','0000-00-00 00:00:00',21,'EL TIGRE','INTERNADO SIMON BOLIVAR',1),(190,'2014-01-11 03:44:13','0000-00-00 00:00:00',21,'ALTAMIRA','ESC. ANTONIA SANTOS',1),(191,'2014-01-11 03:44:13','0000-00-00 00:00:00',21,'PUERTO PORFIA','I.E. PUERTO PORFIA',2),(192,'2014-01-11 03:44:13','0000-00-00 00:00:00',21,'PUESTO CABECERA MUNICIPAL','CL 7 KR 9-10 I.E.RAFAEL URIBE',43),(193,'2014-01-11 03:44:13','0000-00-00 00:00:00',21,'MELUA','I.E. MARIA CRISTINA',2),(194,'2014-01-11 03:44:13','0000-00-00 00:00:00',21,'PUERTO GUADALUPE (CUMARALITO)','I.E. PUERTO GUADALUPE',3),(195,'2014-01-11 03:44:13','0000-00-00 00:00:00',21,'CHAVIVA','I.E. YAALIAKEISY',3),(196,'2014-01-11 03:44:13','0000-00-00 00:00:00',21,'REMOLINO','I.E. REMOLINO',3),(197,'2014-01-11 03:44:13','0000-00-00 00:00:00',22,'PUERTO TOLEDO','CASETA COMUNAL',2),(198,'2014-01-11 03:44:13','0000-00-00 00:00:00',22,'LINDOSA','CASETA COMUNAL',1),(199,'2014-01-11 03:44:13','0000-00-00 00:00:00',22,'PUESTO CABECERA MUNICIPAL','UNIDAD EDUCATIVA URBANA',21),(200,'2014-01-11 03:44:13','0000-00-00 00:00:00',22,'PUERTO CHISPAS','CASETA COMUNAL',1),(201,'2014-01-11 03:44:13','0000-00-00 00:00:00',22,'BARRANCO COLORADO','CASETA COMUNAL',1),(202,'2014-01-11 03:44:13','0000-00-00 00:00:00',23,'PUESTO CABECERA MUNICIPAL','CR. 8 # 8 50 CTRO',43),(203,'2014-01-11 03:44:13','0000-00-00 00:00:00',24,'SURIMENA','I.E. ISABEL LA CATOLICA',3),(204,'2014-01-11 03:44:13','0000-00-00 00:00:00',24,'RINCON DE PAJURE','ESC. DIVINO NIÑO',1),(205,'2014-01-11 03:44:13','0000-00-00 00:00:00',24,'LA PALMERA','I.E. SIMÓN BÓLIVAR',5),(206,'2014-01-11 03:44:13','0000-00-00 00:00:00',24,'PUESTO CABECERA MUNICIPAL','CL 5 KR 4EQ I.E.SAN CARLOS DE',12),(207,'2014-01-11 03:44:13','0000-00-00 00:00:00',25,'CERRITOS','ESC. NUEVA CERRITOS',1),(208,'2014-01-11 03:44:13','0000-00-00 00:00:00',25,'PEÑAS BLANCAS','CASETA COMUNAL PEÑAS BLANCAS',1),(209,'2014-01-11 03:44:13','0000-00-00 00:00:00',25,'MESA DE FERNANDEZ','I.E. MESA DE FERNANDEZ',1),(210,'2014-01-11 03:44:13','0000-00-00 00:00:00',25,'COSTA RICA','I.E. COSTA RICA',1),(211,'2014-01-11 03:44:13','0000-00-00 00:00:00',25,'PUESTO CABECERA MUNICIPAL','TRANSV 12 N 10-12 I.E. SAN JUA',13),(212,'2014-01-11 03:44:13','0000-00-00 00:00:00',25,'MIRAFLORES','COL DPTAL AGROPECUARIO MIRAFLO',1),(213,'2014-01-11 03:44:13','0000-00-00 00:00:00',25,'EL VERGEL','ESC. FRANCISCO DE PAULA SANTAN',1),(214,'2014-01-11 03:44:13','0000-00-00 00:00:00',26,'SAN LUIS DEL PLAN','ESC. SAN LUIS DEL PLAN',1),(215,'2014-01-11 03:44:13','0000-00-00 00:00:00',26,'LA CANDELARIA','ESC. CANDELARIA',1),(216,'2014-01-11 03:44:13','0000-00-00 00:00:00',26,'SAN JOSE','ESC. SAN JOSE',1),(217,'2014-01-11 03:44:13','0000-00-00 00:00:00',26,'PUESTO CABECERA MUNICIPAL','COL. JHON F. KENNEDY CRA 3 NO',3),(218,'2014-01-11 03:44:13','0000-00-00 00:00:00',27,'EL MEREY','ESC. SIMON BOLIVAR',1),(219,'2014-01-11 03:44:13','0000-00-00 00:00:00',27,'BAJO CAMOA','ESC. GABRIEL GARCIA MARQUEZ',1),(220,'2014-01-11 03:44:13','0000-00-00 00:00:00',27,'PUESTO CABECERA MUNICIPAL','ESC. RAUL DE OLIVEIRA',45),(221,'2014-01-11 03:44:13','0000-00-00 00:00:00',27,'RINCON DE BOLIVAR','ESC. CRISTOBAL COLON',1),(222,'2014-01-11 03:44:13','0000-00-00 00:00:00',27,'BRISAS DEL MANACACIAS','CASETA COMUNAL',1),(223,'2014-01-11 03:44:13','0000-00-00 00:00:00',27,'ALTO DE IRACA','ESC. EL BAMBU',1),(224,'2014-01-11 03:44:13','0000-00-00 00:00:00',28,'PUESTO CABECERA MUNICIPAL','POLIDEPORTIVO CONTIGUO POLICIA',8),(225,'2014-01-11 03:44:13','0000-00-00 00:00:00',28,'DIVISO','CASETA COMUNAL',2),(226,'2014-01-11 03:44:13','0000-00-00 00:00:00',28,'LA JULIA','CASETA COMUNAL',5),(227,'2014-01-11 03:44:13','0000-00-00 00:00:00',29,'PUERTO LUCAS','ESC. PUERTO LUCAS',2),(228,'2014-01-11 03:44:13','0000-00-00 00:00:00',29,'PIÑALITO','INST. EDUCT. GABRIELA MISTRAL',4),(229,'2014-01-11 03:44:13','0000-00-00 00:00:00',29,'CAÑO AMARILLO','ESC. CAÑO AMARILLO',2),(230,'2014-01-11 03:44:13','0000-00-00 00:00:00',29,'PUESTO CABECERA MUNICIPAL','KR14#8 EQ BR.ESC.VENCEDORES D',22),(231,'2014-01-11 03:44:13','0000-00-00 00:00:00',29,'PUERTO ESPERANZA','ESC. PUERTO ESPERANZA',1),(232,'2014-01-11 03:44:13','0000-00-00 00:00:00',29,'MARACAIBO','ESC. INTERNADO MARACAIBO',1),(233,'2014-01-11 03:44:13','0000-00-00 00:00:00',29,'CAMPOALEGRE','ESC. CAMPO ALEGRE',1),(234,'2014-01-14 17:31:36','2014-01-14 17:31:36',1,'Indefinido','Indefinido',0);
/*!40000 ALTER TABLE `personas_puesto` ENABLE KEYS */;
UNLOCK TABLES;

--
-- Table structure for table `personas_votante`
--

DROP TABLE IF EXISTS `personas_votante`;
/*!40101 SET @saved_cs_client     = @@character_set_client */;
/*!40101 SET character_set_client = utf8 */;
CREATE TABLE `personas_votante` (
  `id` int(11) NOT NULL AUTO_INCREMENT,
  `creado` datetime NOT NULL,
  `actualizado` datetime NOT NULL,
  `lider_id` int(11) NOT NULL,
  `nombre` varchar(80) NOT NULL,
  `cedula` varchar(10) NOT NULL,
  `celular` varchar(10) NOT NULL,
  `mail` varchar(50) NOT NULL,
  `fijo` varchar(8) NOT NULL,
  `barrio_id` int(11) NOT NULL,
  `cumple` date NOT NULL,
  `verificado` tinyint(1) NOT NULL,
  `observacion` longtext NOT NULL,
  `votacion_dpto` varchar(100) NOT NULL,
  `votacion_ciudad` varchar(100) NOT NULL,
  `votacion_lugar` varchar(100) NOT NULL,
  `votacion_direccion` varchar(100) NOT NULL,
  `votacion_inscripcion` varchar(100) NOT NULL,
  `votacion_mesa` varchar(100) NOT NULL,
  `direccion` varchar(100) NOT NULL,
  PRIMARY KEY (`id`),
  UNIQUE KEY `cedula` (`cedula`),
  KEY `personas_votante_912ad432` (`lider_id`),
  KEY `personas_votante_3acf545f` (`barrio_id`),
  CONSTRAINT `barrio_id_refs_id_027185f0` FOREIGN KEY (`barrio_id`) REFERENCES `personas_barrio` (`id`),
  CONSTRAINT `lider_id_refs_id_b8faf42d` FOREIGN KEY (`lider_id`) REFERENCES `personas_lider` (`id`)
) ENGINE=InnoDB AUTO_INCREMENT=244 DEFAULT CHARSET=latin1;
/*!40101 SET character_set_client = @saved_cs_client */;

--
-- Dumping data for table `personas_votante`
--

LOCK TABLES `personas_votante` WRITE;
/*!40000 ALTER TABLE `personas_votante` DISABLE KEYS */;
INSERT INTO `personas_votante` VALUES (6,'2014-01-17 14:37:52','2014-01-17 14:37:52',961,'IVAN DE JESUS CAMACHO GIL','74270265','3123049078','','',153,'2014-01-17',0,'','META','VILLAVICENCIO','ESCUELA NARCISO MATUS TORRES','CL 12 # 18B-21','Nov  7 2005 12:00AM','15','CLL 13B 14-40'),(7,'2014-01-17 14:39:55','2014-01-17 14:39:55',961,'OFELIA CAMACHO GIL','24149268','3107510798','','',153,'2014-01-17',0,'','META','VILLAVICENCIO','ESCUELA NARCISO MATUS TORRES','CL 12 # 18B-21','Nov  7 2005 12:00AM','8','CLL 13B 14-40'),(8,'2014-01-17 14:41:01','2014-01-17 14:41:01',961,'HERMES PARRA GIL','4272282','3143551530','','',153,'2014-01-17',0,'','META','VILLAVICENCIO','COL. MIGUEL ANGEL MARTIN','KR 25 # 15-60 BR.NUEVO RICAURT','Aug 30 1994 12:00AM','1','CLL 13B 14-42'),(9,'2014-01-17 14:42:37','2014-01-17 14:42:37',961,'DORA ALBA GUZMAN','36087245','3115956464','','',153,'2014-01-17',0,'','META','VILLAVICENCIO','ESCUELA NARCISO MATUS TORRES','CL 12 # 18B-21','May 20 2007 12:00AM','9','CLL 13B 14-77'),(10,'2014-01-17 14:43:54','2014-01-17 14:43:54',961,'WILSON VIRGILIO CAMACHO','74270544','3133784062','','',153,'2014-01-17',0,'','META','VILLAVICENCIO','COL. MIGUEL ANGEL MARTIN','KR 25 # 15-60 BR.NUEVO RICAURT','Jun 29 2000 12:00AM','11','CLL 13C 14-39'),(11,'2014-01-17 14:45:24','2014-01-17 14:45:24',961,'RICARDO ANDRES BONILLA','1121847613','6655114','','6655114',153,'2014-01-17',0,'','META','VILLAVICENCIO','COL NTRA SRA DE LA SABIDURIA','CL 40 # 31-42 CTRO','Mar  1 2007 12:00AM','6','CLL 13B 14-41'),(12,'2014-01-17 14:46:26','2014-01-17 14:46:26',961,'DANIEL BONILLA UMAÑA','1121894379','6655114','','6655114',153,'2014-01-17',0,'','META','VILLAVICENCIO','ESCUELA NARCISO MATUS TORRES','CL 12 # 18B-21','May 19 2011 12:00AM','22','CLL 13B 14-41'),(13,'2014-01-17 14:47:37','2014-01-17 14:47:37',961,'YAQUELINE UMAÑA','40388677','6655114','','6655114',153,'2014-01-17',0,'','META','VILLAVICENCIO','ESC. JHON F. KENNEDY','KR 46 # 11- 28 2A ETP ESPERANZ','Aug 30 1994 12:00AM','6','CLL 13B 14-41'),(14,'2014-01-17 14:48:34','2014-01-17 14:48:34',961,'KAREN ALARCON','1121870392','3134667241','','',153,'2014-01-17',0,'','META','VILLAVICENCIO','COL NTRA SRA DE LA SABIDURIA','CL 40 # 31-42 CTRO','Mar  6 2009 12:00AM','11','CLL 17B 14-77'),(15,'2014-01-17 14:49:46','2014-01-17 14:49:46',961,'RICARDO ANDRES CACERES','1121899966','3204643781','','',153,'2014-01-17',0,'','META','VILLAVICENCIO','COL. ALBERTO LLERAS CAMARGO','CL 5A # 10A-21 BR.ESTERO','Jun 29 2011 12:00AM','16','CLL 13B 14-40'),(16,'2014-01-17 14:51:03','2014-01-17 14:51:03',961,'LUZ NELA ARDILA BERRIO','21220954','3125677845','','',153,'2014-01-17',0,'','META','VILLAVICENCIO','COL. MANUELA BELTRAN','CL 25 # 6-115 BR.POPULAR','Oct 28 2009 12:00AM','13','CLL 13B 14-40'),(17,'2014-01-17 14:52:09','2014-01-17 14:52:09',961,'DIANA PATRICIA RANEL','44150358','3204328999','','',153,'2014-01-17',0,'','META','VILLAVICENCIO','ESCUELA NARCISO MATUS TORRES','CL 12 # 18B-21','Nov  1 2009 12:00AM','14','CLL 13B 14-8'),(18,'2014-01-17 14:53:58','2014-01-17 14:53:58',961,'HECTOR PARRA GIL','4272055','3203352792','','',92,'2014-01-17',0,'','META','VILLAVICENCIO','COL. MIGUEL ANGEL MARTIN','KR 25 # 15-60 BR.NUEVO RICAURT','Mar 13 1988 12:00AM','1','CLL 4A 19-73'),(19,'2014-01-17 14:58:16','2014-01-17 14:58:16',961,'ANGELA DERLY GOMEZ','24227450','3102332925','','',120,'2014-01-17',0,'','META','VILLAVICENCIO','COL. GERMAN ARCINIEGAS','KR 47B # 7B-20','May 14 2007 12:00AM','12','CLL 10B 45A-76 '),(20,'2014-01-17 15:01:06','2014-01-17 15:01:06',961,'MARIA GOMEZ','24143023','314075098','','',120,'2014-01-17',0,'','META','VILLAVICENCIO','COL. GERMAN ARCINIEGAS','KR 47B # 7B-20','May 14 2007 12:00AM','12','CLL 10B 45A-76 '),(21,'2014-01-17 15:02:20','2014-01-17 15:02:20',961,'JULIETH VANESSA NIÑO GOMEZ','1121909469','3203049289','','',120,'2014-01-17',0,'','META','VILLAVICENCIO','COL. GERMAN ARCINIEGAS','KR 47B # 7B-20','May  7 2012 12:00AM','18','CLL 10B 45A-76 '),(22,'2014-01-17 15:03:27','2014-01-17 15:03:27',961,'YOLANDA TAVERA','40390192','6708114','','6708114',153,'2014-01-17',0,'','META','VILLAVICENCIO','ESCUELA NARCISO MATUS TORRES','CL 12 # 18B-21','May 19 2007 12:00AM','12','CLL 14 14-80'),(23,'2014-01-17 15:05:35','2014-01-17 15:05:35',961,'MIRLAIN YAZMIN MEDINA TAVERA','1121834610','3106559139','','',153,'2014-01-17',0,'','META','VILLAVICENCIO','ESC. JHON F. KENNEDY','KR 46 # 11- 28 2A ETP ESPERANZ','Dec 20 2005  2:36PM','14','CLL 17 17-80'),(24,'2014-01-17 15:07:04','2014-01-17 15:07:04',961,'DIEGO ALEJANDRO CARDENAS','1121816464','3106559139','','',153,'2014-01-17',0,'','META','VILLAVICENCIO','HOGAR INFANTIL 20 DE JULIO','CL 27 # 22C-39 BR.20 DE JULIO','Oct  1 2008  5:46PM','8','CLL 14 14-80'),(25,'2014-01-17 15:08:13','2014-01-17 15:08:13',961,'DIEGO MAURICIO MUÑOZ','74770274','3147324454','','',153,'2014-01-17',0,'','META','VILLAVICENCIO','COL. ALBERTO LLERAS CAMARGO','CL 5A # 10A-21 BR.ESTERO','Nov  6 2005 12:00AM','7','CLL 13B 14-40'),(26,'2014-01-17 15:12:19','2014-01-17 15:12:19',961,'JAIRO SERRANO','86048234','3112315841','','',154,'2014-01-17',0,'','SANTANDER','SIMACOTA','EL GUAMO','I.E. EL GUAMO','Jul 27 1997 12:00AM','2','CLL 28 ESTE 14-13'),(27,'2014-01-17 15:18:52','2014-01-17 15:18:52',961,'CONRADO DE JESUS LOPEZ','9890561','3212619384','','',90,'2014-01-17',0,'','META','VILLAVICENCIO','ESCUELA LA CEIBA','CL 30 KR 15 EQ','Feb  3 1990 12:00AM','3','CRA 18 17B-25'),(28,'2014-01-17 15:21:39','2014-01-17 15:21:39',961,'JULIAN GREGORIO MUÑOZ','93131496','3133524540','','',89,'2014-01-17',0,'','META','VILLAVICENCIO','COL. ALBERTO LLERAS CAMARGO','CL 5A # 10A-21 BR.ESTERO','Nov  6 2005 12:00AM','8','CLL 11 14-97'),(29,'2014-01-17 15:22:53','2014-01-17 15:22:53',961,'CRISTIAN PARRA GONZALES','1121886217','3148900629','','',93,'2014-01-17',0,'','META','VILLAVICENCIO','COL. ABRAHAN LINCOLN','CL 25 # 23-150','Apr 20 2011 12:00AM','23','CLL 13B 18-03 '),(30,'2014-01-17 15:23:49','2014-01-17 15:23:49',961,'CESAR GIL','86064499','3112006748','','',155,'2014-01-17',0,'','META','VILLAVICENCIO','COL. DPTAL LA ESPERANZA','KR 45 # 13B-25','Jun 28 2000 12:00AM','17','CRA 9A CASA 34 PARQUES DE SEVILLA 2'),(31,'2014-01-17 15:35:20','2014-01-17 15:35:20',930,'SAYLY VANESSA RAMIREZ','1121887086','3115645799','','',127,'2014-01-17',0,'','META','VILLAVICENCIO','I.E. LA ALBORADA','KR 25 CL 48 BR.ALBORADA','Jun 22 2010 12:00AM','16','CLL 11F 5B-33 COMUNEROS'),(32,'2014-01-17 15:40:43','2014-01-17 15:40:43',930,'WILLINTON ANDRES HURTADO PAEZ','1121818702','3104884953','','',127,'2014-01-17',0,'','META','VILLAVICENCIO','HOGAR INFANTIL 20 DE JULIO','CL 27 # 22C-39 BR.20 DE JULIO','Oct  1 2008  5:46PM','8','CLL 11F 5B-33 COMUNEROS'),(33,'2014-01-17 15:50:38','2014-01-17 15:50:38',930,'ALFONSO ROJAS','17327112','3213036023','','',127,'2014-01-17',0,'','META','VILLAVICENCIO','I.E. SIETE DE AGOSTO','CL l 7 # 38-57 B. SIETE DE A','Sep 28 2004  8:59AM','1','CLL 5B 4E-12 COMUNEROS'),(34,'2014-01-17 15:56:07','2014-01-17 15:56:07',930,'ANGELICA GONZALES','28730556','3204219958','','',127,'2014-01-17',0,'','META','VILLAVICENCIO','I.E. LA ALBORADA','KR 25 CL 48 BR.ALBORADA','May 15 2007 12:00AM','5','DIAG 4E 5C-05 COMUNEROS'),(35,'2014-01-17 15:59:49','2014-01-17 15:59:49',930,'BLANCA QUIJANO','40360092','6674024','','6674024',125,'2014-01-17',0,'','META','PUERTO CONCORDIA','PUESTO CABECERA MUNICIPAL','POLIDEPORTIVO CUBIERTO BR.EL PORVENIR','Nov 20 1993 12:00AM','8','CRA 26A 6A-87'),(36,'2014-01-17 16:01:29','2014-01-17 16:01:29',930,'LEIDY RINCON','1121847448','3213412779','','',127,'2014-01-17',0,'','ARAUCA','ARAUQUITA','AGUACHICA','CONCENTRACION EDUCATIVA AGUACH','Apr 27 2011 12:00AM','4','DG 5C 4E-05 COMUNEROS'),(37,'2014-01-17 16:27:05','2014-01-17 16:27:05',930,'JORGE LUIS GALVAN VALENCIA ','86067612','3212265427','','',127,'2014-01-17',0,'','META','VILLAVICENCIO','COL DE BACHILLERATO FEMENINO','KR 33 # 18 a-43','Apr  1 2000 12:00AM','23','CLL 17 28-37'),(38,'2014-01-17 16:28:47','2014-01-17 16:28:47',930,'NORMERY SANCHEZ ','40217256','3143667395','','',156,'2014-01-17',0,'','META','VILLAVICENCIO','ESC. NVA ARNULFO BRICEÑO','CIUDADELA SAN ANTONIO','May 21 2007 12:00AM','3','MZ D CS 5B KIRPAS '),(39,'2014-01-17 16:31:27','2014-01-17 16:31:27',930,'SUSANA PEREZ GUTIERREZ ','1118196234','3203944371','','',127,'2014-01-17',0,'','META','VILLAVICENCIO','COL. SAN FRANCISCO DE ASIS','CL 11 # 25-15 BR.COOPERATIVO','May 22 2011 12:00AM','6','CLL 5 17 28-37'),(40,'2014-01-17 16:58:13','2014-01-17 16:58:13',925,'ROSA TULIA VEGA SUAREZ ','20325995','3102178741','','',127,'2014-01-17',0,'','META','VILLAVICENCIO','I.E. LA ALBORADA','KR 25 CL 48 BR.ALBORADA','Oct 28 2009 12:00AM','4','CLL 4F 5-6 '),(41,'2014-01-17 16:59:52','2014-01-17 16:59:52',930,'MARINA TORRES','40399681','3134829670','','',127,'2014-01-17',0,'','META','VILLAVICENCIO','COL. JORGE ELIECER GAITAN','CL 36A # 17-0 O BR.MORICHAL','Jul 23 1997 12:00AM','12','CRA 13 28-62'),(42,'2014-01-17 17:01:24','2014-01-17 17:01:24',930,'SANDRA YANNETH REYES ','40442318 ','3118311245','','',112,'2014-01-17',0,'','META','VILLAVICENCIO','COLEGIO CATUMARE','KR 46 CON CL 18 SUR','Jun 12 2003 12:00AM','8','CLL 25 35-91'),(43,'2014-01-17 17:03:14','2014-01-17 17:03:14',930,'DAMARIS PAOLA CASTILLO OROSCO ','1129487449','3215075793','','',112,'2014-01-17',0,'','ATLANTICO','BARRANQUILLA','I.C. LAS MALVINAS','KR 8 #87-116','Jan 19 2005  5:02PM','21','CRR 36 19-32'),(44,'2014-01-17 17:11:13','2014-01-17 17:11:13',930,'LEIDY CAROLINA CORREA ','35264307','3103656510','','',112,'2014-01-17',0,'','META','VILLAVICENCIO','COLEGIO GENERAL SANTANDER','TRANSVERSAL 25 # 39D-46','Jun 28 2000 12:00AM','9','CLL 35 25-30 '),(45,'2014-01-17 20:46:34','2014-01-17 20:46:34',624,'MARISEL HENAO','40363492','3133341909','','',159,'2014-01-17',0,'','META','VILLAVICENCIO','COL. FRANCISCO ARANGO','CL 33 B # 39-55','Mar 16 2011 12:00AM','9','CRA 39 37-21'),(46,'2014-01-17 20:49:47','2014-01-17 20:49:47',624,'MIGUEL ANGEL DUCUARA','1070601842','3203882145','','',159,'2014-01-17',0,'','CUNDINAMARCA','GIRARDOT','COLISEO BARRIO KENNEDY','CL 42 NO 3 - 10 BR. KENNEDY','May 19 2009  6:00PM','21','VILLA DEL BUQUE'),(47,'2014-01-17 20:51:40','2014-01-17 20:51:40',624,'JAIME RESTREPO QUINTERO','3288026','3144505445','','',159,'2014-01-17',0,'','META','VILLAVICENCIO','COLEGIO LA SALLE','CL 39 # 34-56 BR.CTRO','Mar 13 1988 12:00AM','4','VILLA DEL BUQUE'),(48,'2014-01-17 20:58:01','2014-01-17 20:58:01',624,'MARIA HELENA CONTRERAS','40326416','3214265081','','',159,'2014-01-17',0,'','META','VILLAVICENCIO','I.E. SIETE DE AGOSTO','CL l 7 # 38-57 B. SIETE DE A','May 21 2007 12:00AM','2','VILLAS DEL BUQUE'),(49,'2014-01-17 21:09:26','2014-01-17 21:09:26',624,'WILSON FERNEY RODRIGUEZ','1121903243','3142728280','','',159,'2014-01-17',0,'','META','VILLAVICENCIO','UNIVERSIDAD DE LOS LLANOS','CL 37 # 41-02 SEDE SAN A','Apr 16 2012 12:00AM','21','VILLA DEL BUQUE'),(50,'2014-01-17 21:13:08','2014-01-17 21:13:08',624,'JAIME MAURICIO  SOSA','1121830959','3202078177','','',159,'2014-01-17',0,'BARRIO  VENECIA ','META','VILLAVICENCIO','COL. ALBERTO LLERAS CAMARGO','CL 5A # 10A-21 BR.ESTERO','Aug 22 2005  8:59PM','9','VENECIA'),(51,'2014-01-17 21:16:22','2014-01-17 21:16:22',624,'MILTON CIFUENTES','86064815','3144236429','','',159,'2014-01-17',0,'BARRIO VENECIA','META','VILLAVICENCIO','COL DE BACHILLERATO FEMENINO','KR 33 # 18 a-43','May 24 1999 12:00AM','22','VENECIA'),(52,'2014-01-17 21:18:35','2014-01-17 21:26:06',624,'FABIAN BULLA','1121821396','3138471525','','',159,'2014-01-17',0,'BARRIO VENECIA','META','VILLAVICENCIO','I.E. SIETE DE AGOSTO','CL l 7 # 38-57 B. SIETE DE A','Jan 19 2005  5:02PM','14','VILLA DEL BUQUE'),(53,'2014-01-17 21:27:36','2014-01-17 21:27:36',624,'KELLY JHOANA HERRERA','40215130','3208539830','','',159,'2014-01-17',0,'BARRIO VENECIA','META','VILLAVICENCIO','COL DE BACHILLERATO FEMENINO','KR 33 # 18 a-43','Apr  1 2000 12:00AM','6','VENECIA'),(54,'2014-01-17 21:30:43','2014-01-17 21:30:43',624,'LEIDY ALEJANDRA NOGUERA','1121876768','3145466387','','',159,'2014-01-17',0,'BARRIO VENECIA','META','VILLAVICENCIO','APIAY','APIAY','Jul 10 2009  5:24PM','5','VENECIA'),(55,'2014-01-17 21:36:12','2014-01-17 21:36:12',624,'ELCY OMAIRA MARQUEZ','25159220','3208197812','','',159,'2014-01-17',0,'BARRIO VENECIA','META','VILLAVICENCIO','POLID. VILLAFLOREZ - AZOTEA','POLIDEPORTIVO LA AZOTEA','Oct 25 2009 12:00AM','1','VENECIA'),(56,'2014-01-17 21:52:46','2014-01-17 21:52:46',624,'BRAYAN BAQUERO SOLANO','1122649540','3202271399','','',160,'2014-01-17',0,'','META','RESTREPO','PUESTO CABECERA MUNICIPAL','CR. 8 # 8 50 CTRO','Mar 31 2010 10:20AM','36','NUEVA ESPERANZA'),(57,'2014-01-17 21:53:53','2014-01-17 21:53:53',624,'JEFFERSON SANCHEZ MARTINEZ','1121926338','3103338826','','',159,'2014-01-17',0,'','META','VILLAVICENCIO','MEGACOLEGIO LA RELIQUIA','BR. LA RELIQUIA','Oct 31 2013 12:00AM','1','VILLA DEL BUQUE'),(58,'2014-01-17 21:54:54','2014-01-17 21:54:54',624,'JENNY ALBEIRO RODRIGUEZ','11281371','3102580070','','',159,'2014-01-17',0,'','CUNDINAMARCA','PARATEBUENO (LA NAGUAYA)','PUESTO CABECERA MUNICIPAL','CONCENTRACION URBANA BR. CTRO','Jun 13 2003 12:00AM','3','VILLA DEL BUQUE'),(59,'2014-01-17 21:55:42','2014-01-17 21:55:42',624,'YENNY  JULIETH GIRALDO','1121833496','3124711146','','',159,'2014-01-17',0,'','META','VILLAVICENCIO','I.E. SIETE DE AGOSTO','CL l 7 # 38-57 B. SIETE DE A','May 20 2011 12:00AM','14','VILLA DEL BUQUE'),(60,'2014-01-17 21:56:19','2014-01-17 21:56:19',624,'MARIA DEL CARMEN ESCOBAR','29327621','3118861494','','',159,'2014-01-17',0,'','META','VILLAVICENCIO','I.E. SIETE DE AGOSTO','CL l 7 # 38-57 B. SIETE DE A','May 20 2011 12:00AM','2','VILLA DEL BUQUE'),(61,'2014-01-17 21:57:09','2014-01-17 21:57:09',624,'HERNAN GIRALDO','16342285','3118861494','','',159,'2014-01-17',0,'','META','VILLAVICENCIO','I.E. SIETE DE AGOSTO','CL l 7 # 38-57 B. SIETE DE A','Nov  2 2009 12:00AM','1','VILLA DEL BUQUE'),(62,'2014-01-17 22:01:15','2014-01-17 22:01:15',624,'JOSE ALDEMAR','17334584','','','',159,'2014-01-17',0,'','META','VILLAVICENCIO','COL. ANTONY PHIIPPS','KR 37 CL 22A BIS','Jul 23 1997 12:00AM','4','VILLA DEL BUQUE'),(63,'2014-01-17 22:02:46','2014-01-17 22:02:46',624,'JOSE DANIEL BULLA','11406745','','','',159,'2014-01-17',0,'','META','VILLAVICENCIO','I.E. SIETE DE AGOSTO','CL l 7 # 38-57 B. SIETE DE A','May 19 2007 12:00AM','1','VILLA DEL BUQUE'),(64,'2014-01-17 22:03:51','2014-01-17 22:03:51',624,'GISELA ARANGO','40331783','','','',159,'2014-01-17',0,'','META','VILLAVICENCIO','ESCUELA POLICARPA SALAVARRIET','CL 25 # 42-22 BR.LA GRAM','Aug  3 2004 11:07AM','3','VENECIA'),(65,'2014-01-17 22:04:27','2014-01-17 22:04:27',624,'MARIA ORFELINA PATIÑO','21205798','','','',159,'2014-01-17',0,'','META','VILLAVICENCIO','I.E. SIETE DE AGOSTO','CL l 7 # 38-57 B. SIETE DE A','Apr 23 2007 12:00AM','2','VENECIA'),(66,'2014-01-17 22:05:18','2014-01-17 22:05:18',624,'FREDY ERNESTO MAHECHA','1121889217','','','',159,'2014-01-17',0,'','META','VILLAVICENCIO','COL. FRANCISCO ARANGO','CL 33 B # 39-55','Aug  2 2010 12:00AM','16','VENECIA'),(67,'2014-01-17 22:05:54','2014-01-17 22:05:54',624,'JOSE PATIÑO','4602160','','','',159,'2014-01-17',0,'','CESAR','AGUACHICA','COL. GUILLERMO LEON V.','FR. 15 # 3-54','Mar 13 1988 12:00AM','3','VENECIA'),(68,'2014-01-17 22:06:25','2014-01-17 22:06:25',624,'ANA PULIDO','21221131','','','',159,'2014-01-17',0,'','META','VILLAVICENCIO','COLEGIO DON BOSCO','BR. EL BUQUE SECTOR BUGANIBLES','May 18 2007 12:00AM','7','VILLA DEL BUQUE'),(69,'2014-01-17 22:07:30','2014-01-17 22:07:30',624,'STELLA JARAMILLO','40627476','','','',159,'2014-01-17',0,'','META','VILLAVICENCIO','I.E. SIETE DE AGOSTO','CL l 7 # 38-57 B. SIETE DE A','May 22 2011 12:00AM','7','VILLA DEL BUQUE'),(70,'2014-01-17 22:08:03','2014-01-17 22:08:03',624,'JOSE CIFUENTES','17291000','','','',159,'2014-01-17',0,'','META','VILLAVICENCIO','COL. FRANCISCO ARANGO','CL 33 B # 39-55','Oct 31 2009 12:00AM','1','VENECIA'),(71,'2014-01-17 22:08:32','2014-01-17 22:08:32',624,'LILIANA CASTAÑEDA','20852189','','','',159,'2014-01-17',0,'','META','VILLAVICENCIO','I.E. SIETE DE AGOSTO','CL l 7 # 38-57 B. SIETE DE A','Oct 29 2009 12:00AM','2','VENECIA'),(72,'2014-01-17 22:13:29','2014-01-17 22:13:29',614,'GABRIEL QUEVEDO','17301908','3138603511','','',159,'2014-01-17',0,'','META','VILLAVICENCIO','ESCUELA ANTONIO RICAURTE','KR 24 C # 26C-09 BR. 20DE JULI','Oct 26 2009 12:00AM','4','CALL 43 43B -56 VILLAS DEL BUQUE'),(73,'2014-01-17 22:15:24','2014-01-17 22:15:24',614,'GABRIELA QUEVEDO','30082924','3124959763','','',159,'2014-01-17',0,'','META','VILLAVICENCIO','I.E. SIETE DE AGOSTO','CL l 7 # 38-57 B. SIETE DE A','May 20 2011 12:00AM','2','CALL 29 43B-32 VILLAS DEL BUQUE'),(74,'2014-01-17 22:16:33','2014-01-17 22:16:33',614,'HENRY TORRES QUEVEDO','1121925101','3134448307','','',159,'2014-01-17',0,'','META','VILLAVICENCIO','COLEGIO DON BOSCO','BR. EL BUQUE SECTOR BUGANIBLES','Oct 10 2013 12:00AM','21','CALL 29 43B-42 VILLAS DEL BUQUE'),(75,'2014-01-17 22:18:06','2014-01-17 22:18:06',614,'JEFFERSON QUEVEDO CEPEDA','1122506839','3113068587','','',159,'2014-01-17',0,'','META','VILLAVICENCIO','COLEGIO DON BOSCO','BR. EL BUQUE SECTOR BUGANIBLES','Apr 18 2012 12:00AM','21','CALL 29 43B -16 VILLAS DEL BUQUE'),(76,'2014-01-17 22:19:19','2014-01-17 22:19:19',614,'MINI JOHANA QUEVEDO','40342213','3115883421','','',159,'2014-01-17',0,'','META','VILLAVICENCIO','I.E. SIETE DE AGOSTO','CL l 7 # 38-57 B. SIETE DE A','May 22 2011 12:00AM','2','CLL 29 43B -4 VILLAS DEL BUQUE'),(77,'2014-01-17 22:20:43','2014-01-17 22:20:43',614,'JUAN CARLOS ZANABRIA','86081582','3133855595','','',159,'2014-01-17',0,'','META','VILLAVICENCIO','COL DE BACHILLERATO FEMENINO','KR 33 # 18 a-43','Feb 24 2003 12:00AM','30','CALL 29 43B -4 VILLA DEL BUQUE'),(78,'2014-01-17 22:22:08','2014-01-17 22:22:08',614,'ANA MARGARITA CEPEDA','40438939','3115883421','','',159,'2014-01-17',0,'','META','VILLAVICENCIO','I.E. SIETE DE AGOSTO','CL l 7 # 38-57 B. SIETE DE A','Oct 26 2009 12:00AM','7','CALL 29 43B -7 VILLAS DE BUQUE'),(79,'2014-01-17 22:23:23','2014-01-17 22:23:23',614,'JULIO ALBERTO BARON','1006776869','3113068587','','',159,'2014-01-17',0,'','META','SAN CARLOS DE GUAROA','PUESTO CABECERA MUNICIPAL','CL 5 KR 4EQ I.E.SAN CARLOS DE','Dec 13 2009 10:31PM','9','CALL 29 43B-16 VILLAS DEL BUQUE'),(80,'2014-01-17 22:26:21','2014-01-17 22:26:21',624,'MARTHA CECILIA QUEVEDO','40439984','3113068587','','',159,'2014-01-17',0,'','META','VILLAVICENCIO','I.E. SIETE DE AGOSTO','CL l 7 # 38-57 B. SIETE DE A','Oct 26 2009 12:00AM','7','CALL 29 43B -16 VILLAS DEL BUQUE'),(81,'2014-01-17 22:33:02','2014-01-17 22:33:02',614,'SANDRA MILENA PARDO','30083109','3107806166','','',28,'2014-01-17',0,'','META','VILLAVICENCIO','COL. FRANCISCO ARANGO','CL 33 B # 39-55','Nov 10 2005 12:00AM','7','CRA 39 31-16 '),(82,'2014-01-17 22:37:11','2014-01-17 22:37:11',614,'GABRIEL QUEVEDO CEPEDA','1121849166','3124273919','','',159,'2014-01-17',0,'','META','VILLAVICENCIO','I.E. SIETE DE AGOSTO','CL l 7 # 38-57 B. SIETE DE A','Oct 25 2009 12:00AM','15','CALL 29A 43-55 VENECIA'),(83,'2014-01-17 22:38:07','2014-01-17 22:38:07',614,'JENIFER ROJAS','1121863773','3104498745','','',159,'2014-01-17',0,'','META','VILLAVICENCIO','ESCUELA NARCISO MATUS TORRES','CL 12 # 18B-21','May 22 2011 12:00AM','21','CALL 29 43B -08 VILLA DEL BUQUE'),(84,'2014-01-17 22:40:23','2014-01-17 22:40:23',614,'DEIVIS CABEZAS','86067870','3115301567','','',28,'2014-01-17',0,'','META','ACACIAS','COL. MPAL LUIS CARLOS GALAN S','KR 12 NUM 13-44 B. JUAN MELLAO','Jun  8 2000 12:00AM','13','CALL 28 36-13 '),(85,'2014-01-17 22:41:39','2014-01-17 22:41:39',614,'YULY QUEVEDO','40325632','3115301567','','',28,'2014-01-17',0,'','META','VILLAVICENCIO','I.E. SIETE DE AGOSTO','CL l 7 # 38-57 B. SIETE DE A','Oct 27 2009 12:00AM','2','CALL 28 36- 13'),(86,'2014-01-17 22:43:38','2014-01-17 22:43:38',614,'ADRIANA FAJARDO','1121871525','3144305499','','',159,'2014-01-17',0,'','META','VILLAVICENCIO','I.E. SIETE DE AGOSTO','CL l 7 # 38-57 B. SIETE DE A','Oct 26 2009 12:00AM','15','CALL 29 43B -36 VILLAS DE BUQUE'),(87,'2014-01-17 22:55:19','2014-01-17 22:55:19',614,'GRACIELA GALLO','40189629','','','',159,'2014-01-17',0,'','META','VILLAVICENCIO','I.E. SIETE DE AGOSTO','CL l 7 # 38-57 B. SIETE DE A','May 17 2007 12:00AM','2','VILLA DEL BUQUE'),(88,'2014-01-17 22:55:50','2014-01-17 22:55:50',614,'JHOANA PATIÑO','1121858103','','','',159,'2014-01-17',0,'','META','VILLAVICENCIO','I.E. SIETE DE AGOSTO','CL l 7 # 38-57 B. SIETE DE A','Jul  9 2008 12:00AM','15','VENECIA'),(89,'2014-01-17 23:00:09','2014-01-17 23:00:09',614,'LUZ ADRIANA DIAZ','1112931284','','','',159,'2014-01-17',0,'','META','VILLAVICENCIO','I.E. SIETE DE AGOSTO','CL l 7 # 38-57 B. SIETE DE A','Oct 27 2009 12:00AM','14','VILLA DEL BUQUE'),(90,'2014-01-17 23:01:48','2014-01-17 23:01:48',614,'LUZ MERY SANTOS','65588581','','','',159,'2014-01-17',0,'','META','VILLAVICENCIO','I.E. SIETE DE AGOSTO','CL l 7 # 38-57 B. SIETE DE A','Oct 24 2009 12:00AM','9','VILLAS DEL BUQUE'),(91,'2014-01-17 23:02:24','2014-01-17 23:02:24',614,'DAIRIS CASERES','40217300','','','',159,'2014-01-17',0,'','META','VILLAVICENCIO','COL DE BACHILLERATO FEMENINO','KR 33 # 18 a-43','Sep 10 2001 12:00AM','8','VENECIA'),(92,'2014-01-17 23:03:21','2014-01-17 23:03:21',614,'SULID CARRILLO','65827392','','','',159,'2014-01-17',0,'','META','VILLAVICENCIO','I.E. SIETE DE AGOSTO','CL l 7 # 38-57 B. SIETE DE A','May 16 2007 12:00AM','9','VENECIA'),(93,'2014-01-17 23:04:25','2014-01-17 23:04:25',614,'YOHANA PATIÑO','1121858403','','','',159,'2014-01-17',0,'','META','VILLAVICENCIO','COL. GILBERTO ALZATE AVENDAÑO','KR 30A CON CL 5A','Jul  9 2008 12:00AM','13','VENECIA'),(94,'2014-01-17 23:04:55','2014-01-17 23:04:55',614,'ANGELICA TABARES','40219896','','','',159,'2014-01-17',0,'','META','VILLAVICENCIO','I.E. SIETE DE AGOSTO','CL l 7 # 38-57 B. SIETE DE A','May 20 2011 12:00AM','2','VENECIA'),(95,'2014-01-17 23:05:33','2014-01-17 23:05:33',614,'JOVANY ARIAS','86070812','','','',159,'2014-01-17',0,'','META','VILLAVICENCIO','I.E. SIETE DE AGOSTO','CL l 7 # 38-57 B. SIETE DE A','May 17 2007 12:00AM','13','VENECIA'),(96,'2014-01-17 23:06:30','2014-01-17 23:06:30',930,'JOSE ALEXANDRE DIAZ GONZALES','86042626','3107819858','','',158,'2014-01-17',0,'','META','VILLAVICENCIO','COL. MIGUEL ANGEL MARTIN','KR 25 # 15-60 BR.NUEVO RICAURT','Jan 12 1994 12:00AM','11','CLL 32 No 9 '),(97,'2014-01-17 23:15:12','2014-01-17 23:15:12',930,'LUIS CARLOS PIRATEQUE MARTINEZ','11210718','3214154225','','',157,'2014-01-17',0,'','CUNDINAMARCA','SESQUILE','PUESTO CABECERA MUNICIPAL','PERIMETRO URBANO','Sep 28 2001 12:00AM','6','MZ 49 C 10 LA MADRID'),(98,'2014-01-17 23:15:56','2014-01-17 23:15:56',930,'LUIS CARLOS PIRATEQUE MARTINEZ','1121861071','3214154225','','',157,'2014-01-17',0,'','META','VILLAVICENCIO','I.E. LA ALBORADA','KR 25 CL 48 BR.ALBORADA','Jul  9 2008 12:00AM','16','MZ 49 C 10 LA MADRID'),(99,'2014-01-17 23:54:23','2014-01-18 14:22:56',930,'JORGE JOANNY EGO ','86065448','3143433929','','',127,'2014-01-17',0,'','META','VILLAVICENCIO','COL DE BACHILLERATO FEMENINO','KR 33 # 18 a-43','May 24 1999 12:00AM','22','DIAG 5B 4F 15 '),(100,'2014-01-18 00:02:22','2014-01-18 00:02:22',930,'SERGIO DANIEL RODRIGUEZ','1121843781','3174042876','','',71,'2014-01-17',0,'','META','VILLAVICENCIO','COL. GILBERTO ALZATE AVENDAÑO','KR 30A CON CL 5A','Dec 11 2006 12:00AM','13','CALLE 18 CARRERA 29 -28'),(101,'2014-01-18 14:05:17','2014-01-18 14:05:17',1010,'ALEXANDER GARCIAS','86075575','','','',161,'2014-01-18',0,'','META','VILLAVICENCIO','BEMPOSTA','FRENTE AL BR.LA NORA VIA ACACI','Oct  1 2008  5:46PM','4','SECTOR 1 '),(102,'2014-01-18 14:07:25','2014-01-18 14:07:25',1010,'WIFRAN MONTAÑEZ','86088395','3204057577','','',161,'2014-01-18',0,'','META','VILLAVICENCIO','BEMPOSTA','FRENTE AL BR.LA NORA VIA ACACI','May 21 2007 12:00AM','4','SECTOR 1 -10'),(103,'2014-01-18 14:09:22','2014-01-18 14:09:22',1010,'MARTHA RUEDA','40276421','3102340287','','',161,'2014-01-18',0,'','META','VILLAVICENCIO','BEMPOSTA','FRENTE AL BR.LA NORA VIA ACACI','Nov  2 2009 12:00AM','2','SECTOR 1'),(104,'2014-01-18 14:10:20','2014-01-18 14:10:20',1010,'OLGA BETANCURT','20530776','3123401384','','',161,'2014-01-18',0,'','META','VILLAVICENCIO','BEMPOSTA','FRENTE AL BR.LA NORA VIA ACACI','May 21 2011 12:00AM','2','SECTOR  1'),(105,'2014-01-18 14:12:49','2014-01-18 14:12:49',1010,'LUCIA PORRAS','40415295','3114429233','','',161,'2014-01-18',0,'','META','VILLAVICENCIO','BEMPOSTA','FRENTE AL BR.LA NORA VIA ACACI','Jun 23 2003 12:00AM','3','SECTOR 1'),(106,'2014-01-18 14:13:24','2014-01-18 14:13:24',1010,'PABLO PORRAS','4586055','3114429233','','',161,'2014-01-18',0,'','META','VILLAVICENCIO','BEMPOSTA','FRENTE AL BR.LA NORA VIA ACACI','Jun 23 2003 12:00AM','1','SECTOR 1'),(107,'2014-01-18 14:14:31','2014-01-18 14:14:31',1010,'ABELARDO GONZALES','17350689','3114429233','','',161,'2014-01-18',0,'','META','VILLAVICENCIO','BEMPOSTA','FRENTE AL BR.LA NORA VIA ACACI','Nov 10 2005 12:00AM','1','SECTOR 1'),(108,'2014-01-18 14:15:12','2014-01-18 14:15:12',1010,'CLAUDIA VALENCIA','40185529','3103190454','','',161,'2014-01-18',0,'','META','VILLAVICENCIO','COL DE BACHILLERATO FEMENINO','KR 33 # 18 a-43','Apr  1 2000 12:00AM','4','SECOTOR 1 '),(109,'2014-01-18 14:16:49','2014-01-18 14:16:49',1010,'MARCELA DIAZ','40186772','3214373363','','',161,'2014-01-18',0,'','META','VILLAVICENCIO','BEMPOSTA','FRENTE AL BR.LA NORA VIA ACACI','Jun 23 2003 12:00AM','2','SECTOR 3'),(110,'2014-01-18 14:17:30','2014-01-18 14:17:30',1010,'JANED ASTRID DIAZ','1121848106','3202084599','','',161,'2014-01-18',0,'','META','VILLAVICENCIO','COL NTRA SRA DE LA SABIDURIA','CL 40 # 31-42 CTRO','Mar 15 2007 12:00AM','6','SECOTOR 1 '),(111,'2014-01-18 14:18:44','2014-01-18 14:18:44',1010,'MANUEL MAYORGA','97601030','3212388247','','',161,'2014-01-18',0,'','GUAVIARE','SAN JOSE DEL GUAVIARE','INSTITUCION EDUCATIVA C.D.R.','KR 20 # 14-98 BR. MODELO','Jan  9 1994 12:00AM','4','SECTOR 1'),(112,'2014-01-18 14:19:34','2014-01-18 14:19:34',1010,'ROSIDELIA HERREÑO','21176523','3212388247','','',161,'2014-01-18',0,'','META','ACACIAS','COL. MPAL LUIS CARLOS GALAN S','KR 12 NUM 13-44 B. JUAN MELLAO','Jul 23 1997 12:00AM','2','SECTOR 1'),(113,'2014-01-18 14:20:20','2014-01-18 14:20:20',1010,'MARIA HUESO','30082005','','','',161,'2014-01-18',0,'','META','VILLAVICENCIO','BEMPOSTA','FRENTE AL BR.LA NORA VIA ACACI','Sep 13 2005 12:00AM','2','SECTOR 1'),(114,'2014-01-18 14:23:32','2014-01-18 14:23:32',1010,'JUAN CARLOS BECERRA','86011493','3138628538','','',161,'2014-01-18',0,'','META','VILLAVICENCIO','BEMPOSTA','FRENTE AL BR.LA NORA VIA ACACI','May 21 2011 12:00AM','3','SECTOR 1'),(115,'2014-01-18 14:24:35','2014-01-18 14:24:35',1010,'JHON FREDY SALAZAR FIGUEROA','1121879332','3107805756','','',161,'2014-01-18',0,'\r\n','META','VILLAVICENCIO','ESC. LAS PALMAS-CIUDAD PORFIA','MZ. 35 LOTE 15 Y 16 SECTOR LAS','Dec 13 2009 10:31PM','20','SECTOR 1'),(116,'2014-01-18 14:25:14','2014-01-18 14:25:14',1010,'MARIA SANCHEZ','40399012','3134662662','','',161,'2014-01-18',0,'','META','VILLAVICENCIO','COL. EDUARDO CARRANZA','CL 25 # 12A-175 BR.POPULA','May 21 2011 12:00AM','4','SECTOR 1'),(117,'2014-01-18 14:26:08','2014-01-18 14:26:08',1010,'GIOVVANY TORRES','86072587','3138528653','','',161,'2014-01-18',0,'','META','VILLAVICENCIO','ESC. LAS PALMAS-CIUDAD PORFIA','MZ. 35 LOTE 15 Y 16 SECTOR LAS','May 14 2007 12:00AM','15','SECTOR 1'),(118,'2014-01-18 14:27:29','2014-01-18 14:27:29',1010,'REINE QUICEÑO','17445821','3156042211','','',161,'2014-01-18',0,'\r\n','META','VILLAVICENCIO','BEMPOSTA','FRENTE AL BR.LA NORA VIA ACACI','May 20 2011 12:00AM','1','SECTOR 1'),(119,'2014-01-18 14:29:03','2014-01-18 14:29:03',1010,'HOZORIO FOYE','16245030','3143917678','','',161,'2014-01-18',0,'','META','VILLAVICENCIO','LA CONCEPCION','INST. EDUCT. LA CONCEPCION','Jun 13 2000 12:00AM','1','SECTOR 1'),(120,'2014-01-18 14:29:49','2014-01-18 14:29:49',1010,'NUBIA YASMINT','39726209','3125095563','','',161,'2014-01-18',0,'','CUNDINAMARCA','SIBATE','POLIDEPORTIVO PABLO NERUDA','DIAG. 4 CR5A 14 B. PABLO NERUD','Apr  1 2000 12:00AM','5','SECTOR 1'),(121,'2014-01-18 14:31:07','2014-01-18 14:31:07',1010,'DULAY  OSORIO','40362953','3118340579','','',161,'2014-01-18',0,'','META','VILLAVICENCIO','BEMPOSTA','FRENTE AL BR.LA NORA VIA ACACI','May 22 2011 12:00AM','3','SECTOR 1'),(122,'2014-01-18 14:35:10','2014-01-18 14:35:10',1010,'DAGOBERTO BLANDON','5955545','3125873311','','',161,'2014-01-18',0,'','META','VILLAVICENCIO','BEMPOSTA','FRENTE AL BR.LA NORA VIA ACACI','May 22 2011 12:00AM','1','SECTOR 1'),(123,'2014-01-18 14:36:54','2014-01-18 14:36:54',1010,'EDISON VARON','5996729','3112184217','','',161,'2014-01-18',0,'','TOLIMA','ROVIRA','PUESTO CABECERA MUNICIPAL','RURAL','Jan 11 2002 12:00AM','10','SECTOR 1'),(124,'2014-01-18 14:39:42','2014-01-18 14:39:42',1010,'REINALDO GOMEZ','4940298','3125635439','','',161,'2014-01-18',0,'','META','VILLAVICENCIO','BEMPOSTA','FRENTE AL BR.LA NORA VIA ACACI','Nov  2 2009 12:00AM','1','SECTOR 3'),(125,'2014-01-18 14:43:45','2014-01-18 14:43:45',1010,'LUZ MARINA CHAPARRO','23840045','3203070791','','',161,'2014-01-18',0,'','META','VILLAVICENCIO','BEMPOSTA','FRENTE AL BR.LA NORA VIA ACACI','May 21 2011 12:00AM','2','SECTOR MEDIO '),(126,'2014-01-18 14:47:29','2014-01-18 14:47:29',1010,'JOSE TRINIDAD','9465063','3203882820','','',161,'2014-01-18',0,'','META','VILLAVICENCIO','BEMPOSTA','FRENTE AL BR.LA NORA VIA ACACI','May 22 2011 12:00AM','1','SECTOR 1 CS 8'),(127,'2014-01-18 14:51:56','2014-01-18 14:51:56',1011,'CARLOS GARCIA','86041671','3212431381','','',161,'2014-01-18',0,'','META','VILLAVICENCIO','COL. LUIS CARLOS GALAN SARMIEN','KR 40 # 51-10 SUR','Dec 14 2001 12:00AM','17','SECTOR 2-22'),(128,'2014-01-18 14:52:39','2014-01-18 14:52:39',1011,'MIGUEL MENDEZ','1122647518','3214442948','','',161,'2014-01-18',0,'','META','RESTREPO','PUESTO CABECERA MUNICIPAL','CR. 8 # 8 50 CTRO','Mar 15 2007 12:00AM','33','SECTOR 7-6'),(129,'2014-01-18 14:53:08','2014-01-18 14:53:08',1011,'YURANY AVILES','40329709','3212433138','','',161,'2014-01-18',0,'','META','VILLAVICENCIO','BEMPOSTA','FRENTE AL BR.LA NORA VIA ACACI','May 21 2007 12:00AM','2','SECTOR 2'),(130,'2014-01-18 14:55:41','2014-01-18 14:55:41',1011,'ELEY LILIAN PALACIO','40610959','3144461919','','',161,'2014-01-18',0,'','CAQUETA','FLORENCIA','UNIVERSIDAD DE LA AMAZONIA','AV CIRCUNVALACIÓN BR. EL PORVENIR','Jan 11 2002 12:00AM','15','SECTOR 2 -6'),(131,'2014-01-18 14:56:29','2014-01-18 14:56:29',1011,'ALEXANDER LAMPREA POLO','1121821836','3145033112','','',161,'2014-01-18',0,'','META','VILLAVICENCIO','COLEGIO DON BOSCO','BR. EL BUQUE SECTOR BUGANIBLES','Jan 19 2005  5:02PM','18','SECTOR 1'),(132,'2014-01-18 14:57:39','2014-01-18 14:57:39',1011,'NOHEMI LAMPREA POLO','20700486','3143878083','','',161,'2014-01-18',0,'','CUNDINAMARCA','GRANADA','PUESTO CABECERA MUNICIPAL','CL 14 # 12-00 I.E.D.GUSTAVO UR','Jun 21 2003 12:00AM','5','SECTOR 1'),(133,'2014-01-18 15:15:49','2014-01-18 15:15:49',796,' MARIA CARMEN SALAMANCA','21220632','3114793451','','',128,'2014-01-18',0,'','META','VILLAVICENCIO','COL. MIGUEL ANGEL MARTIN','KR 25 # 15-60 BR.NUEVO RICAURT','Feb 11 1990 12:00AM','5','CALL 4C 28-09'),(134,'2014-01-18 15:16:54','2014-01-18 15:16:54',796,'GILBERTO TOVAR','17300628','3115919924','','',128,'2014-01-18',0,'','META','VILLAVICENCIO','I.E. LA ALBORADA','KR 25 CL 48 BR.ALBORADA','May 22 2011 12:00AM','2','CALL 4C 28-15'),(135,'2014-01-18 15:18:29','2014-01-18 15:18:29',624,'EUGENIA PATRICIA TERREROS','40441299','3118641520','','',128,'2014-01-18',0,'','META','VILLAVICENCIO','I.E. LA ALBORADA','KR 25 CL 48 BR.ALBORADA','Nov  8 2005 12:00AM','9','CRA 28A 4B -05'),(136,'2014-01-18 15:19:39','2014-01-18 15:19:39',796,'JACKELINE SUAN','35260719','3214884818','','',128,'2014-01-18',0,'','META','VILLAVICENCIO','COL. DPTAL LA ESPERANZA','KR 45 # 13B-25','Mar 22 2007 12:00AM','9','CALL 4C 28-09'),(137,'2014-01-18 15:20:22','2014-01-18 15:20:22',796,'NELSON ALBEIRO MURCIA','17348863','3202198457','','',128,'2014-01-18',0,'','META','VILLAVICENCIO','COL. ANTONY PHIIPPS','KR 37 CL 22A BIS','Jan  7 1994 12:00AM','5','CALL 28 4B-64'),(138,'2014-01-18 15:21:24','2014-01-18 15:21:24',796,'MARIA PINTO','65778056','3107202250','','',128,'2014-01-18',0,'','CASANARE','TAURAMENA','PUESTO CABECERA MUNICIPAL','CLL8#10-78 COL.JOSE MARIA CORD','Mar 15 2011 12:00AM','17','CRA 28 4B-52'),(139,'2014-01-18 15:22:08','2014-01-18 15:22:08',796,'MANUEL CALLE','17309066','3138519048','','',128,'2014-01-18',0,'','CASANARE','TAURAMENA','PUESTO CABECERA MUNICIPAL','CLL8#10-78 COL.JOSE MARIA CORD','Oct 28 2009 12:00AM','5','CRA 28 4B-52'),(140,'2014-01-18 15:23:00','2014-01-18 15:23:00',796,'VIRNIA BLANCO DE GAITAN','21234639','3123932808','','',128,'2014-01-18',0,'','META','VILLAVICENCIO','ESCUELA FRANCISCO MIRANDA','CL 35 # 29-09','Jul 19 1997 12:00AM','6','CRA 28 4B -58'),(141,'2014-01-18 15:24:37','2014-01-18 15:24:37',796,'JOSE DOMINGO GAITAN','3293557','6682195','','',128,'2014-01-18',0,'','META','VILLAVICENCIO','COL. MIGUEL ANGEL MARTIN','KR 25 # 15-60 BR.NUEVO RICAURT','Mar 13 1988 12:00AM','1','CRA 28 4B-58'),(142,'2014-01-18 15:30:21','2014-01-18 15:30:21',796,'ZULMA RUIZ HERNANDEZ','1074132828','3112951877','','',128,'2014-01-18',0,'','CUNDINAMARCA','CAQUEZA','PUESTO CABECERA MUNICIPAL','COLISEO GERMAN ROJAS URREGO CL 5 # 3-55','Apr 14 2010  3:25AM','38','CRA 28 4B 76'),(143,'2014-01-18 15:31:03','2014-01-18 15:31:03',412,'MIGUEL REINALDO GARAVITO','86075187','3188554536','','',163,'2014-01-18',0,'','META','VILLAVICENCIO','COL. NARCISO MATUS TORRES','KR 14 # 40B-02 BR.BASTILLA','Sep  2 2007 12:00AM','12','STA CATALINA 4 CASA I12'),(144,'2014-01-18 15:31:55','2014-01-18 15:31:55',796,'OLGA ZAMORA','36176104','3213364267','','',130,'2014-01-18',0,'','META','VILLAVICENCIO','COL. ANTONY PHIIPPS','KR 37 CL 22A BIS','Dec 15 1997 12:00AM','8','MZN 2 CS 14'),(145,'2014-01-18 15:33:05','2014-01-18 16:34:35',412,'WILLIAM DIAZ VIDAL','1121841331','3214700490','','',64,'2014-01-18',0,'','META','VILLAVICENCIO','ESCUELA LA CEIBA','CL 30 KR 15 EQ','Oct 25 2009 12:00AM','27','CLL 36A 15-79 SANTA HELENA'),(146,'2014-01-18 15:34:14','2014-01-18 15:34:14',796,'NIDIA YANIRA AREVALO','40188752','3133564767','','',128,'2014-01-18',0,'','META','VILLAVICENCIO','COL DE BACHILLERATO FEMENINO','KR 33 # 18 a-43','Apr  1 2000 12:00AM','6','CALL 4C 28-09 '),(147,'2014-01-18 15:36:12','2014-01-18 16:35:19',412,'JHON ALEXANDER GARAVITO','86070230','3203463794','','',23,'2014-01-18',0,'','META','VILLAVICENCIO','COL DE BACHILLERATO FEMENINO','KR 33 # 18 a-43','Apr  1 2000 12:00AM','24','CENTRO'),(148,'2014-01-18 15:39:21','2014-01-18 15:39:21',796,'ZULMA RUIZ HERNANDEZ','1074132928','3112951877','','',128,'2014-01-18',0,'','META','VILLAVICENCIO','I.E. LA ALBORADA','KR 25 CL 48 BR.ALBORADA','May 22 2011 12:00AM','13','CRA 28 4B -76'),(149,'2014-01-18 15:43:11','2014-01-18 15:43:11',796,'EDWAR YOSUAKY SUAN','86045319','3132266575','','',128,'2014-01-18',0,'','META','VILLAVICENCIO','UNIDAD BASICA COL. SAN JOSE','CL 38 # 40','Jan 13 1994 12:00AM','7','CALL 4C 28-09'),(150,'2014-01-18 15:44:53','2014-01-18 15:44:53',796,'ROSALINA SALAMANCA','21213230','3012335757','','',120,'2014-01-18',0,'','META','VILLAVICENCIO','COL. DPTAL LA ESPERANZA','KR 45 # 13B-25','Jul 26 1997 12:00AM','6','CALL 9 33-06 '),(151,'2014-01-18 15:45:44','2014-01-18 15:45:44',796,'LUCIA TOVAR ROMERO','21241376','311591924','','',128,'2014-01-18',0,'','META','VILLAVICENCIO','I.E. LA ALBORADA','KR 25 CL 48 BR.ALBORADA','Jul 21 1997 12:00AM','5','CALL 4 28-15'),(152,'2014-01-18 15:47:10','2014-01-18 15:47:10',196,'ALEXANDER BAQUERO','86066454','3115305059','','',128,'2014-01-18',0,'','META','VILLAVICENCIO','COL. GILBERTO ALZATE AVENDAÑO','KR 30A CON CL 5A','Dec 16 2001 12:00AM','10','CALL 4C 28-48'),(154,'2014-01-18 15:50:54','2014-01-18 15:50:54',796,'LUZ DARY BAQUERO','40432403','3106138531','','',128,'2014-01-18',0,'','BOGOTA D.C.','BOGOTA. D.C.','BUENAVISTA','KR 5 B # 189 B-30','Nov  8 2005 12:00AM','3','CRA 27 4B '),(155,'2014-01-18 15:52:02','2014-01-18 15:52:02',196,'MARIA EMA LOPEZ','21205800','3213602130','','',128,'2014-01-18',0,'','META','VILLAVICENCIO','I.E. LA ALBORADA','KR 25 CL 48 BR.ALBORADA','Nov 10 2005 12:00AM','4','CRA 27 4D -68'),(156,'2014-01-18 15:57:45','2014-01-18 15:57:45',796,'LIGIA ROJAS','21214927','314251810','','',128,'2014-01-18',0,'','META','VILLAVICENCIO','I.E. LA ALBORADA','KR 25 CL 48 BR.ALBORADA','Nov 10 2005 12:00AM','4','CRA 27 4D -68 '),(157,'2014-01-18 15:58:08','2014-01-18 15:58:08',412,'YAMILE GIRALDO','40438264','6621711','','',77,'2014-01-18',0,'','META','VILLAVICENCIO','I.E. SIETE DE AGOSTO','CL l 7 # 38-57 B. SIETE DE A','Aug 26 1994 12:00AM','7','ETAPA 3 CASA 43'),(158,'2014-01-18 15:58:53','2014-01-18 15:58:53',796,'ANA PATRICIA ROJAS','40396949','3104835639','','',128,'2014-01-18',0,'','META','VILLAVICENCIO','I.E. SIETE DE AGOSTO','CL l 7 # 38-57 B. SIETE DE A','Jul  5 1991 12:00AM','5','CRA 27 4D -71'),(159,'2014-01-18 15:59:35','2014-01-18 15:59:35',796,'JOSE ARCANGEL TORRES','3017132','3164209798','','',127,'2014-01-18',0,'','META','VILLAVICENCIO','I.E. LA ALBORADA','KR 25 CL 48 BR.ALBORADA','May 20 2011 12:00AM','1','CALL 5A 29A'),(160,'2014-01-18 15:59:41','2014-01-18 16:31:46',412,'JUAN CARLOS MUÑOZ','86068710','3123504855','','',77,'2014-01-18',0,'','META','VILLAVICENCIO','COL. ABRAHAN LINCOLN','CL 25 # 23-150','Jun  8 2000 12:00AM','18','ETAPA 3 CASA 43 COVISAN'),(161,'2014-01-18 16:02:50','2014-01-18 16:02:50',796,'MARIA INES TRUJILLO','51927553','3164209798','','',127,'2014-01-18',0,'','META','VILLAVICENCIO','COL. MIGUEL ANGEL MARTIN','KR 25 # 15-60 BR.NUEVO RICAURT','Jan 24 1990 12:00AM','10','CALL 5A 29A'),(162,'2014-01-18 16:03:54','2014-01-18 16:03:54',796,'LUIS EDUARDO TRUJILLO','3912966','3125525911','','',128,'2014-01-18',0,'','SUCRE','MORROA','PUESTO CABECERA MUNICIPAL','KR 4 #2-15 BR 9 de Abril','Jun 20 2003 12:00AM','2','CALL 28-15'),(163,'2014-01-18 16:04:41','2014-01-18 16:04:41',796,'MAIRA RUEDA','1121926102','3133569994','','',128,'2014-01-18',0,'','META','VILLAVICENCIO','I.E. LA ALBORADA','KR 25 CL 48 BR.ALBORADA','Oct 31 2013 12:00AM','18','CRA 28A 4B'),(164,'2014-01-18 16:18:53','2014-01-18 16:18:53',796,'MARIA CARMEN HERNANDEZ','21222648','3143865057','','',128,'2014-01-18',0,'','META','VILLAVICENCIO','I.E. LA ALBORADA','KR 25 CL 48 BR.ALBORADA','Oct 23 2009 12:00AM','4','CRA 28A 4B-39'),(165,'2014-01-18 16:19:46','2014-01-18 16:19:46',796,'YONFASY MONTENEGRO','40382717','3106874898','','',152,'2014-01-18',0,'','META','VILLAVICENCIO','ESC. NVA ARNULFO BRICEÑO','CIUDADELA SAN ANTONIO','May 20 2007 12:00AM','3','CALL 40A 44-27'),(166,'2014-01-18 16:25:09','2014-01-18 16:25:09',796,'LUIS SALAMANCA AGUIRRE','487359','3112999892','','',164,'2014-01-18',0,'','META','VILLAVICENCIO','COL. MANUELA BELTRAN','CL 25 # 6-115 BR.POPULAR','Dec 20 1997 12:00AM','1','MZN 6 9-5'),(167,'2014-01-18 16:29:05','2014-01-18 16:29:05',666,'OLADIZ RUIZ CIZO','40431033','3118374088','','',120,'2014-01-18',0,'','META','ACACIAS','COLISEO ANTIGUA NORMAL','CL 14 # 21-32 B. COOPERATIVO','Aug 16 1996 12:00AM','8','CRA 33 12-07'),(168,'2014-01-18 16:33:41','2014-01-18 16:33:41',666,'IRENE BELTRAN','21236912','3129685788','','',129,'2014-01-18',0,'','META','VILLAVICENCIO','COL. GILBERTO ALZATE AVENDAÑO','KR 30A CON CL 5A','Aug  2 1997 12:00AM','4','VILLA BOLIVAR CAS 2'),(169,'2014-01-18 16:34:26','2014-01-18 16:34:26',666,'ELISIO ROJAS CARRILLO','287030','6679452','','',120,'2014-01-18',0,'','CUNDINAMARCA','GUTIERREZ','PUESTO CABECERA MUNICIPAL','CL 3 # 5 - 47','Mar 13 1988 12:00AM','1','CRA 32 12A-04'),(170,'2014-01-18 16:41:20','2014-01-18 16:41:20',412,'BLANCA IRMA BELTRAN','40375722','3107746110','','',46,'2014-01-18',0,'','META','VILLAVICENCIO','COLEGIO SANTA INES','CL 37 A # 24-04 BR.STA INES','May 19 2007 12:00AM','4','CRA 25 27F-32'),(171,'2014-01-18 16:47:34','2014-01-18 16:47:34',666,'CARLOS MAURICIO ROJAS','1121852775','3156339448','','',120,'2014-01-18',0,'','META','VILLAVICENCIO','COL. NARCISO MATUS TORRES','KR 14 # 40B-02 BR.BASTILLA','Jul 16 2007 12:00AM','17','CRA 32A 12A-04'),(172,'2014-01-18 16:48:19','2014-01-18 16:48:19',666,'MARLON ROJAS','1121916314','3212696830','','',120,'2014-01-18',0,'','META','VILLAVICENCIO','COL. ALBERTO LLERAS CAMARGO','CL 5A # 10A-21 BR.ESTERO','Jan  9 2013 12:00AM','18','CRA 32B 12-04'),(173,'2014-01-18 16:49:11','2014-01-18 16:49:11',666,'MAURO ROJAS RUIZ','3061664','6679452','','',120,'2014-01-18',0,'','META','VILLAVICENCIO','COL. MIGUEL ANGEL MARTIN','KR 25 # 15-60 BR.NUEVO RICAURT','Aug  1 1997 12:00AM','1','CRA 33B 12A-04'),(174,'2014-01-18 16:49:56','2014-01-18 16:49:56',666,'NORA BELTRAN','40370646','3132424945','','',120,'2014-01-18',0,'','META','VILLAVICENCIO','COL. MIGUEL ANGEL MARTIN','KR 25 # 15-60 BR.NUEVO RICAURT','Jul 31 1997 12:00AM','8','CRA 32B 12A-04'),(175,'2014-01-18 16:52:19','2014-01-18 16:52:19',666,'ARLEY RODRIGUEZ','79742288','6675025','','',73,'2014-01-18',0,'','BOGOTA D.C.','BOGOTA. D.C.','SANTO DOMINGO','CL 62 B SUR # 77 C-11','May 22 2011 12:00AM','14','BARRIO RECREO'),(176,'2014-01-18 16:53:23','2014-01-18 16:53:23',666,'CRISTOBAL ZUÑIGA','3296490','3142279994','','',83,'2014-01-18',0,'','META','VILLAVICENCIO','COL. MANUELA BELTRAN','CL 25 # 6-115 BR.POPULAR','Nov  2 2005 12:00AM','3','BARRIO OLIMPICO'),(177,'2014-01-18 16:54:04','2014-01-18 16:54:04',666,'PATRICIA RODRIGUEZ','80082485','3213382698','','',120,'2014-01-18',0,'','BOGOTA D.C.','BOGOTA. D.C.','PUESTO CENSO(FERIA EXPOSICION','CL 24 # 37-94','Oct 30 1997 12:00AM','399','CALL 12 32B-25'),(178,'2014-01-18 16:54:39','2014-01-18 16:54:39',666,'ALEXANDER HERNANDEZ','86040826','3132788736','','',120,'2014-01-18',0,'','META','VILLAVICENCIO','COLEGIO DON BOSCO','BR. EL BUQUE SECTOR BUGANIBLES','Jul 31 1997 12:00AM','16','CALL 12 32B-25'),(179,'2014-01-18 16:55:05','2014-01-18 16:55:05',412,'MARIA IRMA CAMPUZANO','30342399','3202028334','','',46,'2014-01-18',0,'','META','VILLAVICENCIO','COLEGIO SANTA INES','CL 37 A # 24-04 BR.STA INES','May 12 2011 12:00AM','3','CRA 24 37-25 VILLA JULIA'),(180,'2014-01-18 16:55:22','2014-01-18 16:55:22',666,'YOLANDA PRIETO AMAYA','40382552','3125285881','','',120,'2014-01-18',0,'','META','VILLAVICENCIO','ESC. JHON F. KENNEDY','KR 46 # 11- 28 2A ETP ESPERANZ','May 18 2007 12:00AM','6','CALL 12A 32A -23'),(181,'2014-01-18 16:55:55','2014-01-18 16:55:55',666,'OMAR CHITIVA RUIZ','30081161','3103019327','','',120,'2014-01-18',0,'','META','VILLAVICENCIO','COL. ANTONY PHIIPPS','KR 37 CL 22A BIS','Nov 10 2005 12:00AM','7','CRA 32B 12A-16'),(182,'2014-01-18 16:56:25','2014-01-18 16:56:25',412,'ZULI TOLOSA GOMEZ','1121841481','3213095834','','',48,'2014-01-18',0,'','META','VILLAVICENCIO','COL. MANUELA BELTRAN','CL 25 # 6-115 BR.POPULAR','May 22 2011 12:00AM','25','SANTA INES'),(183,'2014-01-18 16:56:57','2014-01-18 16:56:57',666,'JUAN JOSE YATE','86045391','3132636981','','',120,'2014-01-18',0,'','META','VILLAVICENCIO','COL. ANTONY PHIIPPS','KR 37 CL 22A BIS','Dec 18 1997 12:00AM','13','CRA 32B 12A-16'),(184,'2014-01-18 16:58:37','2014-01-18 16:58:37',412,'PAULA ANDREA SERNA CARVAJAL','1121874759','3107937644','','',71,'2014-01-18',0,'','META','VILLAVICENCIO','ESCUELA SAN CARLOS','MZ B CASA 1 BR.SAN CARLOS','May 19 2009  4:54PM','11','CLL 37A 21-21 MORICHAL'),(185,'2014-01-18 16:59:17','2014-01-18 16:59:17',666,'HERNAN PEREZ','17341893','3105301020','','',120,'2014-01-18',0,'','META','VILLAVICENCIO','PUERTO COLOMBIA','PUERTO COLOMBIA','Jul 31 1997 12:00AM','1','CRA 32B 12B-16'),(186,'2014-01-18 17:00:04','2014-01-18 17:00:04',666,'YULY PEREZ','1121881833','3107687729','','',120,'2014-01-18',0,'','META','VILLAVICENCIO','COL. DPTAL LA ESPERANZA','KR 45 # 13B-25','Dec 13 2009 10:31PM','22','CRA 32B 12B-16'),(187,'2014-01-18 17:00:43','2014-01-18 17:00:43',666,'ERICA MILENA CRUZ','40326151','3102046888','','',120,'2014-01-18',0,'','META','VILLAVICENCIO','COL DE BACHILLERATO FEMENINO','KR 33 # 18 a-43','Jan 11 2002 12:00AM','10','CALL 12 32A-16'),(188,'2014-01-18 17:03:20','2014-01-18 17:03:20',666,'WILSON CORREA MONTOYA','86060121','6600366','','',120,'2014-01-18',0,'','META','VILLAVICENCIO','COL DE BACHILLERATO FEMENINO','KR 33 # 18 a-43','Jun 30 1997 12:00AM','20','CALL 12 32A-16'),(189,'2014-01-18 17:04:18','2014-01-18 17:04:18',666,'AGRIPINA BAQUERO','40374531','3133361353','','',146,'2014-01-18',0,'','META','CASTILLA LA NUEVA','SAN LORENZO','I.E.CASTILLA LA NUEVA SEDE ANTIGUA SAN LORENZO','May 10 2011 12:00AM','2','BARRIO ROCHELA'),(190,'2014-01-18 17:05:02','2014-01-18 17:05:02',666,'SANDI MORA PARRA','1052382196','3204855995','','',120,'2014-01-18',0,'','BOYACA','DUITAMA','COLEGIO JAIRO ANIBAL NIÑO','CL 19-KR 46 BR JUAN GRANDE','Oct 15 2005  8:25AM','3','ESPERANZA'),(191,'2014-01-18 17:05:41','2014-01-18 17:05:41',412,'JORGE ENRIQUE TORREZ','17308275','3108115318','','',138,'2014-01-18',0,'','META','VILLAVICENCIO','ESC. LAS PALMAS-CIUDAD PORFIA','MZ. 35 LOTE 15 Y 16 SECTOR LAS','May 14 2007 12:00AM','5','CRA 70 SUR 40-91 PORFIA'),(192,'2014-01-18 17:06:14','2014-01-18 17:06:14',666,'LUZ MILA DE PRIETO','21223781','6638485','','',120,'2014-01-18',0,'','META','VILLAVICENCIO','COL. GERMAN ARCINIEGAS','KR 47B # 7B-20','Aug 26 1991 12:00AM','10','ESPERANZA'),(193,'2014-01-18 17:07:30','2014-01-18 17:07:30',412,'HECTOR VIDAL SANCHEZ','475813','3103459225','','',138,'2014-01-18',0,'','META','VILLAVICENCIO','ESC. LAS PALMAS-CIUDAD PORFIA','MZ. 35 LOTE 15 Y 16 SECTOR LAS','Mar 13 1988 12:00AM','1','CLL 74 41-15 PORFIA'),(194,'2014-01-18 17:07:39','2014-01-18 17:07:39',666,'DARIO GUTIEREZ','17336996','3202544434','','',120,'2014-01-18',0,'','META','VILLAVICENCIO','COL. MIGUEL ANGEL MARTIN','KR 25 # 15-60 BR.NUEVO RICAURT','Mar 13 1988 12:00AM','3','CALL 11B 32A-38'),(195,'2014-01-18 17:09:33','2014-01-18 17:09:33',412,'WILIAN ALEXANDER PORTELA GONZALES ','86076414','3133553030','','',138,'2014-01-18',0,'','META','VILLAVICENCIO','ESC. LAS PALMAS-CIUDAD PORFIA','MZ. 35 LOTE 15 Y 16 SECTOR LAS','Oct 26 2009 12:00AM','15','CRA 43A 70-01 '),(196,'2014-01-18 17:09:33','2014-01-18 17:09:33',666,'ERICA JUIED GALVIS COMETA','1121918463','3117222154','','',120,'2014-01-18',0,'','META','VILLAVICENCIO','COL. MANUELA BELTRAN','CL 25 # 6-115 BR.POPULAR','Jun 19 2013 12:00AM','28','CRA 32B 12A -07'),(197,'2014-01-18 17:10:34','2014-01-18 17:10:34',666,'DEISY COMETA MUCA','1023895006','3208822339','','',120,'2014-01-18',0,'','BOGOTA D.C.','BOGOTA. D.C.','VILLA LUZ','CL 64 C # 76-23','Sep 25 2008 12:00AM','16','CRA 32B 12A -07'),(198,'2014-01-18 17:11:02','2014-01-18 17:11:02',412,'SANDRA YAMILE CARRILLO TORREZ','1121861057','3106191161','','',138,'2014-01-18',0,'','META','VILLAVICENCIO','ESC. LAS PALMAS-CIUDAD PORFIA','MZ. 35 LOTE 15 Y 16 SECTOR LAS','Jul  9 2008 12:00AM','19','CRA 43A 70-01 '),(199,'2014-01-18 17:13:22','2014-01-18 17:13:22',412,'ICNACIA GONZALES SANCHEZ','21234404','3132740217','','',138,'2014-01-18',0,'','META','VILLAVICENCIO','ESC. LAS PALMAS-CIUDAD PORFIA','MZ. 35 LOTE 15 Y 16 SECTOR LAS','Oct 26 2009 12:00AM','9','CLL 71 41-40'),(200,'2014-01-18 17:14:44','2014-01-18 17:14:44',412,'RAQUEL YAZMIN PORTELA GOMEZ','1121908868','3133879560','','',138,'2014-01-18',0,'','META','VILLAVICENCIO','ESC. LAS PALMAS-CIUDAD PORFIA','MZ. 35 LOTE 15 Y 16 SECTOR LAS','May  2 2012 12:00AM','22','CLL 71 41-40'),(201,'2014-01-18 17:15:59','2014-01-18 17:15:59',412,'AURORA SANCHEZ','40399003','310815318','','',138,'2014-01-18',0,'','META','VILLAVICENCIO','ESC. LAS PALMAS-CIUDAD PORFIA','MZ. 35 LOTE 15 Y 16 SECTOR LAS','Nov  9 2005 12:00AM','12','CLL 70 SUR 40-91'),(202,'2014-01-18 17:17:07','2014-01-18 17:17:07',666,'ANDRES FELIPE CASTELLANO','1121909510','3132449597','','',168,'2014-01-18',0,'','META','VILLAVICENCIO','COL. ALBERTO LLERAS CAMARGO','CL 5A # 10A-21 BR.ESTERO','Jun  5 2012 12:00AM','17','CALL 4D 19-14'),(203,'2014-01-18 17:17:08','2014-01-18 17:17:08',412,'FREDY HERNAN PORTELA GONZALES','86071406','3138002969','','',138,'2014-01-18',0,'','META','VILLAVICENCIO','ESC. LAS PALMAS-CIUDAD PORFIA','MZ. 35 LOTE 15 Y 16 SECTOR LAS','May 20 2011 12:00AM','15','CLL 71 41-40'),(204,'2014-01-18 17:21:16','2014-01-18 17:21:16',412,'CAROLINA PORTELA GONZALES','40333655','3135581593','','',138,'2014-01-18',0,'','META','VILLAVICENCIO','ESC. LAS PALMAS-CIUDAD PORFIA','MZ. 35 LOTE 15 Y 16 SECTOR LAS','Oct 26 2009 12:00AM','12','CLL 66 42-63'),(205,'2014-01-18 17:27:07','2014-01-18 17:27:07',412,'JOSE INACIO ROJAS','80381934','3123907794','','',138,'2014-01-18',0,'','META','VILLAVICENCIO','ESC. LAS PALMAS-CIUDAD PORFIA','MZ. 35 LOTE 15 Y 16 SECTOR LAS','Oct 26 2009 12:00AM','14','CLL 66 42-63'),(206,'2014-01-18 17:28:43','2014-01-18 17:28:43',669,'DULCELINA MIRANDA','1121821495','3014944391','','',128,'2014-01-18',0,'','META','VILLAVICENCIO','HOGAR INFANTIL 20 DE JULIO','CL 27 # 22C-39 BR.20 DE JULIO','Jan 19 2005  5:02PM','9','CALL 4D 25-15'),(207,'2014-01-18 17:31:47','2014-01-18 17:31:47',412,'JAIRO HUMBERTO GONZALES','17316468','3114833666','','',169,'2014-01-18',0,'','META','VILLAVICENCIO','ESC. LAS PALMAS-CIUDAD PORFIA','MZ. 35 LOTE 15 Y 16 SECTOR LAS','Aug 23 1994 12:00AM','5','CLL 2 MZ 8 VILLA JULIANA'),(208,'2014-01-18 17:32:12','2014-01-18 17:32:12',669,'MAXIMILIANA MORALES','21236310','3143094164','','',57,'2014-01-18',0,'','META','VILLAVICENCIO','ESCUELA ANTONIO RICAURTE','KR 24 C # 26C-09 BR. 20DE JULI','Mar 13 1988 12:00AM','11','CALL 36A 22B-99'),(209,'2014-01-18 17:33:34','2014-01-18 17:33:34',412,'DOLORES ARDILA RINCON','17308868','3203244341','','',138,'2014-01-18',0,'','META','FUENTE DE ORO','PUESTO CABECERA MUNICIPAL','KR 14 13-17 I.E. SAN ANTONIO S','Feb 11 2006 11:54PM','4','CLL 70 40-91 '),(210,'2014-01-18 17:34:08','2014-01-18 17:34:08',669,'EYLEEN PATRICIA RIVERA','1121844241','3114575398','','',120,'2014-01-18',0,'','GUAINIA','INIRIDA','PUESTO CABECERA MUNICIPAL','CRA 7#17-06 COL. LUIS C GALAN','May 22 2011 12:00AM','46','CS 1C-19'),(211,'2014-01-18 17:34:34','2014-01-18 17:34:34',412,'LUCY PAVOS LOPEZ','41932419','3143655797','','',138,'2014-01-18',0,'','META','VILLAVICENCIO','COL. LUIS CARLOS GALAN SARMIEN','KR 40 # 51-10 SUR','May 22 2011 12:00AM','14','CLL 64 45-09'),(212,'2014-01-18 17:35:14','2014-01-18 17:35:14',669,'CARLOTA VANEGAS','21227857','3103273183','','',120,'2014-01-18',0,'','META','VILLAVICENCIO','COL. GERMAN ARCINIEGAS','KR 47B # 7B-20','Feb 11 1990 12:00AM','11','CRA 35 12A-04'),(213,'2014-01-18 17:35:28','2014-01-18 17:35:28',412,'OLA LUCIA CHAGO','1121861567','3143819850','','',138,'2014-01-18',0,'','META','VILLAVICENCIO','COL. EDUARDO CARRANZA','CL 25 # 12A-175 BR.POPULA','Jul  9 2008 12:00AM','16','CLL 72 45-76'),(214,'2014-01-18 17:36:22','2014-01-18 17:36:22',669,'JULI MARCELA BURGOS','52977662','3213735815','','',120,'2014-01-18',0,'','BOGOTA D.C.','BOGOTA. D.C.','PUESTO CENSO(FERIA EXPOSICION','CL 24 # 37-94','Mar 21 2002 12:00AM','231','CRA 35 11B-34 '),(215,'2014-01-18 17:36:49','2014-01-18 17:36:49',412,'EIVAR MARIANO GARAVITO','17337636','3112302598','','',94,'2014-01-18',0,'','META','VILLAVICENCIO','I.E. LA ALBORADA','KR 25 CL 48 BR.ALBORADA','Dec 19 1997 12:00AM','3','CLL 14 SUR 10-52 ESTE'),(216,'2014-01-18 17:37:05','2014-01-18 17:37:05',669,'LUZ GAITAN','1075872348','3118087594','','',120,'2014-01-18',0,'','META','CABUYARO','PUESTO CABECERA MUNICIPAL','KRA 5A, VIA GUAYABAL','May 19 2011 12:00AM','7','CALL 12  CRA 35-07'),(217,'2014-01-18 17:38:28','2014-01-18 17:38:28',412,'MARIA ISABEL PARDO AMAYA','40438202','3142847229','','',94,'2014-01-18',0,'','META','VILLAVICENCIO','I.E. LA ALBORADA','KR 25 CL 48 BR.ALBORADA','Dec 19 1997 12:00AM','9','CLL 14 SUR 10-52 ESTE'),(218,'2014-01-18 17:39:35','2014-01-18 17:39:35',412,'CLAUDIA LILIANA GARAVITO CASAS','35264609','3143233184','','',138,'2014-01-18',0,'','META','VILLAVICENCIO','ESC. LAS PALMAS-CIUDAD PORFIA','MZ. 35 LOTE 15 Y 16 SECTOR LAS','Nov  2 2009 12:00AM','11','CLL 72 41-94 '),(219,'2014-01-18 17:39:51','2014-01-18 17:39:51',408,'FREIMAN OCAMPO','1121864264','3208506612','','',138,'2014-01-18',0,'','META','VILLAVICENCIO','ESC. LAS PALMAS-CIUDAD PORFIA','MZ. 35 LOTE 15 Y 16 SECTOR LAS','Sep  6 2008  1:38PM','19','CLL 71 Nº 40-33'),(220,'2014-01-18 17:41:22','2014-01-18 17:41:22',669,'ROSALBA GUAPACHA','20327205','3112419091','','',120,'2014-01-18',0,'','META','VILLAVICENCIO','COL. GERMAN ARCINIEGAS','KR 47B # 7B-20','Feb  8 1990 12:00AM','8','CRA 37 12A-44'),(221,'2014-01-18 17:41:59','2014-01-18 17:41:59',669,'MARISOL DURAN','40218173','3203718295','','',120,'2014-01-18',0,'','META','VILLAVICENCIO','UNIDAD BASICA COL. SAN JOSE','CL 38 # 40','May 21 2007 12:00AM','2','CRA 37 11B -30'),(222,'2014-01-18 17:42:00','2014-01-18 17:42:00',408,'JAIME GONZALEZ','14636125','3215996288','','',138,'2014-01-18',0,'','VALLE','CALI','COLISEO DEL PUEBLO','CRA 52 entre CLS 2 y 3','Oct  2 2002 12:00AM','18','CLL 71 Nº 40-34'),(223,'2014-01-18 17:42:32','2014-01-18 17:42:32',669,'YANETH BALLESTEROS','35420199','3204165545','','',120,'2014-01-18',0,'','CUNDINAMARCA','COGUA','PUESTO CABECERA MUNICIPAL','COL. LAS VILLAS','Jul 11 1997 12:00AM','21','CRA 37 11B-29'),(224,'2014-01-18 17:44:00','2014-01-18 17:44:00',408,'MILENA NAVAS ','40331216','3138898563','','',138,'2014-01-18',0,'','META','VILLAVICENCIO','ESC. LAS PALMAS-CIUDAD PORFIA','MZ. 35 LOTE 15 Y 16 SECTOR LAS','May 20 2011 12:00AM','12','CLL 71 No 40-04'),(225,'2014-01-18 17:45:21','2014-01-18 17:45:21',408,'YADIR PALACIOS','86046915','3125623225','','',138,'2014-01-18',0,'','META','VILLAVICENCIO','ESCUELA NARCISO MATUS TORRES','CL 12 # 18B-21','May 21 2007 12:00AM','16','CLL 5 Nº 16A-01'),(226,'2014-01-18 17:46:08','2014-01-18 17:46:08',412,'YESICA LORENA','1123039008','3138951901','','',167,'2014-01-18',0,'','META','CABUYARO','PUESTO CABECERA MUNICIPAL','KRA 5A, VIA GUAYABAL','Jul 22 2013 12:00AM','9','ROSALES CENTRO'),(227,'2014-01-18 17:47:10','2014-01-18 17:47:10',669,'LUZ ELENA CRUZ VERA','21232103','3204105402','','',120,'2014-01-18',0,'','META','VILLAVICENCIO','COL. DPTAL LA ESPERANZA','KR 45 # 13B-25','Oct 28 2009 12:00AM','7','CRA 37 11B -23'),(228,'2014-01-18 17:48:19','2014-01-18 17:48:19',669,'MARIA NANY NIMICIKAD','21239585','3214398322','','',120,'2014-01-18',0,'','META','VILLAVICENCIO','ESCUELA NARCISO MATUS TORRES','CL 12 # 18B-21','Dec 13 2001 12:00AM','7','CRA 37 CALL 12A 05-47'),(229,'2014-01-18 17:49:15','2014-01-18 17:49:15',408,'DIDIER ALONSO GUTIERREZ','1121915591','3202497187','','',138,'2014-01-18',0,'','META','VILLAVICENCIO','ESC. LAS PALMAS-CIUDAD PORFIA','MZ. 35 LOTE 15 Y 16 SECTOR LAS','Nov 23 2012 12:00AM','23','CLL 71 SUR Nº 40-28'),(230,'2014-01-18 17:49:24','2014-01-18 17:49:24',669,'ONORIO TRUJILLO GAITAN','17322246','3144531676','','',120,'2014-01-18',0,'','META','VILLAVICENCIO','ESCUELA NARCISO MATUS TORRES','CL 12 # 18B-21','Mar 13 1988 12:00AM','4','CRA 37 CALL 12A 05-4'),(231,'2014-01-18 17:50:13','2014-01-18 17:50:13',669,'YENIFER RAMIREZ','1121824532','3144227408','','',120,'2014-01-18',0,'','META','VILLAVICENCIO','I.E. LA ALBORADA','KR 25 CL 48 BR.ALBORADA','Jan 19 2005  5:02PM','14','CRA 37 12A-23'),(232,'2014-01-18 17:50:23','2014-01-18 17:50:23',412,'GABRIELA BERNAR ZOTELO','40395789','3106875828','','',169,'2014-01-18',0,'','META','PUERTO GAITAN','PUESTO CABECERA MUNICIPAL','KR 10 Nº 33D-33 B MANACACIAS','May  7 2007 12:00AM','17','CLL 02 MZ 8 VILLA JULIANA'),(233,'2014-01-18 17:50:57','2014-01-18 17:50:57',669,'SANDRA PATRICIA RINCON','52195260','3125852981','','',120,'2014-01-18',0,'','META','VILLAVICENCIO','UNIDAD BASICA COL. SAN JOSE','CL 38 # 40','Jun 24 1997 12:00AM','3','CRA 37 12A-39'),(234,'2014-01-18 17:53:21','2014-01-18 17:53:21',669,'YOBANY GUTIERRES CASTAÑEDA','86049014','3125852981','','',120,'2014-01-18',0,'','META','VILLAVICENCIO','COL NTRA SRA DE LA SABIDURIA','CL 40 # 31-42 CTRO','Jun 29 1994 12:00AM','2','CRA 37 12A-39'),(235,'2014-01-18 17:54:00','2014-01-18 17:54:00',669,'LINA MARIA VALENCIA VANEGAS','1121882169','3102527169','','',120,'2014-01-18',0,'','CUNDINAMARCA','VENECIA','PUESTO CABECERA MUNICIPAL','PLAZA DE MERCADO','Mar 15 2011 12:00AM','9','CRA 37 12A-45'),(236,'2014-01-18 17:54:47','2014-01-18 17:54:47',669,'SOLANLLY LOZANO PEÑA','1121924649','3204553487','','',120,'2014-01-18',0,'','META','VILLAVICENCIO','COL. DPTAL LA ESPERANZA','KR 45 # 13B-25','Aug 28 2013 12:00AM','24','CRA 37 12A-27'),(237,'2014-01-18 17:55:33','2014-01-18 17:55:33',669,'ELIZABETH PEÑA REYES','40437993','3204553487','','',120,'2014-01-18',0,'','META','VILLAVICENCIO','ESCUELA FRANCISCO MIRANDA','CL 35 # 29-09','Jun 29 1994 12:00AM','15','CRA 37 12A-27'),(238,'2014-01-18 17:56:22','2014-01-18 17:56:22',669,'CARLOS HERNANDEZ','86058263','3118488151','','',120,'2014-01-18',0,'','META','VILLAVICENCIO','COL. GERMAN ARCINIEGAS','KR 47B # 7B-20','Oct 25 2009 12:00AM','15','CRA 37 CALL 12A 05'),(239,'2014-01-18 17:57:46','2014-01-18 17:57:46',408,'JORGE GUTIERREZ','6633737','3202497187','','',138,'2014-01-18',0,'','META','VILLAVICENCIO','ESC. LAS PALMAS-CIUDAD PORFIA','MZ. 35 LOTE 15 Y 16 SECTOR LAS','May 20 2011 12:00AM','3','CLL 71 SUR Nº 40-28'),(240,'2014-01-18 17:59:57','2014-01-18 17:59:57',408,'OLGA LUCIA ECHEVERY','1121821005','3103338864','','',138,'2014-01-18',0,'','META','VILLAVICENCIO','ESC. MARCO ANTONIO PINILLA','VIA CATAMA KM 8 BR.MARCO ANTON','Jan 19 2005  5:02PM','7','CLL 71 SUR 40-27'),(241,'2014-01-18 18:02:43','2014-01-18 18:02:43',408,'ANDREA ECHEVERY','40327102','3043934244','','',138,'2014-01-18',0,'','META','VILLAVICENCIO','COL DE BACHILLERATO FEMENINO','KR 33 # 18 a-43','Jan 11 2002 12:00AM','10','CLL 71 SUR 40-27'),(242,'2014-01-18 18:05:00','2014-01-18 18:05:00',408,'MARIA EUGENIA HERNANDEZ','41907196','3133674102','','',138,'2014-01-18',0,'','BOGOTA D.C.','BOGOTA. D.C.','PRADO CIUDAD JARDIN','CL 129 B # 58 B-45','Oct 29 2009 12:00AM','4','CLL 71 SUR 40-27'),(243,'2014-01-18 18:07:21','2014-01-18 18:07:21',669,'LEIDY SARMIENTO','1120868359','3212620852','','',120,'2014-01-18',0,'','META','PUERTO LOPEZ','PUESTO CABECERA MUNICIPAL','CL 7 KR 9-10 I.E.RAFAEL URIBE URIBE','Dec 13 2009 10:31PM','37','CRA 35 11B -28');
/*!40000 ALTER TABLE `personas_votante` ENABLE KEYS */;
UNLOCK TABLES;

--
-- Table structure for table `south_migrationhistory`
--

DROP TABLE IF EXISTS `south_migrationhistory`;
/*!40101 SET @saved_cs_client     = @@character_set_client */;
/*!40101 SET character_set_client = utf8 */;
CREATE TABLE `south_migrationhistory` (
  `id` int(11) NOT NULL AUTO_INCREMENT,
  `app_name` varchar(255) NOT NULL,
  `migration` varchar(255) NOT NULL,
  `applied` datetime NOT NULL,
  PRIMARY KEY (`id`)
) ENGINE=InnoDB AUTO_INCREMENT=3 DEFAULT CHARSET=latin1;
/*!40101 SET character_set_client = @saved_cs_client */;

--
-- Dumping data for table `south_migrationhistory`
--

LOCK TABLES `south_migrationhistory` WRITE;
/*!40000 ALTER TABLE `south_migrationhistory` DISABLE KEYS */;
INSERT INTO `south_migrationhistory` VALUES (1,'personas','0001_initial','2014-01-15 05:49:14'),(2,'personas','0002_migration','2014-01-15 05:56:57');
/*!40000 ALTER TABLE `south_migrationhistory` ENABLE KEYS */;
UNLOCK TABLES;
/*!40103 SET TIME_ZONE=@OLD_TIME_ZONE */;

/*!40101 SET SQL_MODE=@OLD_SQL_MODE */;
/*!40014 SET FOREIGN_KEY_CHECKS=@OLD_FOREIGN_KEY_CHECKS */;
/*!40014 SET UNIQUE_CHECKS=@OLD_UNIQUE_CHECKS */;
/*!40101 SET CHARACTER_SET_CLIENT=@OLD_CHARACTER_SET_CLIENT */;
/*!40101 SET CHARACTER_SET_RESULTS=@OLD_CHARACTER_SET_RESULTS */;
/*!40101 SET COLLATION_CONNECTION=@OLD_COLLATION_CONNECTION */;
/*!40111 SET SQL_NOTES=@OLD_SQL_NOTES */;

-- Dump completed on 2014-01-18 19:27:18
